transaction_amount,transaction_hour,distance_from_home_km,distance_from_last_txn_km,ratio_to_median_purchase,repeat_retailer,used_chip,used_pin,online_order,num_transactions_today,merchant_category,fraud
32.93600589932539,21,17.733903864389614,22.869566524740428,0.9736642010416948,1,0,1,0,1,retail,0
119.51225323850176,17,24.136955516244647,2.237834798225341,0.7223097598969248,0,1,1,1,5,restaurant,0
78.2311314255219,20,3.638369849527921,2.6244510113530284,1.0685920416640318,0,1,0,1,5,grocery,0
2.899120232919359,8,4.294843772019802,0.12864463674294052,1.696605112024503,1,1,1,0,5,grocery,0
68.85279430116553,18,12.695977741974458,6.973099320704666,1.0030315177608542,1,1,0,0,1,retail,0
22.74440713556428,17,2.5339967190106454,2.6195797564946313,1.605412799991508,1,1,1,0,3,entertainment,0
12.726550345186878,17,16.07241906631974,10.542927634134037,0.8415985067948994,0,1,1,1,2,travel,0
82.35169598718407,7,37.24736451277984,12.203701414238017,0.8308738440570583,1,1,0,0,4,grocery,0
50.76073086091899,16,19.61533916568699,19.371183879334385,1.1873395398501605,1,1,0,0,5,grocery,0
6.787900046424965,8,33.938042822329294,12.66381048702748,0.5476438200408695,1,1,0,0,5,grocery,0
39.30350358222247,9,10.024512515038266,3.74522198213303,1.3371587954081623,0,1,1,0,5,entertainment,0
260.3966792685338,6,12.726072985544729,1.082449955406575,0.8735284456615582,1,1,1,0,1,travel,0
28.289728625415744,15,6.732762738833456,16.76888359463905,0.7652572221708293,1,1,1,1,1,grocery,0
34.76857717655007,7,23.596664914882744,0.19466552651557167,1.2234266415990729,1,0,1,0,3,restaurant,0
14.078601685465467,18,0.9907375951084041,0.1,0.9075914919204927,0,1,1,1,1,online,0
21.293526165482355,9,1.4318524867753974,4.605840064640847,1.2774159026469443,1,1,0,0,1,online,0
54.27930341338878,7,6.526816448579865,9.344505015586401,1.216457929338694,1,0,1,0,1,travel,0
88.44792934135224,5,16.812847685386203,66.77986312987892,1.2936308806985393,0,0,0,0,3,online,1
59.93595720844859,22,8.103813707554368,0.9273201111101669,0.7745141109194422,1,1,1,0,1,retail,0
41.172593534939864,15,0.7723624848576928,5.199006803763801,0.915712507552065,1,1,1,1,4,grocery,0
114.23974839063614,22,5.0,168.6501370080311,4.842188655224804,0,1,0,1,6,online,1
9.767354184225383,21,11.749874498962443,4.707744268905653,0.9221601883119371,1,1,0,0,5,retail,0
233.13174381229484,11,5.606331882774972,5.396638650863842,1.054650808316289,1,0,1,1,5,restaurant,0
302.18693816720685,4,73.66553216170728,274.4370870898636,4.911392045220765,0,0,0,0,5,travel,1
108.26816913951427,19,1.1282169286457788,6.053701397063017,1.1627308655869257,0,1,0,1,5,entertainment,0
641.5141577225851,0,64.31607211349919,29.789678880380034,1.9532172844977262,0,0,0,1,4,retail,1
38.738973622793054,18,31.727923896180474,3.544806366117132,1.3686000242268137,1,0,1,0,3,retail,0
42.44794291080513,21,28.110129086985864,7.881430605745847,0.9871130335665681,1,1,0,1,4,travel,0
48.40487269849817,12,32.85271733285587,1.1402940135122228,1.185957575558293,1,0,1,0,1,grocery,0
85.64810167427203,22,0.4283184308479586,10.748973054700237,1.0848239466590957,1,1,1,1,5,entertainment,0
100.30794302214206,9,13.53956243744459,8.346877038442873,0.7309576668822888,1,0,1,1,3,grocery,0
9.458750108536908,12,7.076796302937046,3.9123329900983217,1.7568544688899128,0,1,0,0,3,grocery,0
91.79239687657855,11,15.953761058145465,7.568652206532108,1.3466116859831159,1,1,0,0,1,restaurant,0
149.1668795294638,17,22.569157931252796,6.444417132199711,1.4562459054736465,1,0,1,0,4,restaurant,0
159.74379498203766,12,9.975282737099336,1.255172788527072,0.7071630939265969,1,0,1,0,4,retail,0
113.74222420982247,17,20.20686731407066,5.6098690089935035,1.5845578127337439,0,0,0,0,4,restaurant,0
81.97382096863956,16,0.1,4.962493262255756,1.3710084549056276,0,1,0,1,2,grocery,0
38.90335456789549,6,2.1383559483309638,5.663708398316183,0.5479731103118104,1,1,1,1,5,grocery,0
98.87530208536957,13,2.3751256258973554,1.2028374221589286,0.7564065513651308,1,1,1,1,1,online,0
42.48467998589695,15,5.465998490743855,5.859870709484118,0.8669789415243534,1,1,1,0,3,restaurant,0
4.045294144956759,7,4.885420080204958,3.9072339800651967,0.9392977200890601,1,1,1,0,2,grocery,0
132.18652582503015,15,5.777631263133117,4.575330278255226,1.1238399632484168,1,1,1,0,2,retail,0
21.26282077601441,14,4.138912989886371,1.9237739244811758,1.1191016870935626,1,0,0,0,4,travel,0
1.4720675666160021,17,4.3771388103797095,4.211614428603135,0.9311070995869081,0,0,1,0,1,restaurant,0
106.03656160265157,4,200.18412134582874,18.63702049687362,3.6079857079006095,1,0,0,1,10,restaurant,1
46.40726740683186,18,22.68041383090234,2.009470419575864,1.1972031595881805,1,1,1,1,3,entertainment,0
17.773490719753447,14,0.561749680399649,11.74856031485604,1.0669402071979173,0,1,0,0,3,entertainment,0
97.70013710547909,22,20.53688714045201,1.4779670665340492,0.6768423901295124,1,1,1,0,4,entertainment,0
48.46621048695428,20,1.3052429421297775,1.6178010656088369,1.131798532646582,1,1,1,0,5,entertainment,0
214.77058748689728,17,6.241191942182725,8.972465951162715,1.02777682577828,1,1,0,0,2,travel,0
16.437363629160565,9,4.133326953990451,7.261992182252149,1.087434344824402,1,0,0,0,5,grocery,0
70.89883705981727,17,3.190531128221767,1.340769478797045,0.6939477729143824,0,1,1,0,2,grocery,0
83.63557911684606,18,22.1027509416585,2.747388794030898,1.3872015386726182,0,1,1,1,1,retail,0
216.98318745790218,22,2.4017701065187023,12.385104482918026,1.05171166768921,1,1,1,0,2,restaurant,0
111.20485104789392,16,9.40331397778822,13.389683058904138,0.6533897184422559,1,1,1,0,4,grocery,0
35.620384664680536,14,16.530328927755356,4.971100742177717,1.14032259518778,0,1,0,1,5,grocery,0
58.501325496475786,7,3.3171903201356763,2.747026907138583,0.9379896769532988,1,1,1,0,3,grocery,0
434.63222822439513,22,9.807462151607103,176.40183083365451,1.4299458325747425,1,0,0,1,11,online,1
53.49631870300978,15,6.579367251217198,0.5126888902458132,1.158017642990015,1,1,0,1,2,restaurant,0
64.3264722459922,9,20.95885030198668,5.501173846214033,0.7753211405192733,1,1,1,0,2,online,0
28.644193314259184,13,2.6982117998251476,1.008203349975593,1.1490103765603443,1,1,1,0,4,restaurant,0
25.71517718700037,8,19.343258875784606,10.498028529737693,0.5833761815769922,0,1,0,0,3,retail,0
62.840056659033976,22,0.31264512845244646,0.1,0.7493996444096647,1,0,1,0,1,grocery,0
112.69993180308667,18,1.5085276165735624,0.13802987478750367,0.8433878054839562,1,1,1,1,5,retail,0
82.5311201376071,7,2.8943421819693564,0.5425908956656776,0.8152365276904441,0,0,1,1,1,retail,0
220.06689426312462,8,24.2580609011917,0.7001568297749665,1.3545365569766412,0,1,0,1,4,travel,0
33.873082759517025,13,6.139706608880999,1.7201142091120871,1.0366636491728805,1,1,1,1,3,restaurant,0
88.02696714057375,1,315.18111342171915,114.97680590501558,3.921913369669891,0,0,0,1,14,entertainment,1
193.8373548047201,10,30.10837912254074,0.1129545921907059,0.4716142699901531,1,1,0,1,1,travel,0
55.05911599578957,21,0.276668732384976,4.794368292780183,0.481464088473354,1,1,1,1,3,travel,0
537.5651329219017,15,4.2506738318662505,2.795953551224342,0.6884615191639483,1,1,0,0,4,grocery,0
204.5975486276501,13,46.25218870714352,6.105802709840672,1.5725010451138486,1,1,1,1,2,retail,0
30.135694085253128,18,24.04362279839733,29.279453095248215,0.9408258963308251,1,1,1,0,2,grocery,0
13.151780082243945,18,7.751263299420412,0.1,1.0042469490870631,1,1,1,0,4,grocery,0
335.2247630945901,12,2.4650229364886966,5.415743182164576,1.6653922427888048,0,1,1,1,2,restaurant,0
3.2928674639207256,15,17.21656405180869,0.3756005904536686,1.3452185312942169,0,1,0,0,3,entertainment,0
220.95373180103752,22,2.3193310597084666,0.16902670386502844,0.8361532139573435,0,0,0,0,3,grocery,0
34.67334968605411,20,2.231567882060212,21.286819595220187,0.7991914204180813,1,1,1,0,4,grocery,0
5.793778517894759,9,15.429473676508664,2.2578538251370297,0.9644258079215414,1,1,1,0,3,retail,0
264.60439835746934,8,1.3336166809515615,3.15556553731698,1.1546819207546433,1,1,0,0,4,grocery,0
325.5785629893633,4,21.497623549362082,21.31304282400478,1.9855216544411154,0,0,0,0,12,online,1
15.425762291084173,14,9.882086197185542,6.940096216047533,1.0417891972377091,0,1,1,0,2,grocery,0
55.185502593288085,19,21.52823782520736,1.5910537152109319,1.2292723269737067,1,0,1,0,4,retail,0
63.99863683362397,15,1.3273700744904153,0.7450877725981953,0.9605198278680686,0,1,1,0,3,restaurant,0
58.387440771769725,9,13.666350150746148,0.8478191272527551,0.9376287671435797,1,1,1,1,5,entertainment,0
36.76611628425177,22,23.688865820781277,0.7975375555276982,1.367234169917932,1,1,0,0,2,retail,0
34.526724712030536,12,7.572975526581435,30.471742896365647,1.5531532396967127,1,0,1,0,3,grocery,0
189.23096809680595,12,5.396285138620661,3.0156302744228873,1.2383080485875109,1,1,1,0,2,grocery,0
184.37231763266553,0,49.76984159141318,7.811844248733384,5.146964941181199,0,0,0,1,7,travel,1
56.07641418949471,10,5.204210008203045,6.9544716577585,0.5498004669942249,0,1,1,1,2,grocery,0
26.23605234899172,12,2.7726280831649857,0.1726457931922343,1.0811875821809502,1,0,1,0,1,online,0
185.22056984462833,15,3.4145854961330437,1.288362802902208,1.3551256151503241,1,1,1,0,5,grocery,0
151.40175168531877,22,89.09215258170947,40.250742177109174,3.7723702028275716,0,0,0,1,9,travel,1
116.60202072891663,10,6.919391089145664,9.998213943001797,0.9334324370458777,1,0,1,0,4,retail,0
46.749953592318015,7,11.506874675678404,6.253453909837478,0.68868219763931,1,1,1,1,3,restaurant,0
49.88695786265908,18,3.71831467863454,2.253248830690789,0.9538896612884532,1,1,1,0,5,retail,0
97.08506672116317,1,22.2300880510426,21.976381984470432,2.5496574583668625,0,0,0,1,3,travel,1
155.44191549578198,9,14.61609157996236,1.223217695475414,1.0236584923522971,0,0,1,0,1,restaurant,0
40.02803920291164,9,7.616030405665239,3.6881093831121037,1.2070070432225712,1,1,1,0,2,grocery,0
46.728175540387284,14,3.608191519784235,2.0785789174403146,1.3698010605344397,1,1,0,0,4,retail,0
2.7286031886270345,13,8.41817030655847,3.708291457784871,0.14774723894129027,1,1,1,0,4,travel,0
156.11759794085123,7,10.328090225601747,3.7286922382136485,1.45393364616974,1,1,1,0,2,entertainment,0
29.416454986503147,16,18.411152667816857,1.9108518277570032,1.355893464475485,1,0,1,0,1,retail,0
298.63765117137467,7,10.422703069760315,2.777063921442287,1.215378888425061,0,1,0,0,3,retail,0
7.142219414759462,12,7.5083424153787535,16.62512853135267,1.321072634422748,1,1,1,0,3,restaurant,0
309.4593933275913,20,0.8637249445295192,4.790941785018031,1.2529268494638488,1,1,1,0,3,restaurant,0
15.625615809915669,7,21.374988560627358,2.1504679855857054,0.955410724004888,1,1,0,0,5,entertainment,0
28.90279247674286,22,11.647265102039535,0.7545127629638637,1.016412333109358,1,1,0,0,2,travel,0
61.30817206184958,5,112.51908304816409,17.702513108997326,2.454284909344863,0,0,0,1,14,entertainment,1
111.28141517824591,9,6.039530071141632,11.20273998979804,0.9803028318348717,1,1,1,0,5,grocery,0
6.7964723986738935,9,10.959950023449125,0.463431150295103,1.4932405850151578,1,1,1,0,1,travel,0
158.34964147816288,15,12.474119539222334,1.4937663359404345,1.126985481191376,0,1,1,1,2,grocery,0
13.36940883279112,12,19.45735818619059,1.200934721954673,0.6027166877694048,1,1,1,1,5,restaurant,0
132.65499757868898,7,2.5988310366481815,4.494894245918919,1.0645663971563293,1,1,1,0,2,grocery,0
102.86690918235549,10,5.312194156056069,3.1145804556452212,0.7026433804221616,0,0,1,0,5,online,0
18.004468088190873,15,1.1000542731245515,1.702439413166349,0.9111489515003086,1,1,1,0,2,online,0
47.83048588764366,11,0.1785029591950907,3.3231931906389116,1.273340757658768,0,1,1,0,4,retail,0
67.49708451089144,9,2.266110679182645,2.9215646141896405,0.6688823098326824,1,1,1,1,3,retail,0
227.40754444222728,20,12.349028840261642,2.5054561914719438,1.0280636263234881,1,1,0,1,1,restaurant,0
90.28047463853375,12,8.026577085846608,3.2048968363861894,0.8337507187753598,1,0,0,0,4,retail,0
66.73029370797553,9,5.577812422243666,1.4742018840025786,0.9504613958687862,0,0,1,0,5,grocery,0
3.3974478757147364,21,6.481855288629332,1.0647154284317502,1.1295568602275088,1,1,1,1,4,grocery,0
73.90831353747993,17,0.7141353608842265,4.652939131370661,1.2994262938119616,1,1,1,0,4,grocery,0
125.35270436497225,18,12.403165145041896,4.946242679493509,1.0439739029605288,1,1,1,0,5,retail,0
19.356822159403997,20,13.572571817640707,4.448037005662422,1.1709023737655737,0,1,1,0,3,grocery,0
169.56418761718535,18,12.688304811195154,4.791421843099074,1.4166243136145773,0,1,0,0,1,restaurant,0
68.77438388085324,16,0.1,0.1,0.7661403959746145,0,0,1,1,2,entertainment,0
21.25619996989229,6,22.50184967516718,3.198421221114731,0.9075392095735255,1,1,1,0,5,restaurant,0
126.42501278084882,3,126.20594864529211,1.0,4.349570353204449,0,0,0,0,12,travel,1
43.54057141548401,20,2.3842226730552407,6.238069488239917,1.0199919406174194,0,1,1,0,2,grocery,0
242.42988330520052,11,6.767756289604906,2.487056382140311,0.9348693678659937,1,0,1,0,3,grocery,0
5.165325625865176,18,1.3342162108068742,3.144514242277243,0.5512496838673014,1,1,0,0,1,grocery,0
76.03232156730982,13,25.358621529110717,5.195586908421638,0.9831453077870008,0,1,1,0,2,retail,0
55.913185728107344,20,13.039500530673855,0.15067347747194923,0.5908746585084603,0,1,1,0,5,retail,0
13.279000831956369,9,10.304610598282352,0.6131102658290299,1.140981669944762,1,1,1,0,1,online,0
140.66172903493418,4,202.12786043524446,6.637726129216176,4.459697931836253,0,0,0,0,3,travel,1
59.17430710218136,20,27.23808914549437,14.21491535364543,1.3453067134603223,1,1,1,0,3,entertainment,0
21.241042992156395,17,38.84487704001423,0.2660447375991269,0.6790667399217793,1,0,1,0,3,grocery,0
249.02389800033643,11,6.761998877523027,6.667594751025517,0.939660285966079,0,1,0,0,5,restaurant,0
4.76201486011394,22,1.6107124400663322,1.3850048393550987,1.2894947562389834,1,1,1,1,2,restaurant,0
62.00799215729376,17,5.27598379768639,4.617676918086612,0.9735805636476456,0,1,0,0,3,entertainment,0
19.80723665158377,22,11.29130157961992,0.7088503346634613,0.6756795404636782,1,1,0,0,4,retail,0
103.91040274980755,8,13.201856951907114,8.572828962590076,1.2277832070994332,0,1,1,1,4,restaurant,0
237.89502348055447,12,5.211655855831133,8.43749723695418,0.7375056833954765,1,1,1,1,3,restaurant,0
40.08106690282461,17,0.3808164867776328,8.731482889907893,0.8411680040760856,1,1,1,0,1,grocery,0
214.5256018291923,15,2.157086937906523,12.196250833720867,1.8307343489943277,0,1,1,0,5,entertainment,0
29.623616584470657,22,1.6322538300976723,7.510772648244126,0.389991033008495,0,1,0,1,3,retail,0
35.03354652752932,7,18.538123070184845,19.13042022050104,0.7177083032440987,0,1,1,0,5,online,0
37.09485204378376,14,0.5193649146515821,0.5500681369867181,0.9391454846188698,1,1,1,1,5,retail,0
3.1789605289774245,19,9.944499952164378,5.3731562531999275,0.8955992138357477,1,1,0,0,4,grocery,0
262.3284141326946,21,3.8473888751188223,4.118186797505319,1.0051767465732444,1,1,1,0,4,grocery,0
161.14966613190694,20,36.73916629893772,2.544267763380276,1.1176247925715104,0,1,1,0,1,entertainment,0
138.77842783037292,14,3.5977997865684967,6.778290092086668,1.1684416706333904,1,0,1,0,3,retail,0
66.60603436810506,10,3.541975766856314,6.926450975862481,0.8447628414758772,1,1,1,1,3,travel,0
29.096324300570537,7,3.321089352334198,3.437843870935745,0.6457590755058648,1,0,0,0,2,grocery,0
1.0,7,35.99726007558791,0.8720825725767444,0.8410828280935007,1,1,1,0,5,travel,0
179.49512989470063,11,23.661708365085993,0.1,1.377999582362944,1,1,1,0,2,entertainment,0
14.956900158193314,12,0.8511314020370784,10.47599679181867,1.2790895065228736,0,1,0,0,4,grocery,0
253.55176036815323,9,8.98709544181396,11.384424552087594,0.9164028398565889,1,1,1,0,4,retail,0
257.0931948230018,9,5.427863474731014,11.688123885425412,1.3035046488156439,0,1,1,0,5,restaurant,0
3.8051079805126835,9,9.158938634946152,1.5612426059418951,1.0511449507588726,0,1,0,1,4,grocery,0
10.732793713593159,8,18.17690188116297,5.065653605211244,0.9345349590808565,0,1,1,0,1,online,0
31.673913658157858,14,9.749800953419628,14.659944409676937,0.5639114374382259,1,1,1,0,3,grocery,0
167.7762133835466,18,2.583805375088191,3.1489396345668847,0.9848993094815629,1,1,1,0,3,retail,0
23.93944725986962,7,1.0324538328489206,3.551660308175611,1.402608178236043,1,0,1,1,5,restaurant,0
42.26255799061381,22,19.14823998659145,5.170149189009297,1.3596119271356344,1,1,1,0,4,restaurant,0
316.15796534266195,1,149.58395386261574,43.311871374320596,3.207653530180423,0,1,0,1,11,entertainment,1
1.0,11,0.8541019120279201,11.59408338591098,0.8813820376658691,1,1,1,1,4,online,0
55.11156773238227,9,0.1,5.994742660213932,1.4459413962174916,1,1,1,0,3,online,0
186.5569889752943,7,8.887361047288715,9.069671460080137,1.1177768740022465,1,1,1,0,1,retail,0
71.37287037787713,20,4.707256819546025,0.1,0.904974677504411,1,1,0,1,5,retail,0
459.0534652254662,23,68.63233548566868,8.854831645192192,3.8927016809346187,0,0,0,1,13,entertainment,1
183.89739804807567,18,9.911214728203158,4.2509048358152,1.138619203390249,1,1,1,0,4,restaurant,0
63.97761681370774,20,5.609664899972861,2.0110464164642523,0.7320599123384579,0,1,0,0,5,online,0
39.30405537791258,10,9.046357948944294,10.54985344052527,1.0546536216232332,1,1,0,0,5,grocery,0
103.59684503333474,9,0.1562129628165113,1.9180613853664774,0.4226932211805434,0,0,1,1,5,online,0
92.92909157279907,18,15.391893070215698,6.486103136648545,0.5949349818159411,1,1,1,0,4,online,0
86.66424382732205,10,3.7785746451493414,1.0865203004922146,0.5672167628901907,1,1,1,1,1,retail,0
78.61194728515811,16,13.14123984566031,6.1182635145185005,0.850549124444999,1,1,1,0,2,grocery,0
41.71483419834142,15,1.511512094391777,11.627550646294964,0.7617510345747686,1,1,1,0,5,restaurant,0
74.3301454933967,7,2.307062917812933,3.1537895200232184,1.3186958755326215,1,0,1,0,5,travel,0
7.775999659088799,18,6.654965755636643,6.851540880633987,0.4039149353239927,0,1,1,0,3,retail,0
23.262709632701434,11,17.624084976897628,0.8340866838364448,0.7711503176777597,0,0,1,0,5,grocery,0
62.173890535343624,9,16.8476983123951,0.9762241438741825,1.1479825854513726,1,1,1,1,1,restaurant,0
49.34365425575951,10,17.095757327466423,0.9843873053704766,1.5468545352762262,1,1,1,0,3,grocery,0
137.98855622682402,8,28.003709928670233,3.1309403204113306,1.1071803314983137,0,1,1,0,3,restaurant,0
18.79192249452266,6,11.743303523519433,0.1375406396311747,1.1216721996372498,1,1,0,0,1,grocery,0
51.31042977012481,16,18.099837010553316,0.2903890516339531,0.655819947210819,1,1,1,0,2,grocery,0
315.97526330685463,17,1.1267932597639425,3.9789183128626737,1.2283414235013295,1,1,0,0,3,travel,0
42.46062508043022,10,5.514958719663293,9.816027977320719,1.1337464733629459,0,1,1,0,5,retail,0
61.84178457745891,13,52.77376817664738,2.1825624903286496,0.7440342072825268,1,0,0,1,2,retail,0
56.41076467278541,17,8.523909759313034,1.2518983771779242,1.5615073741720709,0,1,1,0,3,retail,0
225.74763228683156,8,11.046195657149823,0.1428853696938392,0.42390202338373373,1,1,1,0,2,retail,0
29.015294090733615,17,2.9097990101066307,5.230428205702551,1.1845766380208416,0,1,1,0,1,grocery,0
30.124810105324077,16,11.80372606553306,5.609216752981901,1.434447092045636,1,1,0,0,3,retail,0
58.94736741566392,18,5.833342312725729,23.941590140549675,0.7197386804726594,0,1,0,0,3,restaurant,0
127.78458320255695,20,1.3095108966480893,1.3540082908604325,0.7800604225825523,1,1,0,0,3,restaurant,0
46.94737033823171,13,15.797224527728828,15.717538574595695,1.0073934766582309,0,0,1,1,3,restaurant,0
87.17327384741426,7,29.224127426117263,2.5916279348658744,1.1362764980761642,1,1,0,0,3,retail,0
1.0,13,14.041611423482582,3.7362468281021477,1.1577069351740334,1,0,0,0,5,grocery,0
39.180353947222784,13,57.22419290090827,0.48987325394725695,1.444139489905296,0,1,1,0,1,entertainment,0
216.3803165774297,12,5.158923287691456,4.071142861326265,1.4194859919782505,1,1,1,0,4,travel,0
8.178255787945831,17,36.233568985611996,4.590072231327756,1.1184135927411898,1,1,1,0,2,retail,0
19.334738537295927,15,8.248365561148585,10.926468710812197,1.6079368393268725,1,1,1,0,3,grocery,0
134.45319131257833,1,367.55436589402797,1.0,2.8815011209418073,0,0,0,1,8,online,1
26.387418071900676,14,4.372974404246556,3.108543953125973,1.051042596429586,1,1,1,0,2,retail,0
127.19770003011507,16,17.169861137709866,0.4488704299180643,1.3364119452831131,1,1,1,0,4,restaurant,0
349.1420374576134,12,28.29482872328309,1.056256868190199,1.278891154906555,0,1,1,0,1,grocery,0
15.856352016680882,12,8.196513452171052,3.7482531747519348,0.9360006540628654,0,1,1,0,4,restaurant,0
6.536413486693592,21,3.4115279950972246,1.2002688528000434,0.7125841870556957,1,1,1,1,2,restaurant,0
74.86901821293918,8,1.4429726740719078,3.724930632062935,0.988243893774695,1,1,0,0,3,grocery,0
72.65052669617303,16,5.9117876597331644,4.905455615565192,1.0252154043139832,1,0,1,0,3,entertainment,0
41.495973337458395,21,1.0945811086955555,2.0284559815920495,1.1847823012844614,0,1,1,0,4,grocery,0
309.40105791305547,3,198.60057141911116,55.80092312173763,3.363286539178524,0,0,0,1,3,retail,1
219.1564458057019,19,3.968301442096833,4.431780104056767,0.8359949917122819,1,1,0,0,1,restaurant,0
75.23202565605631,20,0.1,5.60385717127843,1.0107060096752587,1,0,1,0,1,travel,0
6.6760421684965845,10,3.725063186104563,5.400113262986391,1.1819116834706946,1,1,1,0,2,travel,0
139.84462473167343,9,0.9580821484295303,6.970943868653043,0.6649651712632196,1,1,1,0,3,grocery,0
22.901954403297342,7,21.41766948635056,3.294057181394001,1.2445849232929203,1,1,1,0,2,entertainment,0
62.90566213170318,12,16.331968593550872,10.388069366881503,1.3746135156421082,1,1,1,1,4,retail,0
46.31519342629011,9,0.9992398684470971,32.499215179271,0.7499829433351808,1,1,1,1,5,retail,0
152.59365343076493,17,9.683395997631434,4.4937656897367235,1.1731570399937477,0,1,1,0,2,grocery,0
23.55905156258684,7,15.115100895921543,13.033856881931987,0.739487265890518,1,0,1,0,3,travel,0
2.645353067998857,20,4.093545847611837,3.6051119922752117,1.0719573602657586,1,0,1,0,2,restaurant,0
71.58757746566737,0,60.61456949117523,4.361143482016231,5.327913279500688,0,0,0,0,11,travel,1
77.23275042591703,22,39.45279501190518,8.770069014273282,1.72335977987606,1,1,1,0,1,grocery,0
101.91384041176954,12,11.898415492688914,1.617077739658259,1.345502736149232,1,1,1,0,1,online,0
41.23831925179765,19,9.93714871072856,20.110512092832465,1.0156838254726246,1,1,1,0,5,retail,0
98.31508301249742,19,4.216153870112497,1.800403820207738,0.724688698543257,1,1,1,0,1,retail,0
56.175506116013125,17,3.4917779758554532,3.923136419373416,0.8005326357552637,1,1,1,0,4,retail,0
14.548936403941786,10,9.94897920601922,0.7897293598594113,1.0923988232892545,0,1,1,0,5,grocery,0
27.761822299695762,16,2.611954163995503,6.3991126036740855,0.9704751734215549,0,0,1,0,5,retail,0
67.4241269600991,11,20.30708000866282,8.931497671926053,1.1509803720262943,1,1,0,0,1,retail,0
7.518565843600084,6,4.303823668522184,1.6186078149024141,1.0412246044499862,1,1,1,0,1,grocery,0
5.90513048351373,15,13.071874508762438,4.827972407053856,1.0422333188657582,1,1,0,0,2,grocery,0
107.31976987227667,17,9.411643191607629,6.181793129519452,1.0508640876036124,1,1,1,1,4,grocery,0
20.269420317571445,15,4.704806636055274,2.944621837137962,1.1892337810756368,1,1,1,0,2,entertainment,0
54.31817753871936,13,13.65514537129706,13.88003548338757,1.4155787808361513,1,1,1,0,4,grocery,0
83.4208652762053,6,8.408346100126,5.3096403766857625,1.0731541325463203,1,1,0,0,1,grocery,0
33.51632524788186,19,10.87975169090008,17.90958486022876,1.1581743934033806,1,1,1,0,2,grocery,0
154.24409772071408,16,4.793849044172242,2.2725205848340386,1.6361056160430354,1,1,1,0,1,restaurant,0
42.37234448731062,22,4.552340862169429,6.919526722655695,0.9741998331127609,1,0,1,0,1,retail,0
159.08236573265782,21,1.6097235236696348,1.402271617904691,0.6399252006489711,1,1,1,0,3,grocery,0
9.234090634483067,13,15.95567412652251,0.7062316524975293,0.9311455788818003,1,1,1,0,1,grocery,0
54.225675404283926,17,2.3167530135556986,0.8792507928195501,1.3120511249279592,0,1,1,0,5,retail,0
115.8138503029505,14,89.59101412028268,4.288294093311771,1.4522932023375177,1,1,0,0,5,grocery,0
102.65259599037962,15,3.5484117934838544,3.6662529562071526,1.3108710843626483,1,1,1,0,3,restaurant,0
98.10561795600609,22,0.534322613470598,2.107310064066105,0.5008403929863483,1,1,1,0,2,grocery,0
32.52325078262672,22,22.173541215234142,0.1,0.5020824340083399,1,1,1,0,3,grocery,0
37.86362644461428,15,14.649456086955928,0.7645002882271708,1.1398797151932736,1,1,0,0,2,travel,0
38.3909858949833,22,9.012643279057576,7.9246241252235405,1.1800854953098505,1,1,1,0,2,retail,0
114.43142024614913,18,7.235813465599118,5.788030121065015,0.9913597540900355,1,1,1,1,5,retail,0
327.24498654183105,0,6.883881367640436,40.619642206805814,2.4688009498889762,0,1,0,0,13,online,1
69.70325507263354,17,0.5731866917906923,13.418500267487516,0.7090201475918895,1,0,1,0,1,retail,0
20.356022380228428,14,19.270323273676553,1.6171631679539433,1.4785361255800045,1,0,1,1,3,retail,0
15.55305146250064,13,6.986046634751459,2.056375583068551,0.911847741444893,1,1,0,0,3,restaurant,0
49.16522197091348,9,0.10780706442899585,1.595106105337221,0.6710539298441547,1,1,0,0,3,retail,0
112.08229604162642,5,45.800255765783106,72.23272281005589,6.136529280742268,0,0,0,1,7,online,1
219.83137439028383,11,5.107858730346316,8.589100446632521,1.0256517357460306,1,1,1,0,3,restaurant,0
31.477858123370876,17,27.165709695219824,11.58695385596978,1.2493549128590205,1,1,1,0,2,entertainment,0
46.98535261091217,17,59.455332562422214,3.2059915181203387,1.2806273838468845,1,0,1,0,4,online,0
235.6457266765335,13,26.138466062258665,0.9856362936366578,1.304342412904946,1,0,0,0,3,travel,0
94.81102489621796,22,54.747246727863086,22.70293663386741,2.4760134264986844,0,0,0,0,14,travel,1
1.0,10,3.447257260706231,7.8352577879436485,0.47091091091849724,1,1,1,0,1,retail,0
85.94132555079008,10,21.367522969931024,6.312024195291097,0.8277288499476945,1,1,0,1,5,grocery,0
121.66366181229021,11,21.278653988731058,2.149066549708662,1.5040398992520876,1,1,1,0,2,retail,0
143.31097845859907,16,19.625000325514435,0.21529356335249122,1.552406177817999,0,1,1,0,3,restaurant,0
150.95866910691208,19,0.23215843726419444,1.9035260244943508,0.848486447594979,1,1,0,0,2,grocery,0
4.123930153885491,10,8.679477231508017,0.2199380370043763,1.2210285669618899,0,1,0,0,3,retail,0
121.3215436633959,13,1.8668576722413586,1.0119634061220892,0.8476922726343019,1,1,1,1,5,restaurant,0
5.753550755924901,20,6.582699995159452,2.1308228642423312,0.932636229646203,1,0,1,0,5,retail,0
1042.2624823791866,1,267.9407276432796,25.363002440562838,4.855006857387874,0,0,0,0,6,online,1
96.32291207226793,22,129.65706386879495,24.167442943307723,4.802827207720912,0,1,0,1,14,travel,1
174.8290282336208,17,5.203405819195275,6.325707439135458,1.1252084082617222,0,1,1,0,1,retail,0
1.4620944325197787,19,14.18046386177619,0.6922681272108995,1.0181894127461415,1,1,0,0,1,restaurant,0
159.48437587877982,16,2.902723742675465,6.7106402075564455,0.7423878591804096,1,1,1,0,2,grocery,0
283.8457212696005,13,2.2559339270870646,0.9680767040209213,1.1120832265007865,0,1,1,0,4,retail,0
8.794980003252434,19,2.58069045755387,8.30996166377777,0.3757558068958491,1,1,0,0,4,retail,0
16.05270561893693,9,4.363646638760136,5.208284334197466,0.9003333419943539,1,0,1,1,1,grocery,0
27.498086252406996,10,4.258753162198373,26.56534402332938,0.961372947079727,1,0,1,1,2,retail,0
112.13334122513233,13,0.20842332256152113,7.231277904521899,0.7634220676045675,1,1,1,1,5,grocery,0
174.58015299212119,6,0.1,2.407515208994532,1.0221039427794831,1,1,1,0,5,entertainment,0
58.54062380243607,6,28.640988554324018,1.5302100349415446,1.0944407283614153,1,0,0,1,3,retail,0
76.89936735142929,4,17.540504445718952,118.86515939954964,4.411658014182905,0,1,0,0,9,online,1
87.45184390853666,5,5.633588750519794,58.46523710436075,0.8453092614517086,0,0,0,1,12,online,1
7.234031014674647,22,8.632349300975891,1.9534338794701611,0.8422267178961442,1,0,1,1,3,travel,0
129.81819115343933,15,19.703735252593034,8.779076536828477,0.8026801602374887,1,1,1,1,2,entertainment,0
152.9862025291261,13,2.1417196142411346,6.92654288233764,0.5789208101258176,0,1,0,1,4,grocery,0
230.16712287139967,13,3.3428413510837314,3.8939518025392235,0.8839568497413591,0,1,1,1,3,grocery,0
104.34951503164064,6,7.407509513214523,1.7850346336084923,1.1266619693387439,1,1,1,1,5,grocery,0
134.068002869186,8,1.5681720733099282,3.6599464913072968,1.0454823731114589,1,1,1,1,1,restaurant,0
22.14090123531436,21,5.070526791209476,10.173350693876369,0.5992659188283065,0,1,0,0,2,restaurant,0
226.3710508850458,17,19.1213086265022,3.404364500000697,1.0703888160040056,1,1,1,0,3,entertainment,0
35.4282236949245,20,9.086981194982393,8.66471127078,1.346453230306047,0,1,1,1,4,retail,0
43.62444799443886,8,15.58279963753482,4.8611390712888065,1.3761849764411114,1,1,0,0,2,grocery,0
32.52982048431177,19,3.6835200999841815,1.3033699526459959,1.014150910113052,1,1,1,0,2,retail,0
46.14279210517287,16,1.697271969087465,12.270770638410122,0.16042269823159738,0,1,1,0,2,entertainment,0
37.25633940681494,14,34.00697407133627,1.641932595353537,1.0348666869439789,1,1,0,1,1,grocery,0
73.9959676254765,15,8.62327083452763,1.7785207133029277,1.6162921348009096,1,1,1,0,2,travel,0
90.68673963024146,7,9.608528381572903,8.269357003530317,1.1000041017898896,0,1,1,0,5,restaurant,0
10.874981727865897,16,2.5201365664874325,13.453467146374313,1.3153217285332117,1,0,1,0,2,retail,0
70.42648109087372,7,32.11374047470037,7.3178419655905715,0.5940832206853156,1,1,1,1,1,grocery,0
124.9018826559334,11,6.0061944066119946,1.6065645491755387,1.1227632249251285,1,0,1,0,5,grocery,0
5.569952580584088,13,3.314411622717085,1.5152022805343757,0.8983542887232736,0,1,1,0,1,grocery,0
20.784412553391522,6,5.121806152119955,4.504857107187924,1.3920892640896423,1,1,0,0,3,grocery,0
4.695322257625561,18,0.9398642110577536,2.4754779759736065,0.3921289677789751,0,1,1,0,3,grocery,0
22.794330534451248,15,6.112852534990453,4.44123990497072,1.0006714585553607,0,1,0,0,1,grocery,0
131.6495802641591,21,9.510395580993434,1.91894750275142,0.9767988294950727,1,1,1,0,4,retail,0
228.80074651951105,12,10.411900143694353,1.53258221817167,1.024634461240179,1,1,1,0,3,retail,0
81.53408883361321,13,8.909369366104979,7.004928371555405,1.369649057233184,1,1,0,0,1,grocery,0
340.92728370870725,2,22.37909407851329,30.536929046229634,5.199632408621594,0,1,0,1,5,online,1
82.81856481909733,14,2.3650306668588437,22.814535692559467,1.073416198711274,1,1,1,0,5,restaurant,0
55.12863635226939,19,30.288181396118755,5.523059102723684,0.8628064155353663,1,1,1,0,3,restaurant,0
25.431005003696086,20,2.630802619087972,5.6114553565887615,0.34761210453081737,1,1,1,0,4,grocery,0
53.01300517348915,6,6.033503780744647,8.395348919586361,0.19994807027606243,0,1,1,0,3,restaurant,0
55.944907244883424,9,1.6042595635787524,7.142358765282095,1.1163692098159719,1,1,1,0,4,entertainment,0
57.359207217404624,8,0.604073017090893,2.636678996843194,1.342759999146769,1,1,0,0,5,grocery,0
70.48437719570884,7,6.972990020950709,8.156634682254927,1.3749316985055016,1,1,1,0,1,grocery,0
24.02888050107626,21,3.099410928646282,21.20321449306266,1.6594975241309062,0,1,1,0,5,grocery,0
126.8226726514426,17,9.441997105928209,1.751940855436798,1.0983772061357067,0,0,1,0,3,entertainment,0
18.929379727151275,18,22.32583439355563,9.965086887812014,1.2206337081280925,1,1,1,0,1,restaurant,0
55.153123559009316,8,1.0041680650300024,4.390526288284123,0.8206991221733066,1,0,0,0,5,grocery,0
42.36361686424032,22,15.147363232157002,2.08512626996661,0.697479378019185,0,1,1,0,3,travel,0
44.20028774536103,7,0.11264320301429474,12.587633410126069,0.9126538055488546,1,0,1,0,5,retail,0
24.989375385720976,15,0.6958937252396696,2.31770739100371,0.8034874224240743,1,1,1,0,2,restaurant,0
17.576224813410157,10,0.2787834657481309,0.9419875944588032,1.0773062435118448,1,1,1,0,4,entertainment,0
25.391345145946495,16,25.104034731081327,3.4772788446158835,1.226341755321125,0,1,1,0,1,retail,0
10.50461778757326,17,7.466399971575266,12.314277423712808,0.9203018358602637,0,1,0,0,2,restaurant,0
44.32043391786054,15,12.915630808449496,4.513562533785089,1.0064877595972441,1,0,0,1,2,grocery,0
4.5030033334425585,8,14.608778158700401,5.237974939784903,1.352914458004139,1,1,0,0,1,grocery,0
2.9464294441242496,20,28.735010073638634,4.340287225986433,0.6647491179074092,1,0,1,1,2,grocery,0
33.57294352018674,19,1.2824795946258292,1.9973003493538481,0.9227490888302123,0,1,0,0,5,travel,0
86.7386981572185,13,1.1012491164623948,2.938906232176958,0.9290053285087415,1,1,1,0,5,restaurant,0
84.94570078640253,17,3.9671805543056875,2.776155746264952,0.8077457300837555,1,1,1,1,3,retail,0
205.42777276371356,13,5.44928095554842,1.6669403347740406,1.2825771288083179,1,1,0,1,3,travel,0
29.98688330335565,18,30.552193164620043,1.3715701341302626,0.7082118750064053,0,1,0,1,2,retail,0
111.69734209697154,9,1.655453004983511,8.895068898347493,1.382622980583562,1,1,1,1,1,grocery,0
59.94539130021497,7,7.727088085063492,4.777658227076267,1.1758165812608512,1,1,1,0,3,entertainment,0
233.779058829693,10,4.64917183858745,2.192877049098231,0.9555315227270014,0,0,1,0,4,grocery,0
108.24922851921663,11,9.890080245682709,11.519888741933963,0.8628146030200914,1,1,1,0,3,restaurant,0
23.970038257170746,12,3.663874157390095,1.4412370801566934,0.596946006755908,1,1,1,0,3,grocery,0
7.158934197015077,9,3.5221042622097736,1.5285169676863868,0.6518784191259316,1,1,1,0,5,grocery,0
5.59987725181866,9,4.305543068876726,5.979707524609528,1.3126994160286427,1,1,0,0,5,restaurant,0
141.5891017042753,11,29.607406344768275,2.443349169244891,1.0876455786523571,0,1,1,0,3,restaurant,0
91.52073168397548,6,10.134472400441318,4.792827719145043,0.8049502783215954,1,1,1,0,4,retail,0
5.600547710195309,17,1.541866036968245,1.012558314168398,0.6692157472636333,1,1,1,0,3,entertainment,0
136.68289968835023,7,4.166363078207071,3.3433242680015205,1.580409710693084,1,1,1,0,1,retail,0
117.71743626092163,9,9.352871827649889,5.848957113001811,1.1487262711239794,1,1,1,0,5,grocery,0
51.3618525020139,22,2.0641756721330298,8.696146326756429,1.2463692981271364,1,1,1,0,5,restaurant,0
13.682416398805346,10,15.960980063832066,5.8729983186540835,0.5635402848887915,1,1,1,1,5,grocery,0
217.05978196140182,18,29.242849315965657,2.61499508376255,1.1537338510394286,1,1,1,0,1,retail,0
132.4484503805119,12,13.29329403956242,11.901760669737968,0.6576158179975018,0,1,1,0,4,restaurant,0
111.10051168043398,6,6.2946482462686415,5.260627340464138,0.9502785145631552,1,0,1,0,4,retail,0
3.4052895533083483,12,3.945220798484898,4.264452886295266,0.80738225138979,1,1,1,0,3,retail,0
108.79803338762991,12,1.2687958241461716,0.92344924111405,1.1653889450062127,1,0,0,0,4,travel,0
33.098754281757266,21,2.1726977453614045,2.729419176172195,0.8761153711735499,1,1,1,0,1,grocery,0
167.7286840291133,11,3.9129379896019207,2.223324241554338,0.8395621745858374,0,0,0,0,4,travel,0
13.645293542712086,10,0.264294889390318,19.658885340752327,0.8194183186458743,1,1,1,0,4,retail,0
83.77589738143597,12,0.993502647973691,1.4881733628805711,0.6235111432328165,1,1,1,0,1,online,0
168.94322966039533,8,19.87963868338441,8.740520019514044,1.228123150567782,0,1,1,0,3,online,0
1.8144938626038332,8,11.701792295024829,5.726611449297877,0.33398154958458226,1,1,0,0,4,retail,0
247.49646787100733,10,3.950805230199532,2.988069825926922,0.8313156396984107,1,1,1,0,1,grocery,0
110.57244330437325,16,43.98090389576993,6.758765391541186,0.7461198934398341,1,0,0,0,2,grocery,0
14.186569865111132,9,19.937230865525137,2.241313669162578,0.9032749036952021,0,1,1,0,4,restaurant,0
4.044074464979008,8,1.5487259516869445,17.573530335746177,1.0004800870296073,1,1,1,0,2,travel,0
23.004083457520448,8,17.813329290448756,1.1096295861142984,1.0975384886438149,1,1,0,1,4,grocery,0
53.12678562062547,8,3.187171809993663,4.173511699230942,1.723615788365131,1,1,0,0,1,retail,0
101.56959394638179,3,87.17453941615233,38.44174336799462,6.13295313447831,0,0,0,1,6,online,1
38.451716990690656,16,1.135554371213118,3.8586969774508724,1.09709825331703,1,1,1,0,1,entertainment,0
24.1054677240551,8,4.604965750530289,2.4662453459819966,1.7230759555699855,1,0,1,0,4,grocery,0
8.597230619503481,10,9.13972197591324,1.1676438862279988,1.16752068494127,1,1,1,0,2,travel,0
26.978814169821824,15,2.4173213140391385,3.3981271562456516,1.0302855884168436,1,1,1,1,2,travel,0
131.47826949834968,13,9.392169641478429,3.675738889938318,1.3281430962136875,0,1,1,0,5,retail,0
249.25410822026234,17,3.7601881639902985,0.7216972455625438,0.7332722123439785,1,0,1,1,1,retail,0
20.952482418031572,9,29.785242429747388,2.2757677668201466,0.8528115104212142,1,1,1,1,5,restaurant,0
28.960714595303468,17,8.048987858742127,0.10797329192036735,0.9342296636789337,1,1,1,1,1,restaurant,0
65.88784752132251,20,5.908216828677864,19.439393469999352,1.5061136577608534,0,1,1,0,3,retail,0
25.949070375408677,12,0.41072465063111196,1.7585247999504783,1.5998990803403088,1,0,1,0,5,grocery,0
164.53548180325572,18,11.107489346983943,2.8742877573710306,0.42298914066430326,1,1,1,1,2,grocery,0
8.048816901024077,11,3.2481631667134305,1.8830487462141112,1.0597607777891282,1,0,1,0,3,travel,0
65.96888123184418,16,7.299063653372081,4.400910055771857,0.9484998655046266,1,1,1,1,5,grocery,0
318.859699176962,20,10.59578903415342,5.0632670707853356,0.7724448854252295,1,1,1,0,2,restaurant,0
53.69486167835801,13,27.114907871772466,0.44796442101737466,0.7849818448361436,1,0,1,1,5,retail,0
98.69016219253334,19,13.616512102518136,10.047958326907265,0.7365335256734726,1,1,1,0,1,online,0
10.699499929307073,8,18.274248476648708,2.3149526187447487,1.8209334298403255,1,1,1,0,3,restaurant,0
187.56734018246135,14,3.8529255104820863,0.7045807616991361,0.7303963715095807,1,1,0,0,3,restaurant,0
45.99808314622538,7,9.401986582607387,4.5662657372582895,0.3423521279362818,1,1,0,0,1,restaurant,0
10.103470608645356,10,18.033075861078906,15.766096944857374,1.3503088934533674,1,1,1,0,3,grocery,0
14.895482486699143,10,5.6172396886043305,0.13480209171827506,1.0217926825022343,0,1,1,0,2,retail,0
82.79361097781134,6,6.053076450295606,2.5625088258939623,0.9842292964157774,1,1,0,0,5,retail,0
41.71943950779309,8,5.208110734074582,1.455571305418566,1.0808269049069952,0,0,1,1,5,grocery,0
86.99153634893347,9,17.3783558877894,3.7199706218426005,1.3975630337514628,1,0,0,0,3,grocery,0
331.3668301160939,11,3.4455867767033816,0.44379390553764947,1.0385684786852918,1,1,1,0,2,entertainment,0
76.63164385207975,15,4.322506461081132,11.974271882515417,1.146370821332615,1,1,0,0,1,retail,0
22.762339089742657,18,6.995558172322846,3.1408456886274005,1.1097945339116932,1,1,1,0,3,restaurant,0
53.13223004807434,15,7.149491057725187,6.7761370740109985,1.1809200182418738,1,1,1,1,2,restaurant,0
21.849509822628164,12,8.532565693769408,6.4105580498016925,1.0970343447335056,0,1,1,1,2,restaurant,0
102.64540894990886,15,2.1331407578522823,3.3818362150058907,1.2184059069436421,1,1,0,0,5,travel,0
74.73479786591344,14,17.283587584126373,2.3956375092991475,0.9126953338478428,1,1,1,0,3,retail,0
16.054319099973068,19,5.054102654279565,7.887926958412679,1.6122841180346472,1,1,0,0,5,grocery,0
17.77305005648568,7,1.806084931781263,0.6264680358612668,1.4082190460241015,1,1,0,0,1,travel,0
22.09714805040185,18,3.1006071932857706,3.7184783986329744,1.2657254460971807,1,0,1,1,5,restaurant,0
30.062882580660716,11,5.317152280598848,1.610721527501152,1.215897201414647,0,1,1,0,4,retail,0
3.6735484944946246,21,34.72107897010109,0.3463380953649872,1.0917229846537289,1,1,1,0,4,retail,0
1.0653674461099558,19,28.851020335066497,2.429892503064029,0.9851942843232385,0,1,1,1,3,online,0
231.64492824966658,11,3.6490511048715786,8.043646361716327,0.7623577004970519,1,1,1,1,4,grocery,0
146.15762824103757,11,10.809559929450057,22.498455601427665,1.3460805429420555,1,1,0,0,5,entertainment,0
138.42015230852402,12,17.960350940274814,25.75637940580163,0.9306695541956045,1,1,1,0,5,travel,0
5.720332565516371,17,2.9589045720337843,2.218526478317428,0.38591465303817984,1,1,1,0,5,restaurant,0
9.870431379198084,11,11.377086972953041,17.778544639372875,1.1530539231025494,1,1,1,0,3,retail,0
217.432794122106,15,7.239919445736003,9.508274058718985,1.3362005212233166,1,0,1,0,4,retail,0
46.64786727454431,11,4.411928008219136,0.9369943372840701,0.8791000051505694,0,1,1,0,3,entertainment,0
231.65106077591355,15,19.514399861401554,3.960728265341993,1.1594351425388614,1,1,0,0,4,grocery,0
9.557587242401665,9,6.083135822232459,4.833077100173588,0.984593027776132,1,1,1,0,3,grocery,0
274.5296878228306,1,31.759336829639587,32.6223435715269,1.608935380233799,0,1,0,1,6,online,1
1.02708337820631,14,7.735585258252956,7.034229800988472,1.4415426877303754,1,1,1,0,5,grocery,0
58.4396259985203,8,7.055641240258364,11.07791467999923,1.0540573684683707,1,1,0,0,3,retail,0
186.15290822673583,19,0.2761490848957886,1.116231160416525,0.8337511124046235,1,1,1,1,4,retail,0
12.069999858002552,10,11.094670228534756,1.0972149335806571,0.867695043386174,1,0,1,0,3,entertainment,0
156.53377901169588,7,2.8671969084472773,1.1302661606752629,1.2308284313560813,0,1,1,1,5,grocery,0
37.70547549185552,8,44.27397350249859,5.8448112483687265,0.5413231455275253,1,1,1,0,4,retail,0
38.21522758239199,20,6.753828445376194,6.865216187070862,1.4711984630154225,0,1,1,0,4,travel,0
112.02241204472101,11,8.074744871242856,8.532458435552249,1.705578502898847,1,1,1,1,2,retail,0
90.8204654682681,15,34.55068607502029,2.000923445778068,1.172251942633904,1,1,1,0,3,travel,0
71.50866050894243,1,120.18307901963016,30.335824004765495,1.138144005052247,0,0,0,1,13,travel,1
51.81626594342238,18,1.7653680190163206,2.370609971588321,0.39658046540799774,1,1,0,0,3,retail,0
17.0570666597918,20,2.100787932681432,13.25200482144634,0.9206779673579314,1,1,0,0,5,restaurant,0
95.82911055302316,9,0.21206268151285051,2.8187718288463772,1.0556818488572794,1,1,1,1,5,online,0
158.14776220632967,1,9.150349177777931,2.171065130335084,4.633928783025302,0,1,0,1,5,entertainment,1
68.5336740584582,3,130.30066248719703,1.4213323092927344,2.1945651325189033,0,0,0,1,3,entertainment,1
89.2917291570378,21,9.235579226713698,3.6245419012101237,1.0812473046864053,1,1,1,0,5,travel,0
29.924762683101722,11,28.57540507206554,2.7597920760093246,1.1354082157109078,1,1,1,1,3,grocery,0
188.60609470159352,11,12.322796769032491,2.01263000473617,0.6149918431990671,1,1,1,0,2,restaurant,0
176.51901883880487,6,10.773987591332155,0.8885234824498696,0.652919491154389,1,1,1,0,4,restaurant,0
81.30937988616068,18,0.6770483133338917,1.37571773024364,0.9298482353792352,1,1,1,0,1,grocery,0
10.222391810713757,15,42.546084420347455,5.02697173751698,1.0236545370549912,1,1,0,0,5,travel,0
238.51664572516046,15,7.436431121244245,1.3814129382537992,1.15103521582808,1,1,1,0,2,retail,0
74.86890382744721,20,10.207190898755167,13.820639118726126,1.4730790957885849,1,1,0,0,2,online,0
158.46485653882866,18,1.4281623703666466,0.47517280407908113,0.9770945025427691,1,0,1,0,1,restaurant,0
19.925177764290115,14,12.623043463050571,9.630643449267751,0.7579252416560882,1,1,1,0,4,travel,0
17.607447264120044,13,19.111852252285413,1.8768645662177534,0.8265962814512786,1,0,1,1,4,grocery,0
50.29116616665523,10,3.922290726531888,5.665666712898774,1.3504552904624179,0,1,1,0,3,grocery,0
390.24997702925174,1,43.477577298512244,135.90105633512144,5.479862333860438,0,0,0,0,6,travel,1
55.86340385731156,19,8.607019093063306,0.8476116650556399,1.1833249982783656,1,1,1,1,1,grocery,0
59.47298800901621,10,9.351636974227128,4.90202996648323,1.596953502869975,0,1,1,0,2,entertainment,0
138.00555637585694,9,38.118093179673366,0.8302361802175362,0.9671798946247955,1,1,1,0,4,retail,0
23.317795822183648,17,9.854065822355224,8.469730420419088,1.1377032772440498,1,0,0,0,4,grocery,0
16.27166345855303,18,6.099629311331022,3.0893295228360405,1.7486737683564533,1,1,0,1,5,grocery,0
59.23007650768355,19,20.73634647106465,5.91237565969249,0.8796018362547985,0,1,1,0,5,retail,0
289.1813466399394,10,3.3396099970348407,14.16640152617801,1.1129553934302843,1,1,1,0,5,travel,0
187.60492183851534,22,10.250319284746713,1.1691652052751793,0.7773511458186266,1,1,1,0,1,restaurant,0
70.40538834892895,2,26.10207580491316,1.0,5.292933751565688,0,0,0,1,13,online,1
135.76518005040424,18,3.365486998523139,2.25644948358664,1.190317593733028,0,0,1,0,3,grocery,0
42.60633401434571,22,8.588962858287008,5.592119851354164,1.1991084824949558,1,1,1,0,4,restaurant,0
146.5371985735139,21,1.520406466947387,2.7720101672631516,0.49950659374439776,1,0,0,0,2,retail,0
80.93836407420396,12,9.404830757508643,9.053989190083044,1.25218040740506,0,1,0,0,5,retail,0
1.0,12,2.5320691546027523,0.1,0.6617469697142919,1,1,1,0,5,grocery,0
11.649879387054089,19,22.522441957020515,0.8505926821720639,0.6545469958789252,1,1,0,0,5,retail,0
81.16299585636926,14,13.308235144626984,1.8584570148652308,0.4825496523019651,1,1,0,0,1,restaurant,0
118.01716208348108,10,1.5714850442791837,6.6140144928782485,0.9612264354279199,0,1,1,0,4,grocery,0
1.0,6,1.0327869880912421,4.152177673092704,0.7823458474252862,1,0,1,0,4,grocery,0
92.86175571585775,19,7.487430333071464,4.12032456849103,1.1795925591382121,1,1,1,1,2,restaurant,0
25.57529300467256,6,2.3285313992786123,9.092136883560277,1.0868516229460752,0,1,1,0,1,grocery,0
106.53042273329524,9,2.106366733894037,0.1,0.952991034676023,1,1,1,1,4,entertainment,0
38.1733949681403,9,1.3499061422798153,2.83334589655776,0.85003910039814,0,1,1,0,3,retail,0
28.929625482173748,10,23.844687719286522,3.1926796145446183,1.4479336597609334,1,1,1,0,2,retail,0
48.145110297374316,19,12.367795178223123,8.831098760550603,0.7750335836190968,1,1,1,0,3,restaurant,0
30.3144500483241,20,12.548115026803268,1.0393085432954663,0.8681758570685436,1,1,1,1,5,restaurant,0
96.2217672702401,20,26.925594429370257,7.702886221286968,1.1647187867000006,1,1,0,0,5,grocery,0
79.01393384064177,21,3.8269050364184327,1.3667579625739856,0.36857054253899646,1,1,1,0,4,travel,0
87.48637471373385,13,1.7939068096114297,2.0022059588882,0.7020986605011047,1,1,0,0,1,retail,0
80.64916288327296,12,4.6164269225249415,0.4832297024811404,0.763600626922012,0,1,1,0,5,retail,0
27.841771637711012,15,57.55527016469489,11.213626248331298,1.0448134153601907,0,1,1,0,4,grocery,0
11.380771872505335,14,17.518235661477807,0.5033196213850376,0.6580766917593137,1,1,1,0,5,restaurant,0
168.63752807666717,11,24.023948530914673,2.8882636239865374,0.872340978781569,1,0,1,0,4,online,0
47.69303791001108,15,21.40646604058383,0.2377180067887668,1.2268956821907469,1,0,0,0,5,restaurant,0
188.95012035542123,11,35.87781568011132,8.086417912838753,1.0325351309442392,1,1,1,0,5,retail,0
109.02168176189713,10,12.436869740350225,0.5194317140719497,0.5260554810347254,1,0,1,1,2,retail,0
201.27021700994345,12,5.33195946316022,3.9260520247279524,1.1636431853918396,1,1,1,0,3,grocery,0
4.3319824507691305,10,4.768125490370123,4.298856471446496,1.0151044150884427,0,0,1,0,4,restaurant,0
5.179264372706143,12,1.4607531950271981,0.3812681071393137,1.0498708602336744,0,1,1,1,4,travel,0
73.03540430207626,22,3.4518352929885716,5.009642260011847,0.257661502500904,0,1,1,0,3,travel,0
263.33799779491176,7,9.310312626066866,0.871405695437729,0.8881163062270377,1,1,1,1,1,grocery,0
14.672158993150298,22,5.3940852598653795,5.863435783317411,1.1247375192716251,0,1,1,0,5,travel,0
2.978747348613773,22,3.6493586177868593,2.12462305077695,0.7180464216387453,0,1,0,0,5,grocery,0
140.78596692331914,11,2.626983488650501,1.0960135166216323,1.1331890330849697,0,1,1,0,5,online,0
53.224758579004785,14,29.671198871950537,3.1689396378004013,1.2978272399627326,1,1,0,0,4,retail,0
77.04014672468416,16,14.768351761068335,0.4931271143680955,1.2813818117446822,1,1,0,1,1,restaurant,0
2.4780049681179634,21,4.46024687206981,0.2643604999012173,0.564343972438422,1,1,1,1,2,online,0
1.7652039484001223,18,7.736415695445668,2.259082706758871,0.9905451319091585,0,1,1,1,2,grocery,0
16.519339636366432,18,27.88172929515971,2.929615928245402,1.2471561119683128,0,0,0,0,4,retail,0
3.1161315570555903,21,19.71996277949416,2.18794990465816,1.096945345644172,1,0,0,0,3,grocery,0
135.80820836526073,17,6.463449852708166,6.526184131337259,1.1323040356599818,0,1,1,1,4,restaurant,0
71.05894564386722,5,56.13701610730811,89.8830293189291,2.5801718289341684,1,1,0,0,12,grocery,1
34.16430091883633,6,3.9717863965975395,5.978172599849226,0.8633055383628279,1,0,1,0,5,retail,0
44.34120260157122,13,10.859401585837302,0.7324096640548541,1.0295738166918156,1,1,1,0,4,retail,0
16.22607152909881,7,7.331138708202289,1.3195871173628735,0.9592508442736154,1,1,1,0,1,restaurant,0
28.464949704781922,20,8.997868167742167,7.380085667026291,1.3166586940379204,1,1,1,0,2,retail,0
29.078828911817837,19,15.945129655219903,2.700464814191209,0.8836294259460526,1,1,1,0,1,retail,0
86.4153719995111,14,4.779419479570526,8.311223878662638,0.47833523973580117,1,1,1,1,2,retail,0
37.19641992753053,13,44.275026610948096,1.9248905923612698,1.1355466472598383,1,1,1,0,5,travel,0
34.550039541196426,12,2.2951987690437723,5.517797962335919,1.0247458250211148,1,1,1,0,2,grocery,0
70.50830968528041,8,1.0119600390658747,9.824620703242763,0.3127368517319642,1,1,1,0,1,retail,0
17.475795792090473,22,3.5929451183338976,5.685756721715474,0.9071965713828065,1,1,1,1,4,restaurant,0
113.58427803850165,7,7.891673494417394,2.3712708567849377,1.0281848325365253,1,0,0,0,5,grocery,0
120.09940323637005,15,6.222351467134835,5.467906628389732,1.4154516927091938,1,0,1,1,3,grocery,0
48.14980700187508,21,7.8713606090427435,28.431349308742433,1.2893555743408285,1,1,1,0,1,restaurant,0
474.3375631411313,4,91.999553055962,172.00884357840812,2.086429768153891,0,0,0,1,14,grocery,1
31.23070423051795,9,29.63530966223507,1.3043085866632458,1.1512081741484823,1,1,1,0,1,retail,0
180.39335184472165,14,2.1091100357233854,3.6061876657663055,1.3081210743190372,0,1,0,1,4,grocery,0
110.32450141032896,10,10.42974530342465,0.5528709945625339,1.1727491102472918,1,1,0,1,1,online,0
289.18540290230203,22,17.90904661294359,1.268445815978021,0.7050183543936558,0,0,1,0,2,grocery,0
3.293277714841944,19,1.6193828619055173,0.3876295836404233,1.0321483742622646,1,0,1,0,3,restaurant,0
32.860048314781196,9,5.128885066517634,1.7800026588993174,1.2782115487855177,0,1,1,1,1,grocery,0
34.77453173903048,19,14.965302363565662,0.32894362126374554,1.1016448520483226,1,1,1,0,3,retail,0
54.85230161757884,8,2.786134153411848,6.551906517855121,1.0377619990060365,0,1,1,1,1,restaurant,0
7.103549818751706,17,3.2152722626530434,0.9774488001944868,0.9933185549952741,0,1,1,0,4,entertainment,0
37.88261608262993,22,8.875210624267995,2.610338490148708,1.0002501675118682,1,1,0,1,3,travel,0
94.30452022560154,6,12.648836636311298,8.839894117741935,0.9650010007356906,1,1,1,0,5,travel,0
76.43326681859934,21,5.624700267018774,3.9401462357620325,1.1120771878907216,1,0,1,1,3,retail,0
19.814306495177,13,9.45127690348511,0.9130812780937325,1.247618932057947,1,1,1,0,4,retail,0
129.49450751089634,8,2.288396904871081,2.35649809876539,0.4536472923183702,1,0,1,0,3,retail,0
455.5898720595467,12,15.462738493260325,6.105324131610957,1.0886349797848487,1,0,1,0,2,grocery,0
127.3437788624892,16,22.4884173774269,14.028903748212072,1.5655088836017401,1,1,0,0,5,entertainment,0
86.1691143672821,17,0.7153296994764218,7.202253406251565,0.9796983679405583,1,1,0,0,4,online,0
19.745108544008716,6,0.542181809633588,5.646617305387075,1.288666880583962,1,0,1,0,5,restaurant,0
90.39357105504453,13,1.580052283837977,4.734878290954575,1.0336291177543655,1,1,1,0,4,grocery,0
101.93255914474918,20,2.7231500911824846,4.700255088749466,0.9568363107733648,1,1,1,1,4,retail,0
35.201130345848995,20,6.531839626778524,8.265377060342239,0.5677799785100915,1,1,1,0,4,retail,0
80.57257501576287,7,8.802735625974027,12.153229051041507,0.9670342745806774,1,1,1,0,5,travel,0
8.550969764349091,11,3.5173634371742724,5.315563632861932,0.8870689564106216,1,1,0,0,3,grocery,0
7.867036541324454,13,6.657174454947264,2.006331437681689,1.053973339609055,1,0,1,0,4,grocery,0
6.6200549878237975,21,4.886693529915397,6.849734466775369,1.1093592813846893,1,1,0,0,3,restaurant,0
1587.0873156958676,4,44.53152611044804,15.551716432468954,4.185350672904692,0,0,0,1,8,online,1
64.3553133266359,22,14.806136810007967,5.082552535329964,1.5731391692413754,1,1,1,0,5,retail,0
203.21863090578464,3,50.49412966965909,89.50116247360342,5.38795524021589,1,0,1,1,5,entertainment,1
92.99653319216137,14,12.282684782827316,1.813484969533862,1.2512820677828906,1,1,1,0,5,restaurant,0
11.956805285401323,16,7.880150399786915,6.592504084127154,0.9753341085216882,1,1,0,0,5,travel,0
90.93063663144252,21,1.598499131406379,4.609031112997379,1.301969391398946,0,1,1,0,4,retail,0
253.93697474850592,5,73.50773483248278,11.946006250610983,5.229395670492156,0,0,1,1,10,restaurant,1
118.35712378771255,6,8.357521849208586,4.076066214538502,0.4913013930041309,1,1,1,0,1,travel,0
186.1609065798004,19,45.166078460828174,2.6741318870298736,0.8563889040280672,0,1,1,1,2,retail,0
530.2149689661854,2,5.0,67.85143665363725,2.4984562969994846,0,0,0,1,5,online,1
145.35265451772202,17,10.493146437173138,0.7669716327585324,1.1418627352164417,0,1,1,0,5,restaurant,0
63.81349739067845,16,2.4289776437067307,1.5041744007753497,0.745721213522832,1,1,1,0,4,grocery,0
446.9143896097082,1,78.72785766178606,44.85601434429049,2.9723469782309735,0,0,0,1,10,travel,1
8.917747924104921,15,19.767271653317717,8.46346356037477,1.6768393312036753,0,1,0,0,1,retail,0
229.97356747960566,14,21.691667788360213,0.897033073939647,0.9183372108436247,1,1,0,0,4,grocery,0
68.15298273963262,16,6.890327833366849,2.4281784632913688,0.6566939854353282,0,0,1,0,2,retail,0
7.088314773478283,16,7.806262023824083,4.30750843889713,1.3076304793823774,1,0,0,0,4,restaurant,0
5.958558980453198,19,29.72031951709289,1.3376320569416942,0.9359737136954744,1,1,0,0,2,travel,0
30.53073272068724,8,4.624399603204389,2.4897149531409974,0.4545596376432458,1,1,1,0,5,grocery,0
25.697070643752134,20,2.3278317399553368,0.4926356998013487,0.8783807307763917,1,0,1,0,4,retail,0
80.05997638681009,6,8.763409163196181,8.341833258444852,1.0304706953894929,1,1,0,0,1,restaurant,0
31.919574482946196,7,17.030513487936616,4.114387069327235,0.8484896526272712,1,1,1,0,3,grocery,0
78.07740445253656,21,5.813775161359095,7.797929832077248,1.155097236884427,1,1,1,1,3,retail,0
56.197202654724954,9,1.4396595461241721,0.7649140449207391,1.2077030833980338,1,1,0,0,3,travel,0
4.435315757889262,6,2.922631656426023,11.426595059565873,0.7134988318553938,1,1,1,0,4,entertainment,0
235.2550195104017,22,5.78623678604295,6.656798269892561,0.6124598585759102,1,1,1,0,2,restaurant,0
98.03532864619913,14,6.71919138231197,20.293952292615334,1.6387371707531497,1,1,1,1,5,grocery,0
169.09389835447652,0,85.89646081658861,107.93029760982648,3.9982760185845647,0,0,1,1,5,retail,1
216.95639762553338,12,10.946689705673208,3.977693825532577,0.7408779487834869,0,1,0,0,1,grocery,0
272.5261455122199,12,15.217989355747324,2.3094331628547495,0.9333701346376884,1,0,0,0,4,entertainment,0
50.0,4,25.41672500965065,10.829563845983666,5.477147731572695,0,0,0,0,9,retail,1
50.0,2,56.14773608114787,29.060546607156812,2.8621093922084118,0,0,0,0,9,online,1
163.5744144081949,11,3.4588266714136484,4.690025030233204,0.7848188577315214,1,1,1,0,5,travel,0
112.5634075629639,22,13.953671001237165,12.593509202908482,0.6335845876211905,1,0,1,1,1,restaurant,0
98.64015365429516,20,27.390688341815355,3.489797099073291,1.0254978324602397,1,1,1,0,4,entertainment,0
140.93687962139393,16,21.185583865731957,0.9747281043778426,1.368228941188221,1,1,1,1,4,online,0
26.819974110486537,15,6.814170795039942,7.33384856972131,1.46022748658019,1,1,0,1,5,travel,0
110.45956990139183,13,9.298830243458438,20.36953707108524,0.9743460893400013,1,1,1,0,2,restaurant,0
122.33565210508795,8,3.8358672485753647,7.260036190277939,1.3339752275115333,1,1,0,0,4,grocery,0
152.85059980164272,23,119.56918957674179,21.803799710909264,1.3006662370643136,1,0,0,1,4,online,1
140.5996326559175,12,20.06749322696182,7.2990321043218165,1.0597458489765652,1,1,1,0,4,retail,0
88.11370969586824,10,19.063437620026058,3.6300708156920445,1.658709132945783,1,1,1,0,3,grocery,0
86.8648133116025,13,18.58200377110687,8.49224809521219,0.8670445394118577,1,1,1,1,2,restaurant,0
202.32811920612994,4,84.3036885480832,153.98275688922504,6.006115085847762,0,0,0,1,6,online,1
137.09274078552593,5,58.92114426499131,3.9871810212966943,2.8655471846698974,1,0,0,1,3,online,1
41.33676434007707,20,2.2830972875580686,2.9033386799635323,0.9755878540843566,1,0,0,0,3,entertainment,0
137.70778886565674,23,64.86474269134013,49.095716840939176,2.9477183686656905,0,0,0,1,9,online,1
225.99844146047306,14,7.067652008846526,4.724105500490955,0.9683779332603993,1,0,0,0,1,grocery,0
1.0,8,18.452584768461723,0.9230115623855067,0.6338135706274102,1,1,1,0,1,grocery,0
37.40144533200335,15,40.82005600180437,7.844618627009976,0.9047020512894175,1,1,1,0,2,entertainment,0
7.726774105664541,6,38.955656940550355,0.21156994186768865,1.5055672357610852,1,0,0,0,4,retail,0
165.35250730142135,15,8.837431089308666,8.800574880231183,0.8784344695975986,1,1,0,0,3,travel,0
63.97519257519363,15,26.23634794075882,2.4156839350031754,1.044647501287646,1,1,0,1,1,grocery,0
16.04831870719933,18,15.487642030195346,2.6999163542605364,1.0563882629548935,1,0,0,0,1,retail,0
39.02746490910437,16,19.288391479316406,6.463613715101475,1.2571795090046687,1,0,1,0,2,restaurant,0
51.03962977975742,20,12.01254419119567,4.010097079451721,0.9046479388006547,1,1,1,0,1,online,0
29.251906646958822,19,9.844773444829988,29.084370693446484,0.8446670873111626,1,0,0,0,3,grocery,0
9.298996335615401,14,6.07644452432139,8.116804128061561,1.3451519726696637,0,0,1,0,4,grocery,0
7.4370823196957545,10,0.6010385923940842,3.453445536046789,1.2221866238693178,1,1,1,0,5,retail,0
183.09213764220405,14,3.158007857697624,2.103521210042937,1.4696418690225703,0,0,1,0,2,grocery,0
57.92648805447315,2,138.07576488968166,1.124286601222932,3.949480901445476,0,0,0,0,12,online,1
65.05874662281502,17,19.664692034013015,10.49544442258872,0.8561753758827209,0,1,1,1,5,grocery,0
384.7257932676002,5,56.74680971535498,36.6727301851502,2.126779710398614,1,0,0,1,9,online,1
53.185662785917636,22,10.774781808111305,11.011164266887079,1.141002415573682,1,1,0,0,5,entertainment,0
37.54144719814873,10,14.414596228366023,2.8489122675750647,0.9724133600987525,0,1,1,0,3,retail,0
334.2341276013556,18,13.931415907001952,1.7213400001044235,0.7790985289177579,1,1,1,0,5,retail,0
89.10636313386001,11,5.2257907953842455,4.879018678363368,0.7897831481574741,1,0,0,0,4,grocery,0
78.64999958261828,10,8.549680100673786,2.1469481410944415,1.0859680208880855,1,0,1,0,5,retail,0
21.010992436286145,13,5.314919121164785,1.9565780164140105,0.6792447215014668,1,1,1,0,4,retail,0
50.0,3,12.433099027140207,19.76224899275435,2.788932933104471,0,0,0,0,10,online,1
35.542569792746775,11,30.537865145325366,3.458131757451542,0.8272557609862188,1,1,1,0,2,retail,0
15.813271491725898,17,22.699822828749454,4.796468624181457,0.9876193857716007,1,1,1,1,3,retail,0
50.5883495666341,11,28.573231047713065,7.2475111948089115,0.9795420091793144,0,1,1,0,1,grocery,0
32.33201669523982,11,7.2347996219614,0.2591876836703546,1.518214988114166,1,1,1,0,2,grocery,0
16.89853204632997,15,5.872259534945936,2.8806319851988107,0.868394707352583,1,0,1,1,1,grocery,0
185.69076531863573,5,5.0,13.062427317278761,5.319147178673458,0,0,1,1,5,grocery,1
225.3129970386484,6,33.093111123355754,0.1,1.1201547493916064,1,1,0,0,3,online,0
15.0682837418857,22,2.3283476191935213,2.040590847659853,0.7246055303985897,0,0,0,1,4,grocery,0
107.11303027477604,10,16.718695285973663,2.7538566681709726,1.0057644548362559,1,1,1,0,2,grocery,0
20.093387062065958,15,26.69367996271502,3.4556407668047493,1.2308276917499033,1,1,1,0,4,restaurant,0
235.2411588145207,17,7.3738792190505045,2.531435126035567,0.576956887262144,0,1,0,0,1,travel,0
154.14318142053264,8,13.69563733867212,2.4265495257709797,0.4582459334669081,0,0,1,0,1,restaurant,0
97.19732223463717,13,20.352282645488465,0.9430328277630158,0.7632663417117114,0,1,1,0,5,restaurant,0
12.627895860510034,6,14.382945005799572,0.3730878012386962,0.5513478668078505,1,1,1,0,3,grocery,0
23.726761989225924,18,36.630489516940756,7.266182757458422,1.4096919475218253,0,1,1,1,5,restaurant,0
78.69166183719996,19,2.4245163000455685,2.1797401685419096,1.3232187584867683,1,1,1,0,1,restaurant,0
4.7024885383970165,17,3.035269435073771,1.6976198608309623,1.398253208305963,1,1,0,0,1,travel,0
7.534028869180491,19,2.214707451989966,3.91407330715799,1.211363906671339,0,1,0,0,5,restaurant,0
10.918773338344979,17,5.3361134851994105,3.105512944628712,0.8390789526930944,1,0,1,0,4,grocery,0
265.53473258625604,9,10.096131904777316,4.455683150486852,0.9347924409188573,1,1,1,1,2,restaurant,0
23.936291716483986,15,1.3945012395489482,7.391465185648917,1.0178360934798791,1,1,0,1,3,grocery,0
16.05970856275853,19,9.724804295891097,1.9921763147290938,0.9369195448934116,1,1,1,0,5,grocery,0
5.616322299474569,14,26.12697650301953,0.7277086908445014,0.9374778361648304,1,1,1,1,1,restaurant,0
49.13808442737084,19,37.662560335857165,19.635259880358028,1.4434503856694672,1,1,1,0,5,restaurant,0
34.03597831454563,6,19.630289651082492,2.767503008116731,0.9524550832094515,1,1,1,1,3,retail,0
80.71950356272126,11,31.411793416167274,2.34582793024079,1.1061672820642576,0,1,1,0,4,travel,0
91.82533350966808,9,5.028429772251676,16.96247895194755,0.4557847247661896,1,1,1,0,1,restaurant,0
84.7119796873776,14,23.3853590759051,3.1391210344596034,0.7933098061580691,1,1,1,0,5,travel,0
137.914712476717,15,21.680462879159514,7.54300040454014,0.8062294492674813,0,1,0,0,1,entertainment,0
1.6440648508292548,9,15.995644098017102,10.787978811701276,0.7481977961037377,0,1,1,1,2,travel,0
45.589922602667635,13,2.308467930049977,23.24649774201868,1.5781570036649333,1,1,1,1,4,travel,0
187.2235323659882,4,33.66301968876483,43.945860484952625,2.7690903866980516,1,0,0,0,11,online,1
62.09195948514065,22,72.09897338512971,44.82675069357593,6.5664810531734386,0,1,0,1,3,online,1
91.0598821018605,18,0.4647351356572518,4.04843276366671,1.35288902748229,0,0,1,0,5,retail,0
51.443284306172494,10,0.7180206512655789,12.583581746018986,0.6672149067213553,1,1,1,0,1,retail,0
45.26018615217665,21,6.129792174637661,0.5738267591395312,1.1266945557674348,1,1,0,0,3,retail,0
59.89980447036274,19,9.621207059324842,1.0064775241756803,0.8859271706191368,1,1,1,0,2,grocery,0
108.0027398682936,8,7.224656536415939,3.4358350696167506,1.2508253493066415,1,1,0,0,2,entertainment,0
41.72619565015044,15,5.926811455435664,10.475766306347916,0.8376416854056057,0,1,1,0,2,grocery,0
36.34225575243663,18,7.672053676454409,0.7856531451697575,0.8254434228322899,1,0,0,1,1,restaurant,0
13.969759664634704,16,2.1200021672960054,3.0385245271709973,1.4977639755360679,1,1,1,0,4,retail,0
29.88500411166404,20,11.462800563414671,8.403020020830386,0.5702283028880339,1,1,1,0,1,retail,0
233.6138038728514,19,24.49146681708973,4.221607776589416,1.1681157583855224,1,0,1,1,2,retail,0
42.74474532540974,12,28.75424814912332,6.3418276682659505,1.058802781961466,0,0,1,0,4,grocery,0
18.479151350355714,16,13.25482701718425,0.5940762146327957,1.0056318164023919,0,1,0,0,3,travel,0
38.65882955273425,9,3.4584821182755157,8.448147954383392,0.7532818525602721,1,1,0,0,1,retail,0
115.4096303937297,18,38.238690814150374,13.898182687072584,0.9892837818044447,1,1,1,1,5,restaurant,0
42.06877155721135,21,9.387078653193885,5.369123452765566,1.2654815443581287,1,0,1,0,2,grocery,0
67.64134387003077,14,19.488253386333383,1.3339280068217834,1.8370694199343403,1,1,0,1,3,grocery,0
135.40249502197764,15,1.5884862972994473,1.2090206519416882,1.3010795175733223,1,1,0,0,4,restaurant,0
49.69226235672933,11,13.770245393056644,1.6070610956313423,0.8738577440460953,1,1,1,0,1,entertainment,0
403.708243403897,23,6.903030533071519,17.497102031633712,2.331893571194165,0,0,1,0,12,online,1
712.4235098849679,23,22.833571389586346,31.11442733563889,2.194972990655737,1,0,0,1,6,online,1
19.698020475274667,19,46.77264207414442,0.20929892376460438,1.3054523328515037,1,1,1,1,1,grocery,0
4.245541632498451,11,9.244270455736757,5.398986788407578,1.1027040643676702,1,1,0,0,3,grocery,0
58.46675663255705,7,7.200834470526852,2.1232522615549203,0.7305247577877017,1,0,0,0,3,travel,0
21.28489327675974,12,23.575789346742756,0.1,1.227254964388842,1,0,0,0,2,retail,0
56.83497417073521,11,7.042925064634458,3.7786817350143567,1.6514470138794783,1,0,1,0,2,grocery,0
339.24624341148893,21,5.97591022576951,5.9909455327592,1.194396823460733,0,1,0,0,5,entertainment,0
48.14745986415447,22,3.2650982547430862,4.786946723025581,1.111387564395462,1,1,0,0,4,grocery,0
40.46459448852793,16,18.526797546892915,0.654246144361501,0.7978638966126756,1,1,0,0,5,retail,0
49.34755635707585,13,2.194796890177946,5.749473919121827,1.0701881709473324,1,0,1,0,3,restaurant,0
161.5696510576424,7,7.059614407412923,7.352450008743064,0.6284891973280213,1,1,1,0,5,retail,0
117.56490185498546,21,3.466959296276779,1.6406188499791863,1.1024900906172654,1,1,0,0,2,retail,0
78.22336552522994,18,2.8460265665208038,7.741210882556587,0.9594735876873929,1,1,1,0,4,grocery,0
14.620991140543884,19,21.393573056361404,3.63059761328394,1.0691646514672712,1,1,1,1,3,restaurant,0
48.96440623335852,13,13.331171206930799,0.3778140093796844,1.2730341321707992,1,0,0,0,1,restaurant,0
4.9562596338550104,7,0.3087465570812382,1.8192836243393522,1.3253739495492463,0,0,0,0,4,retail,0
64.68268780999598,15,9.429153298443442,4.204912333778166,0.9742028051777386,0,0,1,0,2,travel,0
4.654043578162891,7,0.7512593643013286,6.6473006336376725,1.0931566326326199,1,1,1,1,4,grocery,0
22.320734640822142,16,4.414782174229728,3.5233281254061866,1.1238595167333043,1,1,0,0,1,grocery,0
42.40216126664723,8,12.342633811297928,10.841156754103206,0.5802840737786854,1,1,1,0,3,travel,0
31.748140055053522,8,7.858589067327345,8.8093451879274,0.6460883276312152,1,1,1,0,3,grocery,0
40.68798525356542,17,3.078586208146911,3.9263487921593043,1.0581389077394852,1,1,0,0,3,restaurant,0
45.04475175637262,16,1.8984273365662947,11.876215575124917,0.5708033957797223,1,1,1,0,2,restaurant,0
65.1957523084403,10,0.5442638140427742,11.996733268439268,0.827959668981246,1,1,0,1,4,grocery,0
53.43974616723833,20,0.23655165704870157,12.322264046268979,0.6822117749699833,0,1,1,0,3,retail,0
138.29401403279502,7,1.1191419022767932,0.5872307280071302,1.1394528903266659,1,1,1,0,3,retail,0
73.52657229018116,21,4.293946286619886,0.1361701224716297,0.5978441543955326,1,0,1,1,4,grocery,0
54.1705725182142,13,0.6746595300854554,8.467322467775224,0.8653306013038983,1,1,1,0,3,grocery,0
149.31690454004254,22,12.444380927049387,0.49094974159942695,0.605482148970381,0,1,1,0,3,retail,0
184.41837591234355,17,9.22442774852447,1.8551312476418542,1.2360229224455934,1,1,1,1,4,grocery,0
26.73764659333175,20,16.938584454293505,4.4639885073945536,0.6913687739418574,1,1,1,0,1,restaurant,0
113.79290680299906,15,17.042701292332826,2.15471131758851,0.6920457558543266,0,1,0,0,1,grocery,0
46.0255650262745,22,0.48715156307813656,7.184053296095674,1.2059381377090066,1,1,1,0,5,restaurant,0
121.0745869158631,23,11.661908215605237,42.85289990032658,4.9672331223135835,1,0,0,0,10,online,1
28.139038498407906,14,30.615002843031366,1.543770456809641,1.2344009871104797,1,1,1,1,2,grocery,0
29.606782054985295,7,10.247442940436564,26.700734653257193,0.33444502830296896,1,1,0,0,3,entertainment,0
1.0,9,13.150856944652027,7.959544951916316,1.187765404653079,0,1,0,0,4,retail,0
179.68948099724713,12,0.6719833299772372,5.308686896522588,1.2531279888605436,0,1,1,1,1,grocery,0
117.31382633474294,6,6.66317837959265,2.906904971268596,1.212456951016839,1,0,1,0,5,restaurant,0
61.834598172747135,23,38.99118674357988,155.84681257148634,1.0881500973782825,0,0,0,0,14,entertainment,1
20.090102378440776,17,2.5886780548492516,3.8557353645872943,0.9285236278138493,1,1,0,1,4,restaurant,0
156.33640230381144,14,5.720130688312416,3.283491096550708,0.785542519299073,1,1,1,0,3,grocery,0
46.34841485178011,7,10.046515287685448,13.000845994704273,1.3854773434825904,1,1,1,0,1,grocery,0
74.55634994089539,7,0.5613687619439303,16.27717727623992,1.2654311629115416,1,1,0,1,2,restaurant,0
111.77763133008513,13,11.447031082027092,2.8746389844357365,0.8983507187288943,1,1,1,1,3,grocery,0
55.898369367822,18,21.700167105729932,2.9173280282402088,0.5840847513878875,1,0,1,0,1,retail,0
1197.2079806391057,0,133.14480986174374,75.50693808709067,4.950829741237531,0,0,0,1,14,online,1
157.88173298361627,6,5.860905926362751,1.3885674270262671,1.080651654396783,1,1,1,1,4,restaurant,0
76.92283817761538,10,14.070147098768754,16.582870136970392,1.0793193507384762,0,1,0,1,5,retail,0
15.082894404263241,21,4.260454178884661,8.615921454068411,0.8883100990589441,1,1,0,0,2,restaurant,0
279.03375601937336,23,12.78943928220939,29.91951672501168,1.5598026460171144,0,1,0,1,9,travel,1
77.95075676799874,9,21.531781891511983,9.89994439149583,0.8086106744250641,1,1,1,0,5,grocery,0
81.13481428007452,14,0.823307218935722,1.5490820026231067,1.629365808595026,1,0,1,1,4,restaurant,0
5.578074191580905,17,15.78254125544099,5.056110594332594,1.0540241624137656,1,1,1,0,3,retail,0
33.20010917850289,13,0.2769962856746045,0.5622469713958864,0.6919186677228042,1,0,1,0,1,online,0
48.1656363181035,20,1.026153873025824,0.6689481751638793,0.9890770599168206,1,1,1,0,5,grocery,0
6.914262053747487,12,1.1114195700547949,0.8681869121654573,1.098558607367815,1,1,1,1,5,travel,0
164.0425768955855,17,1.1237937979969121,2.321367038745918,1.0645654601891523,0,1,1,1,1,travel,0
29.063028797500664,18,27.192655982774387,6.0341256384962865,1.1464744539844651,1,0,0,0,5,retail,0
26.865162574853912,11,6.193818294036636,2.0177706230398114,0.8384480481878591,1,1,0,0,3,entertainment,0
14.398846690923786,14,5.122653910752434,2.9435027915022833,1.2745025301771138,1,1,1,1,5,retail,0
391.58428126675943,16,17.621593829420817,0.5215588339192988,1.3933304926836445,1,1,1,0,2,retail,0
28.668461257983815,10,4.1951645496052565,17.714714423781142,0.5816842940700168,1,0,1,0,3,restaurant,0
49.79884682154843,15,29.950542652683104,8.653712660446374,1.4755681806706453,0,0,1,0,3,online,0
50.0,4,81.44009120243402,145.8721968477105,3.9537793103549768,0,0,0,1,13,retail,1
60.373537518290306,8,2.3159832444404245,6.584374835129059,1.0799925438960285,1,1,1,0,1,grocery,0
35.976134402726835,16,18.351165396178512,4.760401509283374,0.9976513383311072,1,1,1,0,3,restaurant,0
7.810561870970333,12,4.454617812519176,0.5785386845154057,1.4449419352377781,1,1,0,0,1,restaurant,0
208.9330210433663,20,6.197467178231789,0.11024175406034814,1.4577438236529772,1,1,0,0,2,retail,0
245.4469599267189,3,8.219734965252073,2.3108298985045224,2.0500439373355843,0,0,0,1,9,travel,1
63.55155165869006,16,3.042340938789553,0.8077423818415576,0.9210951683109088,1,1,1,0,5,retail,0
57.81779859594217,17,10.143285624759793,6.206548348655902,0.9939388273711474,0,1,1,1,4,grocery,0
1.0,11,5.803171389135757,0.1,1.3115818508551118,0,1,0,0,4,retail,0
130.8175199590558,8,2.3060714062912564,5.1559982396079365,1.3561331350518882,1,0,0,0,3,entertainment,0
30.395639090130327,13,1.362505519357622,6.895756105552086,0.9797777663053765,1,1,0,0,4,travel,0
486.55253051211207,22,5.0,148.22614007737812,2.856323096683406,0,0,0,1,4,travel,1
3.1295307298027932,11,0.594700856790131,1.6000878389075999,0.7548643713489697,1,1,1,0,4,grocery,0
110.28933025640116,8,7.456938702843501,18.423777597296912,0.8212135968932561,0,1,1,1,5,grocery,0
50.0,5,10.708918304117198,49.848311811710275,5.547164892516464,0,1,0,1,3,entertainment,1
4.58837048043139,13,1.2252082874918793,0.1,0.6280305095376928,1,0,1,0,3,grocery,0
32.19920389152896,15,0.6578018046797661,1.8786840998645948,1.108016604778417,1,1,0,0,2,grocery,0
64.83986392924965,6,26.335357485668204,0.8895371445294492,0.8031706668305245,1,1,1,0,3,restaurant,0
25.69401412680743,14,4.85108618539836,1.1859358745819395,0.7472387899083373,0,1,1,1,5,restaurant,0
211.76926021027836,20,10.977422398475893,1.1195388636297998,0.9237985032505277,1,1,1,0,1,retail,0
31.963979120353223,15,10.65391626067093,0.5151474915622302,0.26259208415010904,1,1,0,0,5,retail,0
76.25701486908008,21,11.720304669218056,10.110981946617272,0.7751101729618555,1,1,0,0,4,restaurant,0
22.215424260852267,14,7.921172880592736,1.7029428877684274,1.4747655651150908,0,1,0,1,5,grocery,0
58.72887167273829,14,40.449735264519205,2.8451672590291133,1.282273265163804,1,1,0,0,4,retail,0
110.47119423344643,10,13.415926906425806,5.805309563303932,0.7466411867342455,1,1,0,0,1,retail,0
70.89378260253912,11,14.860339789429046,0.31938815784572855,0.4674334788371145,1,1,1,0,5,retail,0
90.20479556086043,12,38.14803148151149,6.619185166252189,1.1290698888965431,1,1,1,1,1,restaurant,0
58.60306471432522,10,4.850240904155366,6.793579025865531,0.9306647030771183,0,1,1,1,3,restaurant,0
176.8803795345167,10,0.3743905294134422,3.1500383792139712,0.8162109286926247,0,1,0,0,3,entertainment,0
122.50925188666669,21,9.041574656180305,1.336887770164127,1.4769482562538756,0,1,1,0,1,restaurant,0
14.36771954765817,10,3.4388496419887704,2.9351209006436685,0.8895829148047106,1,1,0,1,2,travel,0
109.0947225748115,4,5.667055696256557,19.444340112670012,2.3194398239454856,0,0,0,1,8,online,1
194.7644751618879,16,4.034326032880526,1.2564319417164038,1.031729327086138,1,1,1,1,5,online,0
266.72774820270087,14,6.4832138136715685,2.657689803259504,1.2513546321898374,1,1,1,1,3,retail,0
65.08044418418135,23,31.140755181365538,1.6204558106942812,2.834694023612345,0,0,1,0,9,online,1
9.80909254348855,10,12.74109949122642,3.5011875471592964,0.9501633177205868,1,0,1,0,5,retail,0
122.20047834818787,22,3.29984535862624,2.5389281020224757,0.6307137369816542,1,1,1,1,3,grocery,0
192.3046184627471,11,7.654572954505062,12.511829091738633,0.6404118622257124,1,1,1,0,1,retail,0
11.04011726067277,6,23.04752463852379,5.068366459046882,1.2446212746472998,1,1,1,0,1,entertainment,0
62.119760542213704,6,1.4529014701510894,3.801567964417567,0.7586452344125547,1,1,1,0,3,grocery,0
51.79586985300472,15,13.897526000805742,1.3092629733255219,0.5416219197907352,1,1,1,0,4,travel,0
125.44763406655434,6,6.504045291737627,4.137530203278781,0.4026795091233406,1,1,1,1,2,travel,0
106.07434255777619,13,8.715338924145476,1.2978649453810793,1.1900925579715367,1,0,1,0,5,grocery,0
139.62778831538094,10,9.22852908270661,6.705905372062095,0.6850011001909466,1,1,1,0,3,retail,0
29.68903942156713,14,14.711384376253365,0.4598178282922883,0.8564780818534079,1,1,1,0,5,retail,0
35.16387821782828,11,4.063958260258314,4.826229042775591,1.2893913740244796,1,1,1,1,2,entertainment,0
157.89873830536737,17,27.53706304768242,3.04596761575909,0.5319868575175668,0,1,1,0,3,grocery,0
110.14218503495515,7,4.677945068509334,5.034984828155395,0.5697232810087676,1,1,0,0,5,retail,0
75.21958087291924,7,21.144558219134186,1.856343135248252,0.9650329315581015,1,1,1,0,4,grocery,0
19.63802469042744,11,5.190555861394862,0.7384560954740547,1.1149398428418256,1,1,1,0,5,grocery,0
7.523714343173415,21,15.74966842320416,10.695335756980953,0.6957495291570959,1,1,0,0,1,entertainment,0
651.0243456242424,2,14.391791571908472,93.45785962981606,2.510687333106734,0,0,0,1,3,online,1
103.38690949522353,10,3.951922180224769,1.0496301231256735,0.9359621317559695,0,1,1,1,4,retail,0
1.2089692281157918,12,8.969788622555972,5.342995845513254,1.3221925354795372,1,1,0,0,2,retail,0
91.27966565897923,11,9.3675160223761,5.280966522057763,0.5331298332061958,1,1,1,0,1,retail,0
6.426339183889515,18,9.122462797069707,6.257557852345822,0.7620684929066285,0,1,0,0,2,grocery,0
47.43559256341089,8,26.386421038167658,13.95346602425462,0.5991260280418885,0,0,1,1,1,retail,0
30.415391609579977,14,35.82106790739683,3.814079453132679,0.8531193830391622,1,1,1,0,5,entertainment,0
124.44617261850806,17,11.17685551737212,6.694732903543832,0.9210698845448898,0,1,1,0,1,restaurant,0
175.94407464147918,11,5.952387388557283,1.3088551018201406,0.6128250503861212,1,1,1,0,3,online,0
12.11226416716217,17,3.769086292628736,9.250315639509129,0.9258774291272449,1,1,1,0,2,grocery,0
96.03800189257448,13,1.8521189286194006,0.663705948878218,1.080669623643845,1,1,0,0,1,restaurant,0
45.01393673724521,17,10.851987182769541,0.45233364846198965,1.206778493447715,1,1,1,0,5,grocery,0
269.8192136808102,4,30.988396014550162,40.23677237352432,5.522397334126797,0,0,0,1,13,online,1
72.8410633819296,14,5.605820607449691,15.281308794976114,1.18309007654597,1,1,0,0,4,grocery,0
400.48077846421575,2,103.03840850344281,3.2241092406113823,1.4309712688272,0,0,1,1,5,restaurant,1
25.136322874649217,21,6.115063517371528,4.733223216663408,0.9840699067503661,0,1,0,1,4,grocery,0
48.898336352942174,17,24.030192716156836,3.754202503721065,1.3539750452990722,1,1,1,0,3,grocery,0
20.573120949622705,12,23.148243304303794,4.374728310429246,0.5879060021313867,1,1,0,1,3,entertainment,0
83.41063411262013,16,52.38187919456274,0.7144123708870488,0.7980385449132209,1,1,0,0,5,entertainment,0
43.814746588897634,16,1.1601328319204534,15.817829617144564,0.7871321643551354,1,0,0,0,2,retail,0
31.635864228208014,22,18.199254823378467,0.23787823692517115,1.1470775459599787,1,1,1,0,1,retail,0
123.91685762376805,23,8.777404544197188,96.55156626690267,3.912980029619157,0,0,0,1,6,retail,1
42.27909901969129,12,0.4074517571167719,1.3455678514908274,1.2017533987144335,1,1,1,1,3,entertainment,0
45.04384108782888,8,16.519613479676963,1.2529249536644704,1.0605727881143046,0,1,1,0,3,grocery,0
6.311624398098803,8,0.3346454058060275,9.903774334441593,0.8421498254226016,1,1,1,0,5,grocery,0
18.93814110440102,19,2.7028761943453494,7.815438495752691,1.1212983178481024,1,1,0,1,1,restaurant,0
133.8402145837333,15,27.950961153932724,1.9849761794394472,1.4513547588353135,1,1,1,0,4,retail,0
121.68601008289679,8,0.532923872271349,0.4108210800285825,1.2436850687590761,1,0,1,0,5,retail,0
5.554564066260333,16,6.2250895186977875,1.3493426808439866,0.8376720147625532,1,1,1,1,1,entertainment,0
3.3265161533833942,21,4.0586455914152255,2.392479923851361,0.6972439234983787,1,1,1,1,4,retail,0
81.59328709058414,14,0.5978145616818942,2.180208397700118,1.0243080723385265,1,1,0,0,4,online,0
25.724393905064534,19,5.531453678490694,12.992476889976768,1.1897720210063407,1,1,1,0,5,retail,0
67.4213636559467,22,8.415616610401592,8.659343578303023,0.6721070793573847,1,0,0,0,4,travel,0
26.558147871898115,6,17.29609501111351,2.8035474770424784,1.135296500269998,1,1,1,0,5,travel,0
17.52098745271487,8,8.488531515915271,40.512349680405066,1.4818252202931985,1,1,1,0,4,entertainment,0
130.2916526538503,14,9.917084806098707,8.292085838665544,0.9046148173040816,1,1,1,0,5,restaurant,0
51.63946121177591,15,29.76023506991483,10.673724462749064,1.1230183532156073,1,1,0,0,2,restaurant,0
88.68173581296153,12,5.724193360493821,2.2352268580855887,1.2490410230492845,1,1,0,1,4,restaurant,0
15.289325347371076,10,0.429762374186319,1.3193747848894646,0.5532383628705828,1,1,0,0,2,restaurant,0
36.50217745766776,19,1.5975040380081797,2.38412533734364,1.4551948397200671,1,1,0,0,1,restaurant,0
67.63112736552047,21,1.7508463833568089,7.912378473713593,1.4666638921468342,1,0,1,0,1,grocery,0
11.373456701324756,19,22.566066318292684,11.27614168738151,0.8350775886524451,1,1,1,0,5,retail,0
56.646562377579684,20,0.1,2.1947074778998528,0.9984137708543394,1,1,1,0,1,travel,0
50.0,4,29.523878922089214,3.807860984907089,1.9490741874777373,0,0,0,1,10,restaurant,1
294.49088682368216,5,22.894274938803942,2.8740440157469713,1.669255547094719,0,0,0,0,5,online,1
95.45243267519308,16,2.6915552320541716,4.1450180179501235,0.4633351463377178,1,1,1,0,5,restaurant,0
5.81156495439682,7,6.677628322120919,5.932697058178786,1.132520169059689,1,1,1,1,1,grocery,0
24.093601132105103,11,4.274188111762934,8.356671353103117,1.392527540052057,1,1,1,1,2,grocery,0
50.0,2,27.915810411093602,41.242953463292494,2.565402297717677,0,0,0,1,7,online,1
65.2764408774385,22,22.67579363095358,11.486906802310088,1.2890364025696919,1,1,1,0,5,travel,0
235.42589895977687,9,2.5541124204825394,14.698573663535344,0.9071011682339962,0,1,1,0,2,grocery,0
3.649017198630765,13,1.2892232983998615,18.934398479095634,1.1700564876235062,1,1,0,0,3,restaurant,0
55.07658434021636,14,4.773393154323299,0.4166509385026066,1.0516340400836666,1,1,1,0,5,grocery,0
52.90127296105525,17,32.802281533671525,11.660730496916878,1.0871107145099697,1,1,0,1,1,entertainment,0
163.03073705955137,22,27.947472005751386,12.20534290929864,1.6265179342195633,0,1,1,0,1,online,0
50.0,0,34.176418517929996,78.06975412937237,4.909707242753038,0,0,0,0,13,travel,1
78.60510861969938,16,2.7615100120478955,2.669326525547335,0.8823336138836575,1,1,1,0,3,travel,0
13.323373410354339,16,16.647469863746192,12.105475544532789,1.02570012547782,1,1,1,0,2,travel,0
284.7199119385273,8,4.790785164746124,0.9064372832587761,0.2637226791641716,1,1,1,0,4,travel,0
50.0,22,77.81870255386954,48.59433100076512,1.7903407693305589,0,0,1,0,7,online,1
198.769913766899,14,3.3835325319097747,1.5176792553207057,1.0078609610760159,0,0,0,0,1,retail,0
215.0928780454841,11,12.699857693579178,8.545637082938915,1.115717091267109,0,1,0,0,4,grocery,0
15.13670835185977,12,7.284314086843534,5.191829350969255,0.9113975031573316,0,1,0,1,5,entertainment,0
2.971389381580109,8,13.76653462199113,0.10792092423714832,0.8948647091358214,1,1,1,0,1,entertainment,0
1.5440935492468675,9,23.241547387075826,4.7570503688608365,1.5145333350106291,1,1,1,0,3,travel,0
95.74197795655964,21,0.8336634594759265,2.18449352107875,1.0362483140329948,0,1,1,0,5,restaurant,0
68.89751304052743,18,3.860008335887739,0.4104526985003919,1.1957976291300534,1,1,1,0,4,retail,0
33.5320815484034,6,2.5269794803436945,2.676670443454797,1.0168441376960093,1,1,1,0,1,retail,0
134.0005222886623,17,5.866917491856928,0.10116898504519459,0.6507041776988842,1,1,1,0,4,travel,0
79.11546576532955,8,0.7549023479442202,0.2946035873658882,1.3264308981878,1,1,0,0,1,retail,0
398.84114596036727,22,2.6075830413619423,7.192821364770706,1.1442607084505934,1,1,1,0,1,restaurant,0
44.21137779510825,22,6.521816847510124,4.985429380442018,0.8674731940689512,0,1,1,0,4,restaurant,0
220.52882878887758,7,50.56178089924561,4.547217765341866,0.9407189943427617,1,1,1,0,1,entertainment,0
263.7297022214133,20,17.66493242938209,13.533008097005618,1.1423305546567373,1,1,1,0,3,restaurant,0
59.245631523948376,9,3.0807310186547743,9.64036416188099,0.29903357645068007,0,0,1,0,4,retail,0
63.529652841790345,8,0.30087712761375196,0.3125919636527446,0.9097521691577547,1,1,1,0,5,grocery,0
1.0,9,19.82980111828235,3.2214711717137297,0.7953888618388961,1,1,0,1,5,online,0
188.3861063212929,23,5.0,52.021454735092775,0.5458164599509576,0,1,0,1,5,retail,1
21.666454108402625,12,0.1,28.1989949334238,1.2770679232090656,1,1,0,0,4,retail,0
220.6257425054864,16,17.05863774357311,12.386569853450771,1.1960036297358227,0,0,0,0,3,retail,0
208.50529416419215,15,16.998784071623337,0.47841539455729065,0.9029810305334327,1,0,1,0,5,travel,0
96.66346115051034,11,1.8638969192799788,2.2946290697729643,1.1799571107161992,1,1,1,0,1,entertainment,0
118.93503397333808,21,4.791142270805185,8.012826272475927,0.5895496207927097,0,1,0,0,2,restaurant,0
21.903403202745512,19,7.566391608422441,9.127539919214747,0.7764569052074966,1,1,1,0,1,grocery,0
153.54095812956183,17,16.34168702959824,5.05940310161579,0.4369716818122784,1,1,1,0,5,grocery,0
23.206695940752795,14,1.1982753943060085,3.88279597436358,1.0818956101427688,1,1,1,1,5,grocery,0
332.8499330549787,17,32.184986019675875,0.7773367884225455,1.1915326436929448,1,1,1,1,2,restaurant,0
202.09835412020198,9,6.8410841985738235,3.7436077461781965,0.42920021888072046,1,1,1,1,5,online,0
53.17872658151365,22,3.8053175363545626,6.859214605362314,0.9432891751922797,0,1,1,0,2,retail,0
194.04975097695765,6,16.383477297886028,2.3667809165011695,1.8818284012283162,1,1,0,1,4,restaurant,0
50.0,23,209.8363454962495,46.888324737506146,2.5836846857130693,0,0,0,0,3,entertainment,1
13.815534036902319,20,27.231132039040457,5.866674698483264,1.2541177613840548,0,1,1,0,2,retail,0
54.62857740237929,7,5.69635095847492,1.2104404266462248,1.1777206034403094,1,1,1,0,4,travel,0
7.4040523727980325,10,6.756672494777288,0.30578357597330524,1.0925947935502114,1,0,1,0,3,retail,0
138.9806353953561,17,21.919847001717898,1.2990960530046278,0.9144937422325646,0,1,1,0,1,retail,0
49.9252973173185,13,5.720271637478307,9.127606159854585,1.5213650554653915,1,0,0,1,4,retail,0
58.63455285216332,7,4.013930741451565,3.4243449098393866,0.5758363891118665,0,1,0,0,4,restaurant,0
29.895938266456326,18,3.382741097305233,4.845995648485932,1.3216639103299468,0,1,1,0,2,entertainment,0
114.77096233735644,7,13.652404637515886,3.980879973147093,0.8507023380810422,0,1,0,0,1,grocery,0
107.4793213907737,16,7.662327089422983,0.9270128767049234,1.1583445227778832,1,0,0,1,5,grocery,0
57.024820640135246,16,38.059881980304446,2.820549039358058,1.3047204505076497,0,1,0,1,2,grocery,0
50.128555854568766,20,14.872349387100357,8.16383211794449,0.9617423936385487,1,1,1,0,1,restaurant,0
21.295784614736483,18,12.775055852148594,5.535980738017638,0.8843177681837708,1,1,0,0,1,travel,0
11.916908107418235,17,0.5099680412194314,13.699286977136902,1.0309964290582636,1,0,0,1,3,travel,0
40.61141268046594,16,3.005819993422299,0.43621585862088474,0.7669140294847849,1,1,1,0,2,retail,0
363.371980640979,10,7.824645603786257,0.6864200911777296,0.620389537885021,0,1,1,0,2,travel,0
88.49936885504408,8,11.541407304848889,7.701473835968134,0.9992283992053622,0,1,1,0,5,grocery,0
62.71682894978841,18,6.452266251754617,2.1945173750442577,1.0399051585749968,1,1,1,0,2,restaurant,0
115.38194595535431,21,4.899512501748965,1.902968935842222,1.5331729241090815,1,0,1,1,4,restaurant,0
41.065540537713545,22,30.242452464949594,4.0152952660975325,0.5776723122901704,1,1,1,0,5,grocery,0
55.83216858174532,6,0.22185761655959177,4.056113651366417,0.7596839777401175,1,1,1,0,4,travel,0
4.27406680712105,9,0.9694494713939366,7.1587278060432835,0.7150683525737257,1,1,0,1,3,travel,0
1.1721181012535027,17,18.47890565777294,13.548256604072208,0.8397182594967694,1,1,0,1,3,retail,0
3.0450799426231505,22,0.6508842237787897,0.9365909147767543,1.002608386120238,1,0,1,1,3,travel,0
72.51715661031463,16,16.734178789046272,1.6052590679266145,0.7548680401343041,1,1,1,0,4,grocery,0
61.66780370303093,13,6.441709229088131,8.49671610174637,1.089750358225831,0,1,1,1,1,restaurant,0
98.95745300676103,6,23.194650128788897,11.36138242384881,0.9808364441366691,1,1,1,0,5,retail,0
71.50227236756668,22,8.705593647751295,7.3443849127092875,0.8402894931320144,1,0,1,0,4,travel,0
96.9830044979592,16,0.18902240836030978,0.1,0.638262621568108,0,1,1,0,5,restaurant,0
111.48973797012201,7,10.089532030222173,1.3135478218246606,1.087596855712864,1,0,1,0,4,grocery,0
81.15741605699642,14,24.70428390818806,5.376992368207608,1.2086999390151754,1,1,1,0,5,restaurant,0
6.407628071075711,7,18.49108647579371,1.534961011163458,1.191940026382639,0,1,1,1,3,grocery,0
2.1442330296896337,9,1.7039918505874239,3.516472656214722,0.9430508563520084,1,1,1,0,5,grocery,0
95.25141862394733,21,2.782727087816441,2.7350471509853675,1.012800398753521,1,1,1,0,2,grocery,0
260.6586673830086,21,33.68513902777106,4.972643758916619,0.8645849656524967,1,0,1,0,1,restaurant,0
427.797099491026,22,81.42571400528156,47.71276429367715,3.249166803256227,0,0,0,0,5,travel,1
309.6380734944285,16,0.25147983923175465,3.9413266733751193,0.4906506996535064,0,1,1,0,2,online,0
210.84187658655117,13,4.270666060694188,1.6104754926214575,1.5083925280696033,1,1,1,0,3,travel,0
152.37813219824636,18,12.35817058928303,0.9255848508891198,0.5247199942580383,0,1,1,0,3,retail,0
20.333653379246904,19,17.255076823804764,0.24993441841189165,0.6610712485267012,1,1,1,1,3,entertainment,0
5.851745052905073,16,10.72545515123097,4.27175820359597,0.8103770854411334,0,1,0,0,1,restaurant,0
49.2653297673109,10,3.2294045271518246,1.5617427969666262,1.066975915036939,1,1,0,0,4,entertainment,0
279.4245706188981,7,1.0410702943742356,0.5520008088655081,1.1360593099817626,1,1,0,0,2,retail,0
85.48047125984397,21,24.614744375087703,7.4155862990376935,0.8934703952404541,1,0,0,1,3,grocery,0
97.94985600154834,16,10.917122239263843,3.0139732616870383,1.13538746260979,1,1,1,1,1,entertainment,0
24.042631254259796,8,6.972848931010885,4.8458563947471776,1.2261021019925553,1,1,1,1,2,retail,0
3.916848928819792,19,14.045547786114007,10.031567461777557,0.7709692694720189,0,1,1,0,4,grocery,0
166.44088499059797,8,3.3704166967074483,1.4166365289258072,1.2131602079018358,1,1,1,0,2,retail,0
82.62586120755657,6,11.133205134040551,0.3201379008445165,1.4661305201111419,1,1,1,0,2,retail,0
92.5583051955769,22,14.236327685622808,1.084341187508919,0.601234794216734,1,1,0,0,2,restaurant,0
46.802866272006476,22,3.2926411029807983,9.851401427625824,1.046427308003322,1,1,1,1,3,restaurant,0
257.0031185348322,13,0.766048029489403,0.1,0.9354537707112959,1,0,0,0,2,grocery,0
66.51812292359351,12,10.671371930229316,0.6014751040881893,0.9999849055996465,1,1,1,0,1,restaurant,0
3.8861283937536544,15,13.657263521816255,9.719229666181462,0.9179372871737259,1,1,1,0,1,restaurant,0
127.9250175560853,20,5.708161035865064,5.619819656678216,1.029677900811171,1,1,0,1,2,restaurant,0
33.639252966287486,21,8.845579717298802,3.8823654025847194,1.2006462924837975,1,1,0,0,1,restaurant,0
265.09883809041645,15,2.7277828156760675,3.2077473297792904,1.0928193994448074,1,1,1,1,4,grocery,0
31.268737278048988,10,20.81885780453557,25.37758611126911,1.5244802957377477,1,1,0,0,5,retail,0
2.4905693218895584,6,10.871905664583535,10.611329606322075,0.8183447730660276,1,1,1,0,5,retail,0
6.543346628828869,10,27.596841738018373,5.939795999374552,0.8026664779925426,0,1,1,0,1,entertainment,0
12.132047230440442,18,8.909955070668707,2.3181867816843784,0.8745686591283424,0,1,1,0,4,travel,0
48.0844910370228,12,11.556945191257359,6.99266466558732,1.1678391390809018,1,1,0,0,4,retail,0
56.97370019477095,18,3.5140605625129337,3.5662852364733046,1.3545862292654607,0,1,1,0,4,grocery,0
23.86596095172381,11,4.979426807282305,1.3391591492192938,0.9926844615430328,1,1,1,0,2,restaurant,0
133.69133982745774,17,5.801479791999164,2.75544313505784,0.7339935012078476,1,1,1,0,2,grocery,0
147.69659854206995,18,12.108774466924801,2.944408993369443,0.5572936392350067,1,0,1,0,4,restaurant,0
13.950645908090468,21,7.141761244618856,4.309141813377836,1.2648667387694719,0,0,1,1,4,retail,0
97.54165189625247,17,7.109475685972663,0.20770729319140013,0.8434903697515966,1,1,1,0,1,entertainment,0
54.182178864265104,12,4.362644923213236,14.238740861027601,0.9267828040994017,0,1,0,0,4,retail,0
150.7674934326556,20,10.895999902160565,0.12275940968865395,0.9869194477406703,1,1,0,1,3,grocery,0
40.200859147477516,7,21.49741630078548,3.800218142595018,0.8580603948911605,0,1,1,0,1,grocery,0
30.437272382142467,15,13.422051547294526,9.2854775386658,1.470999812359232,1,0,0,0,5,grocery,0
50.0,5,104.70195489350087,15.390022268206744,3.202049776776711,1,1,0,1,6,retail,1
111.99193840930734,17,13.720717427148744,3.2762187534810154,1.4470990142885343,0,1,1,0,1,restaurant,0
53.96386940431916,16,2.3456376813859645,5.224127748775201,0.9742758685725459,0,1,1,0,5,retail,0
35.20059772189231,17,4.895715264282327,7.346359237151866,0.6808868414829219,1,1,1,1,3,restaurant,0
65.8048132612648,13,3.025119377466506,4.277026282697102,1.133219159093096,1,1,0,1,1,grocery,0
37.71407171372741,10,23.226663208859595,0.7679385742325152,0.6526684573884625,1,0,0,0,5,travel,0
32.48172594161514,21,20.74961871686792,3.9447290723949657,0.40027516999231794,0,0,0,0,3,restaurant,0
42.91139551483377,12,7.385916749475967,3.0247160372301614,1.0942113160935576,1,1,1,0,2,retail,0
5.814958302394491,22,10.04543421448001,0.5592991306850643,0.9912462447804729,1,1,0,0,4,restaurant,0
221.11610407136592,10,1.252437718314043,0.494817794776211,1.0438961210867734,1,1,1,0,4,grocery,0
34.93035590278657,15,7.666839305173783,0.4408265545961819,1.1457686958208013,0,1,0,0,1,grocery,0
88.36476789454268,21,4.906687413275005,7.4550724775076915,1.2692118105546908,1,0,1,0,4,restaurant,0
15.573909960631225,15,0.5498241513717707,0.3041279964433479,1.3270879300994194,1,1,0,0,3,grocery,0
35.42984114822082,14,7.601855394943705,3.396279621924847,0.2971317357513251,1,1,0,0,4,restaurant,0
83.80547091255772,10,15.712557374363467,8.118929445316441,1.0508498751268138,1,1,0,0,1,grocery,0
166.19142711661203,17,22.822957545731455,7.1095376738406335,1.24892833646296,0,1,1,0,1,travel,0
65.74186463384099,10,7.982489729956269,5.809212152340081,1.3196053599276607,1,1,1,0,1,restaurant,0
27.194925346630757,9,10.58064839586065,7.641429388247142,0.7594646326992766,1,1,1,0,1,grocery,0
199.2746998519879,2,24.939975321798986,100.67991526683969,1.860631468215443,0,1,0,1,11,online,1
13.609659325828332,14,3.668442090622226,14.649309901052511,0.9901494248050691,1,0,0,1,5,grocery,0
168.71291483522867,18,19.342510846743398,4.085619168565315,1.1055313021466207,0,1,1,0,5,grocery,0
3.6961958264115657,17,37.153109647536965,0.7892095065214031,0.7150139425618711,1,1,0,0,3,entertainment,0
58.679867634366516,16,11.774328573953266,9.501966300472777,0.6643542582417459,1,1,0,0,4,restaurant,0
62.266269834711885,16,30.783583706873255,7.183938348782805,0.28597201441258724,1,1,1,0,3,grocery,0
52.188351321219955,17,0.1407944367626175,0.8278811574026529,0.6813531632419736,0,1,1,0,1,restaurant,0
57.40971193858126,6,7.25637493073311,4.072105390252701,1.1522734461305613,1,1,1,0,5,grocery,0
149.08208320778218,10,13.579661821043224,2.74909376791618,1.2203363324264478,1,1,0,0,1,grocery,0
30.77229067080311,13,3.1359689987714345,0.18990476823431954,0.8596464299704685,1,1,1,1,3,online,0
73.42221361766336,22,5.941021861979564,1.282611883096323,1.0049542035397667,0,0,1,1,1,online,0
22.842336255707053,16,5.265808916917345,3.0309540652749796,1.0193723057876933,0,1,1,0,3,retail,0
252.89627418362682,14,2.2902540885026346,1.394807206383852,1.2902934536217388,1,1,1,0,5,grocery,0
49.1918003039504,6,3.3973918097614715,0.25196609764650707,1.1607260855503303,1,1,1,0,3,travel,0
65.14343461983144,8,6.579283551264562,1.7853331755341608,1.3589170820235636,1,1,0,0,3,travel,0
25.365311392246316,14,13.125266467271066,9.360230772314594,1.477430659719245,1,1,1,0,2,online,0
51.85136490753763,20,2.8568716693598457,2.074596398260093,1.0862020472489682,1,1,1,1,1,restaurant,0
84.9039842373061,9,35.281645403706975,1.9974494517262227,0.6704949462297025,1,1,0,0,3,grocery,0
69.1310407846918,17,5.770674267384562,0.7229694046999989,1.096956940361902,1,1,1,0,3,retail,0
73.15889245285314,8,10.537818715480007,3.9738414971535856,1.7186143235866582,1,1,1,0,3,grocery,0
70.13431655293287,3,5.0,205.19483550979234,5.2377728993019375,0,0,0,0,12,online,1
124.29250116595402,5,123.57620142828141,25.155349544695426,4.473109235533717,0,0,0,1,6,retail,1
162.03063353245014,6,10.341682200594605,3.7206063615303235,0.8638372849659004,1,1,1,0,5,retail,0
61.07998767142775,20,36.93470257574101,1.2206422704604336,0.9288360216990708,1,1,0,0,2,grocery,0
58.74766244009624,18,2.6325422638697793,2.425386009092228,1.2429658187647763,0,1,1,0,5,online,0
57.2874589546323,8,0.892659444015158,0.22652224531386853,1.1449157302311417,1,1,1,0,2,entertainment,0
102.45196268190361,22,1.4957655035788242,3.535541965579182,0.6650707801135232,1,1,0,0,4,grocery,0
197.30103855551604,17,10.605436816058177,2.861472287508172,1.4548266180420792,1,1,1,1,2,travel,0
41.331530684462585,7,15.106186742296002,0.5103022735858347,0.7173375762484518,1,1,1,0,3,entertainment,0
189.27885168249333,7,7.958275407561236,3.421311587997719,0.8310066625529239,1,1,1,1,3,travel,0
62.624420387439876,20,1.3629580300446895,7.429997339802881,0.5939740594427867,1,1,1,0,3,retail,0
42.31764821759883,20,9.038923541877644,6.456301288212947,1.5490765566814697,1,1,1,1,2,retail,0
61.945259980243215,8,11.72019982486175,2.4576167607439814,0.8015645632699294,1,1,0,0,1,restaurant,0
45.49385298779412,18,29.936340766818667,3.376555665955468,0.8550944468940395,1,1,1,1,3,online,0
13.252086557679611,15,5.832036684322434,3.8225808793830653,0.7872480618349761,1,1,1,0,3,retail,0
3.182137661982651,18,6.899673270835148,2.4098554523383604,0.6874230831922071,1,0,1,0,5,travel,0
24.440117234193053,18,5.218619842450147,1.6549428402065767,0.9426143648044675,1,1,1,0,5,restaurant,0
178.27431123544446,12,2.577617745219624,0.42107382754231293,0.9533784053071727,1,1,1,0,5,online,0
45.51083872956579,22,28.925127927569633,11.064491257663063,0.7863430590808423,1,1,1,0,1,entertainment,0
50.0,4,8.099353685211224,19.88908205933477,4.41736529959606,0,0,0,1,7,retail,1
50.86234330368892,4,5.0,4.767555907717307,4.553657335224341,0,0,0,1,6,online,1
50.0,23,8.509987761218513,109.44776728385929,4.0757218210982415,0,0,0,0,10,retail,1
97.08588463389557,17,11.507101527885714,0.1,0.8036636492308556,1,1,1,0,5,entertainment,0
23.886870433920496,6,1.5567190675954916,0.2912760333806835,0.9037735822293844,1,1,0,0,4,online,0
110.38820423166088,15,5.556829486039052,3.3181429411641044,1.7514508260230346,1,1,1,0,1,grocery,0
40.89435835586522,22,11.971948635115572,1.543406418809957,1.27028003926426,1,1,0,1,2,restaurant,0
1.300485047687884,15,3.742014890098857,7.9950182202486655,0.6061114054925814,0,1,0,0,5,retail,0
35.00910456993492,21,6.828782228892871,0.7796183247516003,0.6351789044250444,1,1,1,0,4,restaurant,0
32.54588066882039,21,2.120121862942753,5.133127684450388,1.4601166727138828,1,0,1,0,5,retail,0
47.431281010477804,14,0.1,14.604930454026556,2.001214573744692,1,1,1,0,4,grocery,0
12.734970755467776,14,18.76816947585578,2.066175946995104,1.2771305535096131,1,1,1,1,3,retail,0
64.87333988397303,14,4.631687422262795,2.5500347389229256,0.7398569782462012,0,1,1,1,2,retail,0
77.29949841187346,14,6.481124231037273,10.740857827159097,1.2491657114442782,1,1,1,0,2,retail,0
43.75050479588782,9,0.5991246769760222,4.606913320693783,0.6738259600620826,1,1,1,0,3,grocery,0
1083.3636732007717,3,24.56186185697861,18.6220810861446,3.218071083298012,1,0,0,0,10,online,1
798.334177949591,23,48.912376099115505,109.78138628236724,3.341790652169758,0,0,0,1,4,online,1
228.04119060276537,6,1.208916152182478,4.626296047046294,1.1739479608776873,1,1,0,0,1,restaurant,0
26.155081919376705,18,11.226006764984398,5.879266569108573,1.1338686853494786,1,0,1,1,4,restaurant,0
41.47199030190634,20,5.208856789968191,5.386663916274386,0.8845892474574683,0,1,1,0,5,travel,0
90.9479350786411,22,1.1217642473034797,2.8814052456558077,0.8036662969643156,0,1,0,0,3,grocery,0
160.8313904037536,11,4.623997891707624,4.003667365572543,1.0889783631022292,1,1,1,0,5,grocery,0
29.363009491113388,22,0.2257579934140534,6.164134319783808,0.7586452193384524,1,1,1,1,3,retail,0
37.462303428171786,21,0.7194396302383492,1.0073119453504942,0.8680417635838311,1,1,1,0,4,entertainment,0
11.14889590670446,22,1.0804536455988507,1.3544462300233655,1.148245502373531,1,1,1,0,5,online,0
103.59495180017873,11,7.262941636346657,3.39941758086023,1.0333325684343873,1,1,0,0,1,grocery,0
755.7977214555326,3,92.36473677993328,7.969665269823036,3.4703301890572695,1,0,0,1,9,travel,1
53.46562637295332,15,2.970173157611009,6.000887254499379,1.0205259042364319,0,1,1,0,3,travel,0
14.796414222057743,12,6.31920275202544,14.572540152721318,1.15094199001939,1,0,0,0,4,retail,0
7.27866213179034,21,0.27955376476893323,8.854479989959836,0.8726159748980085,0,0,1,0,5,entertainment,0
38.803098196425424,19,8.578106842902603,8.320758871386575,0.9208133651313045,1,1,1,0,1,restaurant,0
170.49082402889408,15,7.318336568075047,4.465286085818128,0.6691555819821666,1,1,0,0,2,restaurant,0
66.94469895200089,23,114.37899025498328,17.780848351183966,3.321584146930695,0,0,0,1,8,travel,1
168.28190145945888,7,5.606673892526759,7.146664154575712,0.5805485496244365,1,1,1,0,4,entertainment,0
60.01146002795123,18,3.0404393633793876,4.611129543061053,1.2256934105915585,0,1,1,1,2,travel,0
116.80460175113878,2,103.42484520893217,1.0,4.002564272929906,0,0,0,1,6,travel,1
4.0326337469201015,9,0.38811757183049417,8.207352108855929,0.8185651230748542,0,0,0,1,5,grocery,0
46.06683718601056,14,3.7991391592886066,4.1847695660250785,1.0264958952338543,1,1,0,1,1,restaurant,0
6.954306043459066,7,19.581275118338148,5.819103213819448,0.8879333574189531,1,1,1,0,4,restaurant,0
10.666130364161909,7,14.492057176806341,6.3180990908899375,1.5585430824246265,1,1,1,1,3,retail,0
25.689828882961514,12,11.51945589255369,5.169031553868331,0.22817007956291435,1,1,1,0,5,grocery,0
269.91898019801147,11,1.82871541830561,1.831041913159839,1.3143156682109884,1,0,1,0,3,grocery,0
16.602479532421533,13,8.47953930123647,1.5835732353178653,0.624863955307734,1,1,1,0,3,restaurant,0
97.40016712476287,9,2.6709733764840293,12.591889069430547,1.4150342890650083,1,1,0,0,1,travel,0
21.77511525213976,20,3.0768398385189193,5.363517253270911,1.0805067473868721,1,1,1,0,4,restaurant,0
95.39178700398466,12,33.305326730230874,4.828722855320989,0.8786092849734705,0,1,0,0,5,restaurant,0
139.92574393291002,10,3.557274746286629,16.48384731063704,0.9133883755707168,1,0,1,0,5,online,0
71.8839594986146,21,21.562253560529822,7.972288429730037,0.5133022225245512,1,1,1,0,1,travel,0
11.991140600171581,19,30.956339148145258,2.5362823022305307,1.048795085504977,1,1,1,1,4,restaurant,0
77.54589146559634,15,7.891680807585298,14.480059695972837,0.6740066390779473,0,1,1,0,1,retail,0
263.4674652428668,7,2.611004551432105,0.8747626420918653,1.2339624157383011,0,1,1,0,4,restaurant,0
21.696767334972957,6,13.827206002163878,2.852906489178946,1.2871221962909412,1,1,1,1,2,travel,0
62.73059752691171,16,6.163194709012539,0.7418909331015304,0.4191861083154257,1,1,0,0,4,retail,0
74.87107523706717,7,10.062079435251064,5.5627535636838275,1.3986655097302034,0,1,1,0,1,retail,0
50.0,5,23.68102399943044,17.95578073305925,3.0166441620519064,0,1,0,1,5,travel,1
1.0,17,13.297524213681983,8.938117520732106,0.4541136465721307,1,1,1,1,4,retail,0
11.349855348639304,18,26.821435400635117,9.106126950140531,0.48959444361924687,1,1,1,0,4,grocery,0
43.43619992060722,12,16.22237321390197,6.464022556183866,0.7767604284337428,1,1,1,0,5,grocery,0
18.8625804751404,18,5.243212798746805,5.343410183094049,1.701147987229377,0,1,1,0,1,travel,0
91.21170773372066,22,1.9505902493041942,3.8817016108869,1.09931430621609,1,1,1,0,4,retail,0
121.26323932412218,19,4.093199335856877,5.607164713516593,0.9785701033769048,0,1,1,0,1,retail,0
36.52608667198721,8,17.405486391184237,1.7033334468577879,0.945643964875814,1,1,1,0,3,grocery,0
112.91001671212737,21,20.787364563492368,3.182350065879615,0.34600041247014024,1,1,0,0,5,restaurant,0
58.95884576070542,13,8.771161252353155,7.237808240488867,1.2244245702354983,1,0,1,1,4,grocery,0
105.82482582874226,9,1.3460902031675475,7.662825435463088,0.4319491396698294,1,1,1,0,3,restaurant,0
95.63283655143083,9,11.602140958425316,3.748443522587388,0.9103538912079417,1,1,0,0,1,grocery,0
368.09610491162596,15,5.408736986373338,7.0299461253670845,0.9888358430879153,1,1,0,0,5,retail,0
40.375904554296945,12,22.63909600542568,1.0829308401331077,0.9904277663275449,0,0,1,0,2,retail,0
84.02856230462226,17,14.40868336015335,9.6583513813883,1.554766258059693,1,1,1,0,1,grocery,0
157.14504711699612,11,2.5261089299184407,4.412977001936826,0.624111129016068,0,1,1,0,4,grocery,0
104.89930119817822,13,1.0626671954255205,11.848109955520698,1.4494212509516933,1,1,1,0,2,grocery,0
24.026100171782282,20,19.595465649442595,0.12355497908382711,1.4469779060800836,1,1,1,0,5,restaurant,0
212.06195856046438,21,23.51458175531599,0.45183059180988394,1.1923206767170076,1,0,1,0,2,entertainment,0
8.955531612594172,16,18.658933434579932,1.4153914166982717,1.1175640756039187,1,0,1,1,3,entertainment,0
611.0262603193544,4,146.70222293157815,20.385798291924445,3.1055112785478918,0,0,0,1,14,online,1
181.67793001026862,12,12.935031655294729,10.090857441010142,1.2485736511759884,1,0,1,0,1,restaurant,0
45.36909511384752,8,4.565756899780166,3.0913893066316733,0.8809702029050266,0,1,1,0,1,grocery,0
7.0923094222245355,8,4.176575132631103,0.22498175935452663,1.1628189013670758,0,1,1,0,1,entertainment,0
16.650897028943074,15,0.4458258124008149,1.032255259116299,1.079030070387083,1,1,1,1,5,entertainment,0
52.08803253070207,7,11.81591080863313,2.0850241951039097,1.0150922125443456,0,1,1,0,5,online,0
1.4554809404290112,21,55.6043675316856,0.22375833130963227,0.7638366369874438,1,0,0,0,4,grocery,0
1.6639446399310898,14,2.6143537409073443,0.17093506662937324,0.5481470941142095,1,1,0,1,4,online,0
137.62107441247892,16,3.6702602749885838,3.104924016037922,0.4394601214967333,1,1,1,0,1,retail,0
214.99411482892003,7,6.896821891721934,0.7357436530902329,0.6620780591384208,1,0,1,0,2,travel,0
26.460087405494708,17,0.15710348573376745,1.0482098161144062,1.2319600650147222,1,1,1,0,5,grocery,0
40.801913562263046,21,3.4225859266779946,0.6083644508047948,1.2173117614461053,1,0,0,0,5,retail,0
65.91099959086631,10,6.537835718559388,2.402250096759137,1.252104984505547,1,1,1,0,2,grocery,0
618.9731536757445,23,23.1295125144555,11.536390785040599,2.2035698048478105,0,0,0,1,7,online,1
21.306303669435653,19,27.750523233420935,7.538650487428917,0.692152559241083,1,0,0,0,3,grocery,0
192.24940692443892,8,0.6853529985491263,2.2311546327327743,0.4607432334624012,0,0,1,0,2,grocery,0
38.51733365729787,20,27.09222331054473,1.1541090080113539,1.0120987143194495,1,1,1,0,5,travel,0
192.1301413371941,20,0.6669808983249548,9.264188030820723,1.0489504105361258,1,1,1,0,3,travel,0
12.861099460856437,11,28.13132178735794,3.972079616596483,0.5978395157488925,1,1,1,0,1,grocery,0
138.34810956305088,16,9.177836046029595,0.5383713236387263,1.3132420020728621,1,1,0,0,4,online,0
30.454280169741477,19,2.705796902803546,1.9351221991638414,0.8493625825913287,1,0,1,0,5,retail,0
19.55083324999199,11,4.381254545647063,5.588988283720038,0.6881969754661632,0,0,1,0,2,retail,0
51.986689121440406,18,14.088291861173234,0.631535584729858,0.8944137804681971,1,1,1,0,5,restaurant,0
56.56677876126396,15,17.993627326876567,4.072693314910434,1.1070361429216626,0,1,1,0,5,retail,0
189.71477822375937,9,35.83246409661172,2.843854124212626,0.9193100435966074,0,1,1,1,5,restaurant,0
149.62341397430438,7,7.69209775586389,4.237567353600076,0.4210478698812503,1,1,1,0,2,restaurant,0
31.405007601096354,21,0.7124963245512116,9.203797488772542,1.2537540898540296,1,1,0,0,1,retail,0
4.7035255319022,19,13.352263063493684,12.011305433123516,1.8406625981554527,1,1,1,0,3,retail,0
56.80077200547248,14,5.386943961464217,2.9579839845324685,0.5396861130300087,1,1,0,0,3,restaurant,0
129.8194061799035,13,20.297166943069275,4.690460818307017,0.8828114426173153,1,0,1,0,5,grocery,0
332.50583436634867,3,33.98926373996637,8.8792016911052,3.3945628098508984,0,0,0,1,4,online,1
758.8825148120299,2,143.6412090585299,15.569508416991956,2.701355017732621,0,0,0,1,13,travel,1
1.561348133590169,21,6.990323383452925,1.9965782318783978,1.2733916843274926,0,1,0,1,5,travel,0
40.0329587074334,10,0.5546105404891,9.73047158089856,0.797790762417107,1,1,1,1,4,entertainment,0
95.55766225677749,18,5.921102562046094,0.6763626605203485,1.4064306372457003,1,1,1,0,4,online,0
58.397756973983086,20,11.721173854500599,7.862561841181289,0.9351323290746852,1,1,1,1,1,retail,0
94.77298947437109,17,6.735223949871801,1.3225553242149002,0.8077765064225711,1,1,1,0,3,travel,0
43.57969188361735,7,3.614511639325391,0.1,1.328419729998506,1,1,0,0,5,travel,0
143.49002172850453,7,26.880272726693235,5.333057603628173,1.3055518153514636,0,1,1,0,5,retail,0
93.85550778903027,15,5.891469529616968,1.0058572675224893,1.3168681560954818,1,1,0,1,3,restaurant,0
111.6782423765695,19,3.7285956384126435,0.8086902591768308,1.1765648396249535,1,1,1,1,2,entertainment,0
1.8258388744000662,10,6.1749352501591215,3.736181233553715,0.46506993172389754,1,0,1,0,4,restaurant,0
51.829965115025864,20,4.139573208775933,2.971664853821766,0.9541625982950166,1,0,1,0,2,entertainment,0
37.903350278747475,13,1.9375604271609916,4.837622855671547,0.6980997376395706,1,1,1,0,1,restaurant,0
226.12578346268367,8,5.45607490523477,5.298546475259757,0.8025783801937986,1,1,1,0,2,grocery,0
4.405215893576146,7,2.1704444582041083,6.9453321703414295,0.9177443998754824,1,1,0,1,5,restaurant,0
63.85873800581276,13,15.70622553415863,1.0618219680003622,0.9152661159276658,1,1,1,0,1,grocery,0
7.3506495722412035,22,14.765262076462644,5.35920811877581,0.674322014224617,1,1,1,1,2,retail,0
4.019688060060018,13,12.195597163484965,5.633681410048333,0.6367352786102072,1,1,1,0,2,grocery,0
50.0,1,51.0059357791497,48.73193258117078,2.9356617439821973,0,0,0,1,8,online,1
68.00414873769215,6,21.3805153537332,0.7640551933535306,0.8888775164341013,1,1,1,0,1,restaurant,0
345.3746124183547,7,1.941027188783929,1.1562245509324351,0.6058416519437491,0,0,1,0,1,online,0
180.56771680472048,15,25.065594519906654,8.503485669320598,0.9896610777721104,1,1,1,0,5,travel,0
113.63896127945459,11,12.126484354580192,2.4686900045653606,1.6151490971878801,1,1,0,1,2,restaurant,0
145.56748130395528,21,17.701097932262712,5.135435124634501,0.9021429574807177,0,1,1,1,1,retail,0
283.66298020325337,4,128.27369690887775,16.948977249814874,1.6856337720201746,0,0,0,0,8,travel,1
17.435873964184655,19,9.191182503652946,19.555318921910597,1.1200813497860571,1,1,1,1,5,grocery,0
31.223882418384427,6,15.375513287642502,3.636547657886751,1.1639818925640613,1,1,0,0,5,entertainment,0
66.45158933388754,8,21.25473048635665,5.131943799996998,0.7349195130153721,1,1,0,0,3,entertainment,0
34.964457753615534,13,35.39999275705665,1.5035736834440014,1.3601847845962645,1,0,0,0,5,grocery,0
8.652795683087525,21,29.330821373601395,4.591994508209188,1.1688215252784118,1,0,0,0,5,grocery,0
24.649368614806097,20,2.6397362045275092,4.544856726038659,1.3405442378310217,1,0,1,0,2,retail,0
50.396866172329595,19,7.578146420404618,0.1,1.0341791514704959,1,1,1,1,2,travel,0
25.02346514440848,7,8.037878821387261,7.658109439831615,1.1511606436848305,1,0,1,0,3,online,0
60.84377985032623,15,0.42620269670639777,10.923071921914822,0.9280955163004706,0,1,0,0,5,grocery,0
176.23316270990244,9,23.0225034698965,5.700264573390154,0.650327521014624,1,1,1,0,2,retail,0
25.976283444025366,16,9.207686538361768,7.797659384096263,1.066510687775696,1,1,1,0,4,grocery,0
208.70991676518204,15,20.51453406222577,0.31934311926700487,1.0884300846614088,1,1,1,0,4,retail,0
89.35097965809035,12,12.353330835628238,19.29580645913041,1.209483648339108,1,1,1,0,2,entertainment,0
148.0929830726133,22,2.4893543391884942,1.3173002454549776,0.7873542211960753,1,0,0,0,5,retail,0
117.02676144533463,19,32.03829895779405,2.5492055406872787,1.1026155523198076,0,0,1,0,1,entertainment,0
90.50566539608451,6,20.40394129612872,4.537592594873258,0.9765694971120444,0,0,0,1,4,travel,0
160.3738968483404,10,18.254295017611174,2.644922501431921,1.0646657180186636,0,0,1,0,4,retail,0
33.15706978357286,8,0.910902698064479,1.161446897504517,0.6817543411804882,1,0,1,1,4,retail,0
11.14838364591651,12,1.494174503285206,2.18113319990383,0.8443336838920636,0,1,1,0,4,restaurant,0
11.047126919628438,15,13.277043051715369,2.699879105936125,1.2861398619615636,1,0,1,0,2,grocery,0
132.35458984322776,19,6.705309683739722,1.4648149054488102,0.8661674107564334,1,1,1,0,2,grocery,0
193.5436263257567,20,11.347739930625735,0.9125298844875268,1.470786224375456,0,1,1,0,1,grocery,0
61.317283320591656,19,1.6033451439106297,3.5108002620273266,0.8275281260472239,1,0,1,1,3,online,0
13.7849188785548,20,29.731814686615003,0.8799147789158535,0.7193278074401788,1,1,1,0,5,retail,0
68.60259908751557,7,25.45833269871126,5.866094174321857,0.9255102037319782,1,1,1,1,5,online,0
152.0766020482131,19,13.047566177197474,8.475140430961892,0.674348584495887,0,1,0,0,5,restaurant,0
193.3734983928199,20,6.710059325875891,4.778115748651555,1.4191733444674168,1,1,1,0,3,restaurant,0
6.812391991116494,10,16.03706668437003,4.839420516515079,0.9745743848622084,1,1,1,0,4,grocery,0
235.57318157282526,4,51.75548599242272,148.62338437817405,3.7318273007026725,0,0,0,1,8,entertainment,1
245.06335372513314,22,98.45472764122317,35.219239976085795,3.70481657847237,0,0,0,1,4,online,1
119.21618557794842,14,15.866161909310945,4.127702814361377,1.3175344157984927,1,1,0,1,1,entertainment,0
16.662832050676005,7,14.372492775878058,5.765679256663027,0.498962847513408,1,0,1,0,5,retail,0
38.70023513471701,10,2.452526445548065,4.842366513306219,0.973135718467452,1,0,1,1,5,online,0
7.430872628829405,13,4.186670656703374,11.626964595110428,1.6852560853876648,1,1,1,0,1,grocery,0
123.9235447661679,14,4.893268532469877,5.001442758753712,1.0415371115841943,0,0,1,0,1,travel,0
4.825584469007323,7,2.9814872184358125,5.564769696371591,1.1244139185159372,1,1,1,0,2,retail,0
119.83636026748697,6,5.9464001937882385,3.0736330496821407,0.8946578704880173,1,1,0,1,2,grocery,0
34.45498486172636,20,6.705663473777367,2.6282634887931278,1.0596634035696106,1,1,1,0,5,grocery,0
66.5514104263989,23,70.62474581300408,133.25276422677058,2.343797394229062,0,0,0,1,12,travel,1
33.06615783141802,9,6.284118759291319,11.755463452356098,1.200790390690783,0,1,1,0,3,travel,0
40.13333439747857,13,16.346970502221975,2.8880548722733663,1.0917064160273269,1,1,1,0,1,entertainment,0
54.465178520822235,13,6.528620893215168,8.47329592411212,1.4018302499772848,1,0,1,1,5,retail,0
201.45256372141174,6,2.0860025569818177,0.21921562986897652,0.42973956843698635,1,1,1,0,1,grocery,0
9.904186392764364,12,2.071122608918431,2.4431953137373617,1.3926309700319501,1,1,1,0,1,grocery,0
65.53641246123546,17,9.436215127463681,15.236697106267272,1.084574636824533,1,1,1,1,2,grocery,0
39.35482741691252,7,6.223643317232258,6.955151017682109,1.257751531802133,1,1,1,1,5,online,0
161.3570369595524,8,15.482643239219911,3.8398751703226597,0.4689237968647433,1,0,0,0,5,entertainment,0
24.69424514784279,20,27.02406787290773,2.155194412381406,1.3954347012252635,1,1,1,0,4,grocery,0
69.09338003743844,19,4.888871982558968,0.17549264752632746,1.249553906074882,1,0,1,0,2,grocery,0
384.8914961066029,0,114.13670030037764,28.0618245941344,1.028151339631096,0,0,0,0,6,online,1
124.46614526802537,18,0.9759108317707941,7.004995383746616,1.0232089041020864,0,1,0,1,3,grocery,0
68.57861100735329,20,19.12895777253524,25.329822086557794,0.9816819896202793,1,1,1,0,1,retail,0
53.45682564588468,19,18.796077441647693,1.0463803582097988,1.3049468464050913,1,1,1,0,5,entertainment,0
90.49294905645854,15,6.94811096674095,14.402991268166435,0.8575338974948112,1,1,0,0,5,entertainment,0
14.23632358819497,11,11.439628847172825,5.377061019383001,0.40892386017428195,1,1,0,1,4,restaurant,0
20.15185031216661,8,11.586042467441274,0.4152774590521562,0.8476788179526309,1,1,1,0,5,retail,0
122.28816988766427,15,0.675022523351026,5.307941063468489,0.9961637026055402,1,1,1,0,1,grocery,0
4.200381654961875,21,7.349767958732109,3.9108483736144657,0.4799909910742899,1,1,1,1,2,retail,0
245.93774853035762,3,9.871333454044183,73.72735876747343,5.227393304719839,0,0,0,0,7,retail,1
1.9784134647782203,7,23.34942130251332,1.21684339861958,0.9609559951859695,0,1,0,0,4,entertainment,0
71.94647309512146,9,9.440519570243287,2.4987427676526957,0.7388987561846239,0,1,1,1,2,entertainment,0
100.25981281510072,15,4.862967301711792,0.4596681663629907,0.9990407444659393,1,1,0,0,1,restaurant,0
17.982802606862805,13,10.610789260018867,8.782443216974995,0.9905571030854519,1,1,1,0,4,entertainment,0
173.03651331448518,8,13.746335506454079,1.7292884689895645,0.8017934680074786,1,1,1,0,5,grocery,0
56.115777166206584,22,0.7679650864976496,1.5569184131535796,1.3321434999355848,1,1,1,0,5,retail,0
118.9745704536798,18,0.5493730889123722,8.770017383296842,0.4069463288821943,1,0,0,0,3,restaurant,0
17.315666168809752,14,4.981660297837237,4.258314051830384,0.3703078816479849,1,0,1,0,5,restaurant,0
27.53783940431532,19,3.5034146941967985,1.4466263208571164,1.3705761213384724,0,1,1,0,1,grocery,0
133.33306766517234,20,0.575107599392135,2.635233827918638,1.0907004049698434,1,1,1,0,1,grocery,0
161.42870018070565,6,7.2859652700439135,2.615815630585673,0.784258641126875,0,0,1,0,1,travel,0
36.92954983637267,6,0.9376208370874352,1.2564230549004383,0.8000170980333918,1,1,1,0,3,entertainment,0
6.924372880266056,21,5.6778164957809265,9.64520008304648,1.3262079644824318,0,1,1,0,4,restaurant,0
137.29653974231425,17,26.626872035802403,9.889104710108182,0.767659499159332,0,1,1,0,1,retail,0
385.19448520145903,4,171.44239360449106,3.576706860954358,0.5,1,0,0,1,4,online,1
9.614296364142735,17,0.5542464170454171,3.119933037697918,1.4051362064885484,1,1,1,0,1,grocery,0
1.0278083746897928,12,12.471685028957607,4.414705371725587,0.9101894892237498,1,1,0,1,4,grocery,0
84.49579447354307,9,11.90381096368576,3.6339265102793568,0.8627765470674325,1,1,1,0,3,retail,0
35.14156893837996,13,0.13860305118482036,14.635740189408208,0.9235498193467264,0,1,1,0,5,retail,0
66.9644084741242,6,0.9442418010695118,23.075152808542786,0.8206053205060202,1,1,1,1,1,grocery,0
24.36006861106508,17,12.488097364497053,10.066478005401521,1.41361463585983,1,1,1,1,5,restaurant,0
282.32617250499334,18,0.5757397304184221,8.612210124203852,1.171556185244768,1,1,1,1,2,retail,0
36.27925492471134,12,6.762472609060193,17.416545024702057,0.6021207887570172,1,1,0,0,3,travel,0
90.66031183382808,12,11.33760700353725,1.8141600243991516,0.7761978493912277,1,1,1,1,3,entertainment,0
24.068216321746103,12,7.3978969199534985,1.8404222095882747,1.3020563393237903,1,1,1,1,1,grocery,0
190.00000657868043,11,20.01250254469687,5.280505913391304,0.6570556651460098,1,1,0,0,2,entertainment,0
47.35222144871309,10,20.83834154817923,1.193326552286509,1.1527643389689919,1,1,1,0,2,retail,0
11.052408340328462,10,13.935690630265633,9.882131555669645,0.7751842436687353,1,1,1,0,3,grocery,0
30.963125797365155,19,1.1753602981453084,23.97191849496872,1.1561307484088799,0,1,1,0,1,restaurant,0
27.273682586162757,18,1.2574763740942414,3.644305025783235,1.0658165903921626,1,0,1,0,5,entertainment,0
138.52112429237846,7,5.510859871726261,2.833112244176968,1.273266634368876,1,1,0,0,3,retail,0
6.680515980653013,22,16.66582578771736,2.146133922058162,1.2248994458206366,1,1,1,0,5,travel,0
17.54742568078746,17,2.008875895258795,0.7666799019042325,0.8592632831667097,1,1,1,0,5,travel,0
44.945833801096036,15,19.457217630226467,0.1,0.7343849107428012,1,1,0,0,2,grocery,0
145.05340228541087,11,4.108237178185131,12.062895410034859,0.9837445196932554,1,1,0,0,1,grocery,0
16.31837056494404,13,31.490362119420745,2.0322095621260288,1.4991664106508402,1,1,1,0,2,grocery,0
298.4222067628676,9,9.844761826653702,10.085001630549645,0.8516210295624005,1,1,1,0,3,restaurant,0
38.29456451580628,10,7.896729522707224,0.4938231155170578,1.0812856556676447,1,1,1,1,1,travel,0
22.318151603897594,13,4.277909150426281,3.3262556981537275,1.0207957059556871,0,1,0,1,1,retail,0
168.64753025007533,12,11.304620659952889,5.766646171884372,0.8546159039177358,0,1,0,0,5,grocery,0
21.217251437267958,18,5.977635059448111,1.0953874101488512,0.957686689082009,0,1,1,1,2,grocery,0
24.957682501062802,13,3.1696139997202266,2.0186678687122845,1.050426034206372,1,1,0,0,2,restaurant,0
69.40237697911004,1,161.54986007970166,48.135407435651075,2.3989831326106064,0,0,0,1,4,grocery,1
101.01392354279025,4,77.41429119898369,3.595036434900402,5.600841398867994,1,1,0,1,3,retail,1
55.88822525564768,20,12.782137096781877,15.769932840137564,0.8216241242956915,1,0,1,0,4,restaurant,0
7.868564915872839,20,6.312652245033094,1.1124987400292583,0.8036103861675253,1,1,1,0,2,entertainment,0
48.461531713703884,7,0.4590516599735283,0.6678026733594173,0.7255063812237503,0,1,1,0,1,grocery,0
36.825005040028095,7,18.517861786118686,38.09325176674817,1.175703264028224,0,1,0,0,4,entertainment,0
51.410476057994785,3,295.55031341290237,42.986862920677645,5.225285821600396,0,0,0,0,7,grocery,1
201.92932967585207,17,3.6249691233569656,3.6915541699742205,0.5794960731985146,1,1,1,0,3,grocery,0
121.82079538032713,7,25.33431963207876,0.6554558424428296,0.8564820317975042,0,1,1,1,2,entertainment,0
276.1831549021009,13,30.27446960349231,12.581462830071967,0.7550282076874233,1,1,1,0,1,retail,0
50.2351740803606,11,3.8005770354422275,12.008061807499598,1.0186733102073033,1,1,1,0,4,grocery,0
89.9463860228245,21,18.813633435165354,0.5262107162177997,0.8046375077152362,0,0,0,0,5,grocery,0
278.4904821534377,1,121.99881043850725,207.67089486968646,4.2119690034448185,0,1,0,1,12,online,1
29.836855660276203,7,12.343466063146327,9.738705051522594,0.7403451798271348,1,1,1,0,3,entertainment,0
376.5417980580719,1,109.63518550662336,8.032949417336486,6.821124408104591,0,0,0,0,11,travel,1
14.228229501384586,15,12.905134038361902,4.989789289242731,1.1114765650206362,0,1,0,1,5,restaurant,0
60.9803410452746,10,4.563112271091938,5.909212032759648,0.6571215616677287,1,1,1,0,5,restaurant,0
20.00396546440889,9,5.387547851017946,2.7276036652174502,0.7596160513603101,1,1,0,0,2,travel,0
206.85804973191318,9,11.504293658892408,0.6795660618082255,0.8895468519466201,1,1,1,0,1,retail,0
64.18126308632034,16,6.325766557945359,2.044797408718944,1.77838867381548,1,1,1,0,5,grocery,0
15.594685617985816,8,4.230621591584394,16.163794096680444,0.80293123105091,1,1,0,0,2,restaurant,0
266.11335617349727,14,2.4696847111810154,2.1214373464457865,1.129310083231452,1,1,1,0,5,grocery,0
129.59739068774118,0,38.16930489532369,16.0530253322267,4.143420258856079,0,0,0,0,10,retail,1
215.58384602852075,22,6.77537630757338,10.968336704119572,0.8309802755323691,0,1,1,1,5,restaurant,0
23.728320640896406,10,2.3330145669207623,1.0865368906570825,0.7011898129599206,1,1,1,0,3,retail,0
29.660502257794597,13,13.34675232081624,0.3366036327805752,1.1023909152006708,0,1,1,1,1,travel,0
25.052194577098625,8,17.635986073740867,5.113010621027426,1.4049222136078483,1,0,0,0,4,grocery,0
169.45618781564465,11,33.90575263412025,8.371554724661749,1.0488384941636033,0,1,1,0,4,restaurant,0
21.22702604012837,11,24.237056272125766,0.7746757084375978,1.3340726878608429,0,0,1,1,4,entertainment,0
45.75699973935092,11,9.937388530210121,13.858159891040788,1.1356662329996452,1,1,1,1,5,restaurant,0
197.66922113004242,14,0.8901392625606858,3.897068201794889,0.6251430096198233,1,1,1,1,4,restaurant,0
16.713674493703724,10,0.25616733673130426,2.071963612659094,0.9088122058144982,0,1,1,0,2,retail,0
9.893883496726076,10,0.9164699645347327,1.6905411552064489,1.2681387241684696,1,0,1,1,2,travel,0
63.11909062825337,10,14.087351868359377,7.4827772067664045,0.8921369117791684,0,1,1,0,2,grocery,0
50.58699375945753,8,23.06990378012205,0.1,0.901078325566984,0,0,1,0,4,grocery,0
210.21236430454036,9,7.945508917146864,3.5585556786446753,1.5737855675434584,1,0,1,1,4,retail,0
269.3852367189878,11,3.3752353304272424,0.14278356414775553,1.0017736636072525,1,1,1,0,5,travel,0
134.9617206888907,22,392.60455079290216,170.69301122117932,5.132279143386776,0,1,0,1,14,travel,1
32.29803242892179,6,2.4814251831838927,16.72586599732071,1.0483932460608771,0,1,0,0,3,restaurant,0
89.30315202043755,19,1.4301220045384089,13.247627822793941,0.8212131041655097,1,1,1,1,2,restaurant,0
13.82805309389225,7,9.091500007312014,4.283870885232412,1.4518421528840995,1,0,0,0,5,online,0
17.944907499380637,22,0.1,12.194228084763235,1.029622740574981,0,1,1,0,2,restaurant,0
46.06917393885474,6,3.6143356285290333,12.580346873759336,1.0010367883613938,1,1,1,1,4,entertainment,0
15.15000211704466,11,9.014334028945658,2.8206011069178842,0.7459083698393645,1,1,1,0,4,retail,0
27.113725170697105,14,1.5913682593101397,0.9144898644076211,1.6772861912651242,1,1,1,0,3,grocery,0
113.76242948394787,9,5.1873231853227875,3.4154264846621074,1.2507729319413783,1,0,1,1,5,travel,0
53.686839960708795,12,23.659252664875517,6.339887386075496,1.5922350451479805,1,1,1,0,5,entertainment,0
19.848477910317204,13,10.545934769973735,1.463843852774679,0.7660736414176006,0,1,0,1,5,retail,0
237.20746275516842,2,55.01868599157745,115.17353575420559,4.508191723224603,0,0,0,0,12,online,1
862.9379794026274,2,18.8381126144068,5.117366540585569,3.9924353555589525,0,0,0,0,11,entertainment,1
44.83802427942217,16,3.1876672310106313,5.7434852492288435,0.9506429096382664,0,1,1,0,3,retail,0
109.78860413326325,21,0.3346761342103035,8.955614607491503,1.0251318996800187,0,1,1,0,1,restaurant,0
78.25296862015226,12,3.8060294815169726,1.2138957893834963,0.9802528810856039,0,1,1,0,1,restaurant,0
57.028338312137315,10,27.356275792298984,11.727961325407751,0.6869743460843211,0,1,1,0,5,restaurant,0
23.404042933619635,10,10.146399365791549,0.7956802550114396,1.18816020058004,1,1,0,0,2,grocery,0
6.40602746435062,18,9.333038637629192,7.442550032709611,0.8929508382558637,0,0,1,1,3,retail,0
105.64056177318612,13,0.5053437194635704,1.1939417398089016,1.098870504697002,0,1,1,0,4,entertainment,0
86.73760880472318,11,20.157743033663596,0.10352196746612763,0.8699725826655442,0,1,1,0,2,grocery,0
38.73974369194884,21,12.420456670562583,1.066504388432979,0.9260092440919092,1,0,1,1,3,entertainment,0
42.32139372875708,9,4.911031156087142,3.2313702611023842,1.2040003047123862,1,0,1,1,5,grocery,0
62.90685026754264,17,12.609180958135376,1.7609865246165044,1.5666339351294916,1,1,1,1,5,restaurant,0
136.05567224155828,15,3.3880684104841556,8.570920404741756,0.7738866237888644,1,0,1,0,5,restaurant,0
98.83601191814986,19,17.150306283743767,11.093970015953369,0.9697431883125326,1,1,0,0,5,grocery,0
61.79618789617882,10,3.0549804698164893,17.904105825129694,0.8468874023568911,1,0,1,0,3,retail,0
69.36059682663955,7,9.347315812601575,4.175254374665716,0.8377533447350254,1,1,0,0,4,grocery,0
6.344170781604065,9,1.6203634350625984,8.093715569003002,0.8185520342411262,0,1,1,0,2,entertainment,0
119.20929597853203,12,5.4812843698751035,0.8410952405368142,1.208396339302434,1,1,1,0,2,grocery,0
10.314050355288515,22,6.174814467064608,5.585745603994886,1.0612309676665164,1,1,1,0,4,retail,0
84.97299108277628,11,0.1,3.4531645156637514,1.3073608814823106,1,1,0,1,2,retail,0
64.79853491261352,22,0.9352626074426373,11.469469902157979,1.2314427402458628,0,1,0,0,4,retail,0
141.0394413150696,11,15.966202669959113,6.35275046611447,0.8912631019441519,1,0,0,0,3,travel,0
1.8209131335547981,12,7.930516454566064,4.979790339394995,1.1459448470320166,0,1,0,0,5,grocery,0
1.5464403296512828,6,9.059318134664359,5.000606295308603,1.2984985365617325,0,1,0,0,4,retail,0
2.988858240758619,11,17.050532173901342,1.8885231019943114,0.6624797030892027,1,1,1,0,3,restaurant,0
18.848227060021056,11,1.0412887441973175,11.893899447787266,1.2529387024444263,1,1,1,0,4,grocery,0
18.115181643999364,17,3.8273503378473377,0.3094972387836325,0.5016707088154783,1,1,0,1,3,retail,0
20.917959987214587,11,0.5698158373442805,6.978282636501616,0.48182057583272897,1,1,1,0,5,online,0
179.6204516715876,11,4.718011332641942,2.546589922416855,0.9864370608734977,1,1,0,0,5,grocery,0
27.698951425176176,18,20.873715549455333,1.2124563673742226,1.0041951174518002,1,1,1,1,3,grocery,0
54.759406531444895,6,16.22912562329953,2.333716285861461,0.9388690276720697,1,1,1,1,2,grocery,0
260.6732499600705,9,30.18735765568696,1.8396024743650745,1.11892792653529,0,1,0,1,3,restaurant,0
20.472923672266738,18,21.682449827355875,0.4533260746514939,1.0281359279855131,1,1,1,0,1,grocery,0
64.31991403675829,23,81.03803438122478,26.167591615865337,3.6572007743370434,0,0,1,1,14,grocery,1
283.654139021043,13,1.7838705486533648,5.0980245203850405,0.9485755054603977,1,1,0,1,4,travel,0
1.0,7,4.189787722929211,5.278120207189302,1.2379993105040374,1,0,1,1,4,retail,0
62.742590574221076,22,13.232670252216085,4.929917669323347,0.7832559360072993,0,1,1,0,2,retail,0
26.0420999714636,6,17.95215678591737,0.6007837518952054,1.0311262698650356,0,1,1,0,3,restaurant,0
3.7089859216427783,16,13.41539147888474,2.810698110734928,1.0379977094671107,1,1,1,1,2,grocery,0
44.25006944931489,12,7.04879611431405,7.452546921365998,0.6759481456983525,1,1,1,0,3,restaurant,0
45.90324878520701,20,4.370577336379617,1.771194413667733,0.726950495174487,1,0,1,0,2,grocery,0
10.798228574482021,11,6.575700805226049,2.441946415189073,1.3795953122818976,1,1,1,0,5,entertainment,0
136.91686741874716,22,2.8833140535773296,4.62145686027827,0.8973985479787655,1,1,0,0,3,retail,0
4.206628686025261,22,9.994666049894787,0.9467644369862566,1.1292034555412511,1,1,1,1,3,online,0
14.497751794015493,10,26.8149586149227,0.30830980231327393,0.7169813088030781,0,1,0,0,3,grocery,0
7.888511497742957,11,10.411157044093656,0.802041865969103,1.0275865859888949,0,1,1,1,5,retail,0
156.4930625691764,21,7.302820091116312,1.0909650072209436,0.9663465496720592,1,1,0,0,5,retail,0
57.72716385945351,1,48.07794749278905,122.79490962080769,3.6627242351577296,1,0,0,1,3,entertainment,1
82.11845285368896,18,24.44658300798345,0.7951600236987306,1.0578512408996943,1,1,1,0,1,grocery,0
361.7054436615773,21,6.408835473439965,2.4708878880522827,0.793447537814393,0,0,1,1,2,entertainment,0
12.888274017168765,19,40.437757400427245,12.145305106091104,0.9167035697085014,1,1,1,0,2,grocery,0
18.562212793048246,10,19.84990652847041,4.710234431411332,1.5756527266767981,1,1,1,0,2,travel,0
485.02870733611843,12,0.46439045635294324,7.084703672570624,1.746314218444922,1,0,0,0,5,grocery,0
108.98944494947293,8,41.10372051669657,7.4317522120446,1.2645177822183453,1,1,1,1,1,grocery,0
52.698587545931204,12,1.7710460338665595,5.4982876647579815,1.40586763793774,0,1,0,1,1,grocery,0
411.15973397658433,18,1.2944349127542223,2.0561460397217477,1.0407699660591712,1,1,0,0,4,grocery,0
45.29787780027293,12,13.193301271420086,1.9176776740595123,1.4544361296041015,0,1,0,0,1,retail,0
64.62535528921205,22,2.6235926560810845,1.4187877118666805,0.8909736260797396,1,1,1,0,4,restaurant,0
98.26898010839948,20,4.299878126156535,12.29344163790657,0.41453537797040063,0,1,1,0,3,grocery,0
1.9137967945259193,14,0.1,15.186513331760246,0.531043196263552,1,1,1,0,3,grocery,0
194.3916101911138,2,143.73411749933493,80.35384141674272,4.514067636054328,0,0,0,0,9,online,1
1.0,16,7.059519318513559,7.753919906704583,0.7895009674518373,0,1,0,0,3,entertainment,0
1.0,8,1.7543168730565741,2.54284387215117,0.7706677776009383,0,1,1,1,2,grocery,0
57.347244730886935,20,7.4036648801448806,6.150957034764812,1.4748236374349708,1,1,1,0,1,restaurant,0
23.511106743472112,11,0.8906521583901307,18.825384794573743,1.4648663191091948,1,1,0,0,5,entertainment,0
103.48832033569074,10,9.411257281710284,4.21669633877677,1.0672512298503734,1,1,1,0,4,restaurant,0
203.059046056963,21,17.51574004103464,0.3025887265033012,1.4587526011999152,0,1,1,1,3,restaurant,0
34.582800283797624,7,1.2713305299318998,2.7525023345178514,1.095328427774339,0,1,1,1,4,retail,0
49.40046765466533,17,3.2533414166294605,1.0803782644330326,1.1893050959895075,1,1,1,0,3,restaurant,0
76.40562188079033,17,5.475829852872697,0.2863392525599056,1.081452786644121,1,1,1,1,3,restaurant,0
120.59235082781444,17,8.760613598807993,1.5458624364068072,1.0814235640854144,1,0,1,0,5,travel,0
79.37153661676994,22,2.264185340910036,3.430467689690659,1.3402741178910889,1,1,1,0,1,grocery,0
80.25011554440323,12,0.455146825803572,0.9352639772054756,1.3786547727491494,1,1,1,0,4,retail,0
90.18391575250925,22,5.104549386013709,6.199505575339829,1.1371431557988,0,1,1,1,4,grocery,0
7.283060608336125,15,1.3262128571322718,5.414291234748085,1.0798958045547795,1,1,0,0,5,grocery,0
144.84710306064312,9,8.842725365342286,3.9938852956456214,0.7705522212991812,1,0,0,0,5,restaurant,0
45.822745471756726,9,0.1549505474785242,8.687904661360871,1.0016637233772654,0,1,1,0,3,retail,0
122.7484660982956,12,2.177951474791103,4.213394482610944,0.40138565507526913,1,1,1,0,1,travel,0
72.43572753353118,22,2.8488196009588798,13.487069841223391,0.7607178861548738,0,1,0,0,4,grocery,0
60.0922314191847,19,11.487967001787814,0.5862987584916696,0.9616066859576102,1,1,1,1,4,retail,0
75.90356858661966,2,58.0266123906205,50.51031995396662,1.1126426611673268,0,0,0,1,4,travel,1
87.26917937307674,7,8.793261644967131,5.695336364419324,1.1859742164927605,0,1,1,0,5,travel,0
254.46678255369997,3,19.65677556026553,26.114281753029562,4.101030959562508,0,0,0,1,8,online,1
51.02853152362174,12,1.0023346801092112,2.5915989694402937,0.860802482943732,0,1,0,0,3,retail,0
50.0,2,165.6389730622057,46.87120364223243,6.17518569946423,1,0,0,1,10,online,1
78.72710003388511,9,1.5297616208245945,3.256958549642255,1.0048076662173477,0,1,1,0,5,entertainment,0
414.4696003373715,1,5.642791030215872,9.555420672834794,4.079740361305655,0,0,0,0,5,online,1
73.10571149876532,11,32.66109070493951,1.4834118824998672,0.814665931087836,0,1,0,1,3,entertainment,0
1.292639729835341,22,4.052714750450446,4.127245768784681,1.3972988837182279,1,1,1,0,1,restaurant,0
212.20448385766247,13,12.880519269571813,11.724357062881637,0.6163584408841842,0,1,1,0,2,entertainment,0
73.16380339685128,17,21.25433813760501,0.1,0.7278330604070479,1,0,0,1,3,entertainment,0
233.45858405874307,15,26.169338594074603,6.465664118816438,1.0505757903144453,0,1,1,0,1,grocery,0
11.891629644307379,20,9.361214448896028,1.5181062750604561,1.303917096421646,0,1,0,0,1,restaurant,0
386.42495255349246,7,9.426018034608633,5.311488291989489,0.9889462306860041,0,1,1,0,5,restaurant,0
15.994996967474231,8,7.580844855982568,12.053490034299903,0.8939462868680298,1,1,0,0,2,travel,0
111.15682336912032,19,10.027176123107358,0.406295995486054,1.1734457126283628,1,0,1,0,5,entertainment,0
84.4353185708199,9,4.612083789185,3.4726209830652532,1.2335199613541306,1,0,1,0,3,retail,0
50.0,2,5.0,15.570427954417635,5.863083485609916,0,0,0,1,9,travel,1
13.89066169746884,6,6.3167623265876225,1.123204374138109,0.6717327198361049,0,1,1,0,3,grocery,0
20.001050328489786,22,41.25154875096344,3.7055336336803513,1.0709963696658733,0,0,1,0,1,entertainment,0
26.272980911119674,15,1.8094618577633241,3.0168483740994385,1.1453496574518107,1,0,0,1,1,retail,0
7.760486862484154,17,3.3556902130421022,10.777947053831285,1.5233062353197584,1,1,1,1,2,grocery,0
1.069614991624375,18,18.15759855238569,7.794105890086912,0.6293708097567456,1,0,0,1,4,travel,0
13.899929631614663,18,9.400915295527172,5.4284391370790175,1.3243923978620002,0,1,1,0,3,retail,0
3.7675501562016422,8,6.000053144930328,4.816852531056984,1.0359777164629695,0,1,1,0,1,restaurant,0
17.965219173786114,10,5.402808600144083,3.3579322800226814,1.2519583679737751,1,0,1,1,1,retail,0
112.18151132897356,22,4.633602805844519,11.382716904018185,1.245406942897172,1,1,1,0,5,restaurant,0
247.3194391782738,17,4.328063785615323,1.4143691058248602,0.8026679198595665,0,1,0,0,2,grocery,0
15.01110629518561,12,2.5523524869792973,3.981544823361449,1.4352724981875906,0,1,1,0,1,retail,0
54.26347466733547,17,0.16440306061075508,5.3778496544317225,1.1760290146290941,1,0,1,0,5,grocery,0
12.682930760004393,8,3.377348151677836,0.913698382292643,0.49043696686628624,1,1,1,1,1,retail,0
24.75074913433258,22,3.0202054794798174,5.93980031802465,0.6970765965688035,0,1,0,0,2,grocery,0
99.60358425422095,12,8.33325725539938,2.939773653554428,1.2755833785251107,1,1,1,0,5,travel,0
72.0453582858757,21,1.721770551805857,1.7867372395813588,1.174297786628838,1,1,1,0,1,travel,0
9.691715486049613,21,21.613433343105694,4.584031528872305,0.2804709140675322,1,1,1,0,3,restaurant,0
41.35375944607958,15,0.1,2.0249095194162035,1.0257882810770864,0,1,1,0,5,entertainment,0
58.44557401721037,20,10.364996329261562,7.6242993148333325,1.2491838401848412,1,1,1,0,1,grocery,0
173.84484320246008,18,24.483343155652115,1.0858576731832636,1.697520574537593,0,1,1,0,2,online,0
105.55770075398705,8,16.31471434141057,1.2330146749830644,1.1817376291160335,1,0,1,0,1,retail,0
19.434559841441917,8,8.659865176156789,8.581763751316771,0.7223992985910774,1,1,1,0,2,restaurant,0
185.63876987998134,10,29.43870870105709,5.144816731485891,1.1204530719811716,1,1,1,0,3,restaurant,0
83.64474246585054,6,22.190984152461695,5.0190287731850205,0.840213368510673,1,1,1,1,3,retail,0
141.9390544806074,1,239.59528537341671,1.0,2.5058336987333067,1,0,0,1,14,entertainment,1
127.68042906611919,19,4.736674919951302,1.6731300331554562,0.9464282989630057,1,1,1,0,1,restaurant,0
57.31746381917755,18,32.645694139784524,2.1418707760591453,0.7548179428983899,0,1,1,0,4,grocery,0
25.25850925541328,13,11.553260653894096,1.8275230702155465,1.0931247805653677,1,1,1,1,4,grocery,0
8.520293192433671,21,2.485125450374687,6.291273226108613,0.9529381053250148,1,1,1,1,3,restaurant,0
48.589880735625,7,9.447075724370569,0.26635047694851055,0.9615405573678142,1,1,0,0,4,grocery,0
13.54673374912478,16,22.08572513617201,1.7865450591878518,0.7162843076601244,1,1,1,1,1,retail,0
105.1912956656509,15,5.350297076099935,8.535665569075672,0.9069855527294618,1,0,0,0,5,retail,0
35.63097896416575,21,5.0677717777557065,4.537291717768019,0.6755588684467643,1,1,0,0,4,retail,0
395.2589602882253,4,261.36367148491297,59.993661663780586,5.431920399949698,0,0,0,1,13,entertainment,1
110.1556397213713,7,13.126501259404082,13.502419605810118,1.1552262049030868,0,0,1,0,3,travel,0
241.05235251080873,6,6.667195738244628,1.694284708421581,1.0324563635643673,0,1,1,0,1,travel,0
94.3751901104283,22,11.57333002382009,6.221374372864866,0.7647424270652374,1,1,0,1,2,restaurant,0
57.889444609386146,13,4.69151015433101,1.822464792461819,1.0108900646722674,0,1,0,0,4,grocery,0
188.6325837569963,15,1.7730912410243902,1.1415737739910896,1.149286635265706,0,1,1,1,3,entertainment,0
70.93864435699507,8,5.815617789722784,0.578991823235691,1.2029917087589468,1,1,1,1,3,grocery,0
45.35879301287543,20,26.124032716423045,3.860859088993134,1.1423797382463514,1,0,1,0,4,online,0
27.793300562931794,16,4.971447950048315,0.9823744567387626,0.9941319493182413,1,1,0,1,3,grocery,0
210.90215410021193,14,7.139880167690976,2.4853790196766203,0.981986799323577,1,1,1,0,2,grocery,0
32.70451894773066,20,3.388990152146612,0.8133139063950496,0.6927559225854871,1,1,0,0,4,restaurant,0
126.44260287369929,13,4.703899548842739,9.280371697064094,1.0481281100742423,1,0,1,1,5,retail,0
35.6810837834182,16,8.93915338919809,4.507152187234704,0.9910363577695277,1,1,1,1,1,grocery,0
328.4557697825391,7,72.63681879426066,15.041851691046622,1.0391567372810921,1,1,1,1,4,retail,0
430.91093347976397,20,43.267770400993086,0.1,0.55603047762445,1,1,1,0,4,online,0
50.0,5,20.72703788047585,32.46367362697879,5.23325828116303,0,1,0,1,12,restaurant,1
50.452595182861224,14,1.0135861450618917,3.246468686419945,1.0274436891696508,1,1,1,0,3,entertainment,0
128.2191440080729,9,9.408442990201237,4.071220019865979,1.1933649177661603,1,1,0,1,5,grocery,0
93.407490487745,15,10.096432747876612,3.3873742347907587,0.9316429630836622,1,1,0,0,2,retail,0
33.431812276893524,16,3.796735129701032,6.845194159182466,1.619295643684583,1,1,1,0,5,retail,0
17.315534564913087,10,35.335231906435176,0.11573556679987904,0.3773354515879159,1,1,1,0,2,entertainment,0
84.50493799106981,16,0.2452052427700518,2.781166665102423,1.0311872918138956,1,1,1,0,3,entertainment,0
31.588190663333503,21,2.6818613266391305,0.14615104076327176,1.3275623995196835,0,0,1,0,1,entertainment,0
46.272787779046176,11,6.9448135061457625,3.5701796508726242,0.9793084711922934,1,1,1,1,3,restaurant,0
45.35882151741224,10,27.93416346623441,3.313321057427738,1.0713167202761067,0,1,1,0,5,restaurant,0
88.45635122081744,16,2.8936236798079236,4.66308958174055,0.586225574885902,0,1,1,0,3,restaurant,0
74.56372398599925,9,16.042639467935132,1.169563077516684,0.6106895221760473,1,1,0,1,3,retail,0
21.280677272009022,18,4.161015397860369,0.10418699622901621,0.5811703090035923,1,0,0,0,5,grocery,0
54.99981841871066,22,8.263878323021505,2.6995271783533052,0.8453257201858324,0,0,0,0,1,retail,0
84.85398949193451,8,7.108084112406643,4.373447130254872,0.38899170489144186,1,1,1,0,3,grocery,0
41.9256004773885,11,1.8183299012376501,1.170194507319258,1.3951206807718202,1,0,0,0,2,retail,0
91.04278018227359,18,19.301186669143387,1.4697911804543293,1.018802620218015,1,1,1,0,2,restaurant,0
10.039495661709388,11,0.6341692747284332,2.16514478003587,0.6487150776521748,1,1,1,1,4,grocery,0
234.8506364801037,11,1.0953608446920107,0.9283826058864397,1.52743249284956,1,1,1,1,3,restaurant,0
85.62970891336313,17,6.782815404160352,12.214990192244779,1.4044138731443387,0,1,1,0,3,retail,0
168.37431343277837,11,40.52305925345933,9.966072845776925,0.5129421658480059,1,1,0,1,2,grocery,0
175.2249778562993,18,15.249395849527026,7.983418512655096,1.0828002167190225,1,1,1,0,3,retail,0
17.18816503370968,21,4.507718784319902,0.1,0.5073449935095928,1,1,1,0,1,grocery,0
274.7674248947433,13,8.775380016081742,15.159353410890354,1.2543447758367328,1,1,0,1,2,grocery,0
111.31385508750913,12,23.745753430137206,1.4231396254959945,1.2017161868858905,0,1,1,1,5,entertainment,0
125.8725813217417,15,2.100977303486247,4.910158125309546,1.048876150843438,1,1,1,0,3,travel,0
56.9878472241456,20,3.9564697708015943,2.822189239666341,0.9599820515449545,1,1,1,0,2,restaurant,0
183.86718796404668,12,9.930612423492981,10.758992553589543,0.868114279682743,1,1,1,0,2,restaurant,0
114.24529782625669,8,7.336262487926724,5.534096018613823,0.9091578286530339,1,1,1,1,1,grocery,0
26.486677347170357,11,5.60493516072343,6.34729829548511,0.9142588225071302,0,0,1,1,4,entertainment,0
29.553133752650787,20,3.183547228559784,4.296981404343821,1.4169797945282143,1,1,1,1,5,restaurant,0
27.13293364559088,18,9.78221828617708,4.116443945341813,1.6267028402763124,1,0,1,1,3,grocery,0
68.32041844581805,21,20.20337299373962,5.912761494998323,0.9783286117239351,0,1,1,0,1,online,0
262.38633752382054,16,0.42840348358831215,1.9815190625218078,0.8507788330960895,1,1,1,0,3,travel,0
201.10230335271604,21,29.716403193556616,9.924471957135026,0.9625775146446618,1,1,1,1,4,travel,0
173.79014197284192,22,17.747668373714582,4.318573830835483,0.7335918729027001,1,1,0,1,5,grocery,0
41.29528377986661,22,4.0032975684848635,0.914438755928298,1.494013314042278,0,1,1,0,4,retail,0
18.868642396659205,12,12.049213609612274,10.076467789827214,0.4597453488656619,0,1,1,0,5,retail,0
39.79466459303791,6,0.18520323782034703,0.2712550570188872,0.8517224407155625,0,1,1,0,2,retail,0
30.07420362350718,19,3.9525886098938456,1.3988376021672355,1.0026832428140295,1,1,1,1,1,travel,0
33.92622482491368,7,0.6443433486047851,2.444197604565333,1.0230243516689665,0,0,1,0,1,travel,0
149.41049265365027,11,1.9457718042293395,1.411769025672446,0.9848163415387695,1,1,1,0,5,restaurant,0
88.15195682489721,15,10.780582621826104,6.114075437536705,0.8588403162891165,0,1,1,0,5,entertainment,0
135.9918087732415,13,7.667931080747687,9.577213385513762,1.0728910301256502,1,1,0,0,3,travel,0
41.942606612447484,15,0.1,2.6987868774705106,1.3011605867773053,0,1,1,0,3,grocery,0
32.06388883773714,21,1.490880905148161,5.99314860359034,1.2415062384273592,1,1,1,0,3,grocery,0
97.62742112958385,17,2.6241951676180486,3.419746230617855,1.3969739488611967,1,1,1,1,3,grocery,0
58.264182608849346,11,10.654507639438425,3.0255551248363686,0.6404672602156477,1,1,1,0,2,restaurant,0
311.62049779996784,1,157.5876209983408,2.629612293264175,3.744391451802405,1,1,0,0,12,travel,1
58.337047485814665,12,6.306086664433673,1.4058168757061842,1.204791514627718,1,1,0,0,1,grocery,0
23.24764974479978,7,13.463674911548377,0.16326242727827023,1.3858768245312296,1,1,0,1,4,restaurant,0
11.170759136426913,20,26.429083977357898,10.685429214458956,0.6228301712257149,1,1,1,0,1,entertainment,0
3.2748593635142935,10,3.494527069708528,8.397929015233824,0.5714467983735634,1,1,0,0,1,grocery,0
1.0,20,4.185287753788419,5.039550867684075,1.0132015823719973,1,1,1,0,3,travel,0
128.89344619073512,2,190.33092260991282,24.78087700573792,3.6182308420066933,0,0,0,1,12,online,1
2.023099512905631,9,2.9173232169155843,0.7698815455680984,0.7149750480075843,1,0,1,0,4,retail,0
62.243869677380424,18,2.0591846107724736,8.098267851842728,0.8598385011191146,1,0,1,0,1,grocery,0
174.9294931376641,13,2.665685123730354,11.353583937201472,0.8808775955610391,1,1,1,0,1,restaurant,0
109.45733190467274,16,21.990054120232386,1.0273229134921624,1.2620576423059362,0,1,1,0,5,grocery,0
1287.5378178901772,22,5.0,5.765828963397222,1.5943596858574147,0,0,0,1,10,travel,1
11.111451587753736,17,0.7830759327879157,1.0375064106134733,0.1001421518003568,1,0,1,0,3,retail,0
196.84814980591182,9,20.995139825234908,0.8042397442244896,0.524525899236106,1,1,0,0,1,restaurant,0
15.069801298098216,19,0.10227121771400416,3.3698003697917933,0.37778887191178934,0,0,1,0,3,restaurant,0
101.47183654577995,11,17.728005215682625,0.9817975158690712,0.8505110060899203,1,1,1,0,2,entertainment,0
322.27428961196404,5,79.99332109124184,6.256067168419453,4.409335262680049,0,0,0,1,12,online,1
2.2597976366977863,14,17.52633148632519,0.1020133343646239,1.008114791910412,1,1,1,0,3,entertainment,0
79.83810370764517,7,0.1,15.781323125460894,1.7657658709359043,1,1,0,0,3,travel,0
249.84900313867772,17,17.821327084993555,4.0534721830959715,1.0778974651815092,1,1,1,1,5,entertainment,0
128.51953950608956,15,2.3325279580464597,13.049590760066822,0.857315755712015,0,1,1,0,5,restaurant,0
33.90835526181811,20,13.493616460398073,2.4574049744389534,1.3061251312827549,1,1,1,1,3,grocery,0
39.96058473347602,16,3.5537395807916505,3.085233125256956,1.1111004643833422,1,1,1,0,3,entertainment,0
568.490329961089,5,34.047780884719224,1.0,1.923927124495582,0,0,0,1,8,travel,1
23.717676807398732,12,0.5851834397512008,6.560517560599084,1.0453255843557439,1,0,1,0,2,travel,0
378.4049093644377,22,23.92561348563415,150.4867723220385,7.769728810180555,0,0,0,0,11,restaurant,1
223.0742428723666,6,4.460965150629995,4.265948010057482,0.9544927436416993,0,1,0,0,2,online,0
167.42069145838173,19,27.835793310337344,5.995396602886465,0.7260226674447076,1,0,0,1,1,retail,0
69.80962597528946,6,20.843979639982493,11.200104162914023,1.0350717621483274,1,1,0,0,2,restaurant,0
43.336200527449066,21,1.1245689441755986,4.072882402571541,0.8278418385745786,1,0,0,0,5,restaurant,0
156.58600054443426,17,10.372546749624792,6.916656084773348,0.7960622401162714,0,0,1,0,2,travel,0
91.92584074313329,7,6.163681151561713,4.270460256954632,0.9043312801024272,0,1,0,1,4,grocery,0
28.20572316844407,18,10.434304840106423,1.6609697373694046,1.431367894308215,1,0,0,1,1,retail,0
14.030245669176143,12,7.3033476965082675,1.544831403459988,1.1334721512196333,1,1,1,1,3,grocery,0
24.694764238564304,14,9.353048378939931,5.721891525973037,0.7667054283314783,0,0,1,0,1,grocery,0
27.090827782961018,7,19.861691553305956,7.956851831580485,0.6887502347567069,0,1,1,0,3,online,0
5.510692588730187,13,39.53709044758029,11.37341499113317,1.0914602814432777,0,1,0,0,4,retail,0
140.99693947229437,21,7.858328553732775,10.029307594638992,1.197598685767574,1,1,0,1,3,retail,0
70.73231685535558,14,46.433418381883406,1.5244862160724761,0.8584614625764343,0,1,1,0,1,grocery,0
199.20817482401046,13,1.25667262624395,3.987346257820805,0.7443833610297683,1,0,1,0,3,travel,0
245.8153317529921,11,0.4107292018527961,0.14400661485696145,0.7968563839702081,1,1,0,1,3,entertainment,0
138.12411605041598,15,39.91121115590344,1.6752612920347283,1.3044492632223217,1,0,1,0,5,restaurant,0
30.396057444876345,16,18.825218778229512,5.392847467875407,0.8854862115658076,1,1,0,1,4,online,0
22.905509406910205,6,11.023237056681044,0.5582001891162844,1.036665381157437,1,0,1,1,5,retail,0
13.983079125864272,19,9.985265558426624,6.070930509201968,1.1453403546594003,0,0,0,0,4,retail,0
206.94575782533542,22,59.21619852414803,125.20076551006302,1.5279164458727927,0,1,0,1,4,online,1
9.93156946381535,12,3.8843050072641065,1.904304280324369,1.1145283434617606,1,1,0,0,2,grocery,0
13.369030783480548,16,23.10435831437865,2.068573363669893,1.1983339001922553,1,1,0,0,5,restaurant,0
14.6031899576174,18,2.9125406035489467,2.781287845345866,1.8056180243734552,1,1,1,0,5,restaurant,0
7.990624709747019,7,1.3039692311386364,2.5926335093398203,0.860551759325801,1,1,1,0,2,entertainment,0
5.407194839157946,7,1.67073957851535,3.66334078813197,1.0263240324807046,1,0,0,0,5,grocery,0
3.7456991422363877,15,0.11623573767973305,9.213008331099271,0.6797890745984322,1,0,1,1,3,retail,0
88.5039075573589,9,15.624027390990967,1.4512989908847924,0.8101299004201987,1,0,0,0,1,travel,0
108.71022360319031,23,100.65293918413681,1.0,7.161471198281787,0,1,0,0,12,online,1
273.207353844007,19,13.518453882370242,3.909347291725524,1.03469948676482,1,0,1,1,5,retail,0
87.08758084637303,16,2.118782244953234,20.914129294553447,0.3300183838705969,0,1,0,0,3,retail,0
6.639676320275141,7,14.045468274548643,3.6162774187950757,0.5397169852813943,1,1,0,0,4,retail,0
27.943861870259994,16,1.661886321638364,0.18553365101862818,0.8059076648162724,1,0,1,0,5,travel,0
15.068389092805914,22,2.333040129915774,0.21439955433019767,1.336762838651996,1,1,1,1,3,restaurant,0
102.60768754725729,15,0.6953812503835833,10.048199407558192,0.7887222580225972,1,1,1,0,4,grocery,0
297.64222096551106,13,5.53105621818948,4.808118761591579,1.3275532545482838,1,1,0,0,2,retail,0
33.33869367446025,14,9.436140266263115,0.5790008951351824,1.0433254866018866,1,1,1,0,3,entertainment,0
39.95417312652756,7,6.765628954266649,2.853921067430421,1.189277275117856,1,1,1,0,3,restaurant,0
291.0309863504774,10,13.583245723376345,9.966423818015706,1.3904027837149455,1,0,0,1,2,entertainment,0
295.72348521898067,0,160.76606910505473,8.385406024259828,5.927620336501375,0,0,0,1,4,grocery,1
82.88482790086357,6,24.843872688269975,3.054868057370856,1.0644790038420904,1,1,1,0,5,online,0
201.28118608625013,2,61.27542484295988,46.92636272981069,5.9298613963311,1,0,0,1,4,travel,1
190.18040737560725,18,3.85535481730094,3.3407367914572683,0.7215062837867722,1,1,0,0,5,grocery,0
8.835905382806054,16,4.4591757981152105,2.9633737786229872,0.65919852954512,1,1,0,0,5,grocery,0
78.12139239709536,14,11.914578277122965,11.056038406384317,1.4208760928068829,0,1,0,0,1,grocery,0
32.651758600744685,8,21.304210534329485,1.497164031022789,1.2059629645529086,1,1,1,0,4,online,0
14.131624415467538,10,0.1,1.134867312851223,0.9089164610473459,0,1,1,0,1,retail,0
219.3157648717724,13,2.704132137744776,6.888707735155096,1.111748327808738,1,1,1,0,5,retail,0
29.371502972902288,9,5.30070010532739,3.1818571033454446,0.7342230164937138,0,1,0,0,1,grocery,0
137.40087249639504,12,41.38896779468675,14.505360168539696,0.7795102139366789,1,0,1,0,4,retail,0
17.661473210742372,9,5.871034256728615,11.009844616302367,1.2117987275166788,1,0,1,0,4,travel,0
28.224969177468754,14,0.6555189936693112,0.9255336162158995,1.0459089376921487,0,1,0,0,4,retail,0
3.7025572549465564,22,2.6135127499349715,0.1,1.468707650224879,1,1,1,1,3,restaurant,0
74.46753968046684,22,9.374341639228227,25.45494131948037,0.4024483807700794,1,0,0,1,1,retail,0
119.97440373968374,19,7.476594041989044,0.17677743363216358,0.37145870360107314,1,1,1,0,3,grocery,0
102.79447340001099,22,43.70905071987248,1.6615179774023763,1.3742398148046253,1,1,1,0,1,online,0
6.557363157966378,18,11.297485812713987,0.9076093447996249,0.9032218132136178,0,1,0,0,3,retail,0
106.12387470397792,16,15.92867826969487,11.218678910765036,1.105676598671073,0,1,0,1,2,restaurant,0
40.03770541592296,16,1.6594295425661651,1.153072945718692,0.9141900608291456,0,1,1,0,2,online,0
8.532519037658876,9,14.210718310445884,4.86985877469392,0.9002907811269093,1,1,1,0,2,travel,0
3.1347293395004843,22,66.40980011495549,0.6833565995409594,0.5583020575186426,1,1,1,1,5,grocery,0
77.45617927191178,22,12.513822928259408,11.553646886395443,0.8784855477363908,1,1,1,1,5,grocery,0
149.72876511193377,10,16.083694407538516,0.5821631503701827,1.0681031597382153,0,1,1,1,1,restaurant,0
27.609887986218993,18,1.233191569247636,0.49630062872724623,1.051109002061461,1,1,1,0,2,grocery,0
9.506187655792392,20,11.321911244609291,4.567098490021321,1.1658669695716593,1,1,1,1,2,restaurant,0
35.87863331651958,20,0.8176467580500886,4.678746225941508,1.3164798270627591,0,1,1,1,2,grocery,0
14.974671388893444,17,32.215553909149165,8.48101544301555,0.446899593263294,1,0,1,1,3,restaurant,0
83.49290016135244,6,6.422920078975438,6.236349228977948,1.085030465173644,1,0,0,0,1,retail,0
299.5292633863796,1,5.0,22.75789563776345,1.8047941087813668,0,0,0,1,6,travel,1
4.766791204998727,6,0.7773255634055392,5.410036594654447,0.8906291076418814,0,0,1,1,4,entertainment,0
188.56245669882037,21,2.8454847668955896,2.3875765200720163,0.9104155710798055,1,1,0,0,2,grocery,0
199.58283215701638,20,9.508771786474947,13.15226503342396,1.3765380636209807,1,1,1,0,5,retail,0
36.84267584949915,20,5.336517057623695,2.2928759256607343,1.2871317261567603,0,1,1,0,3,restaurant,0
50.23362365289924,9,4.885039725308943,0.8902415376242699,1.0551903157480707,0,1,0,0,3,grocery,0
18.721387903518284,22,1.2816137237095868,0.9115367464957653,0.9496113529716016,1,1,1,1,1,retail,0
132.00301457727272,9,12.858273611113516,15.787082102799985,0.7881573889244096,0,1,0,0,5,restaurant,0
127.88168997574225,13,5.704902217694361,5.534410071430882,0.7774200222657603,1,1,1,0,1,online,0
13.496240540876439,17,10.292734038075428,0.13100321111376623,0.9487709534929815,1,1,1,1,3,restaurant,0
128.41892846553338,7,0.4602418764463223,3.337873572678223,0.9041419226932756,1,1,1,0,5,retail,0
107.97033162735738,11,16.923011035002308,1.012591862184249,0.7475810982002731,1,1,1,1,2,grocery,0
50.645599840558475,13,17.34595185965732,6.101232010928649,1.2842428193706934,0,1,1,1,4,online,0
454.15067557430325,1,46.785087844115964,45.89135002654936,3.032161692529163,0,1,0,1,4,grocery,1
23.0644905754581,15,5.559359671855816,3.619031345282806,1.1142966220401798,1,1,0,0,4,grocery,0
50.604510132822554,20,11.591142576258841,11.467997728149545,1.3357373373289823,0,1,1,0,1,grocery,0
176.19940092589218,23,46.34708290840808,97.91683744527447,5.115029087477726,0,0,0,1,7,online,1
94.01700684375024,12,1.2488778488060013,2.792924585592697,0.7227592220117178,1,0,0,0,3,grocery,0
66.75162367443444,18,3.4347644804597675,6.782285827546697,1.3965252761507314,1,1,0,0,2,restaurant,0
63.86387751271733,5,163.61496541324465,4.497169192656731,5.612713349497481,0,0,0,1,8,retail,1
58.50911358898182,12,34.81733072692455,13.648508344699152,0.6600848887066695,1,1,1,0,5,online,0
1105.8804920265015,4,35.04311262338641,58.88116832591845,4.58279334440596,0,0,1,0,10,retail,1
84.82593229667816,8,12.965394813276331,21.473076164585954,1.2491389082515687,0,1,1,0,4,travel,0
21.20672670111377,8,16.568085298029573,1.027871342139618,1.2511521961031442,0,0,1,1,5,retail,0
44.435343208802735,22,5.1732522938704015,6.888798801658495,1.2793164316856074,1,1,1,0,1,restaurant,0
509.0150361020354,3,30.132261025059265,44.16108244945674,2.668697084616212,0,0,0,0,8,online,1
52.628744210300084,11,0.6810513224866648,1.193694927529403,1.1811999965638624,1,1,1,0,4,restaurant,0
28.986288952096743,12,17.911352480214905,5.208457472463934,1.4897084632103177,0,1,1,0,2,travel,0
240.39664900286078,12,1.2016488629445052,0.15032662233288746,0.7451329454767546,1,0,1,0,5,retail,0
191.75657521026156,11,23.952638946181473,2.135560940207416,1.1001505026828824,1,0,1,1,4,grocery,0
27.96921753523021,19,4.644848449083039,0.9959298627564697,1.096301979801484,1,1,1,0,5,retail,0
130.18443799928417,16,1.9822604935605979,1.8048974099726698,0.7560295843332688,1,1,1,0,2,retail,0
61.79162476723677,17,16.00900840396982,9.592837374145192,1.2342751761292183,1,1,1,0,5,grocery,0
160.53240023540778,12,4.5659271075728105,0.5273554580070101,0.5920193538597651,1,0,1,0,2,travel,0
1305.9474957442376,5,162.1755097481876,108.26138056156928,2.6286241705404594,1,0,0,1,5,online,1
25.934147450292066,17,6.462177343763314,2.729726398882552,1.1784729874042887,1,1,1,1,2,grocery,0
16.212605977234322,19,3.2157138942978087,4.300803372128562,1.2344945781041985,0,1,1,0,3,grocery,0
70.03249079644495,12,0.6297570944230101,5.178436485507865,1.0824867123037931,1,0,1,0,2,entertainment,0
149.08003934816242,10,7.448743995151209,6.782013319675787,1.272561462198151,1,1,1,0,3,entertainment,0
24.892655733565277,15,6.591517226892629,5.605330915816826,0.8626603037258145,1,1,1,0,4,grocery,0
114.99309726878231,9,3.46459945291088,3.8788162882964605,0.8180299821282213,1,1,1,0,4,restaurant,0
65.08235347693352,11,2.6247388929212274,0.2072854093886165,1.494581883881116,1,1,0,0,4,grocery,0
33.60895358051264,13,17.307896287677924,7.555603047405323,1.5510081493258085,1,1,1,0,4,restaurant,0
121.06511202324553,20,8.413242650637523,3.8782399499212823,1.1326587880182861,0,1,1,0,1,retail,0
24.85185164808566,21,5.756350522168297,4.090460782129213,1.7371280125443147,1,1,1,1,3,travel,0
70.2701145942096,22,11.105970589596303,4.254612439004613,0.6316868820745978,1,1,1,0,5,grocery,0
66.39428581833089,15,4.6562704749838435,0.25951311135431,0.7578982617036484,1,0,1,1,4,restaurant,0
109.64781740771782,12,0.6405358318893875,8.647686887981676,1.3597712669827717,1,1,1,0,4,entertainment,0
6.5363644363864895,22,4.28924011898275,2.225092299546942,1.0191876993688733,1,1,1,0,4,grocery,0
93.77799726362633,22,7.345017848362386,0.32457719378637173,1.026197456344636,1,0,0,0,1,grocery,0
76.14727886859508,22,11.475347288342324,0.5194307824394286,1.2747165832497922,1,1,1,0,1,restaurant,0
59.714820534325305,9,50.5104576575836,0.6602285338785749,0.7935962562536327,0,1,1,0,4,grocery,0
3.9657052632121492,8,3.4637082162764754,4.90638986609002,0.7018698879501795,1,1,0,0,3,entertainment,0
122.41373375388264,6,57.798720281264046,0.5415631332180224,1.138165080354292,1,1,1,0,5,grocery,0
45.42709076841314,13,8.21916239724501,11.217201078002928,0.8872760639604775,1,1,1,0,1,retail,0
154.4673901738765,18,7.403254472256808,0.40064914175083166,0.8305415939865025,0,1,0,0,3,retail,0
20.49766967782309,6,2.7906102171473313,4.49421240279149,1.3942661755792431,1,1,0,0,4,restaurant,0
30.25911738467654,16,13.41409896451272,8.22548472354055,0.5980814029678441,1,0,0,0,3,retail,0
3.664115437784223,6,6.382434167024119,7.032877154279845,1.0040766704587885,1,1,0,1,1,entertainment,0
107.00071613324525,17,8.916285301698384,2.8345666662498097,1.0914144255250844,1,0,1,1,1,online,0
240.46836506334117,10,4.715835471716869,2.501313741162266,1.1112465715533821,1,1,1,0,3,retail,0
26.39973503514693,22,9.26825909344522,7.1297685560010855,0.648051168169845,1,1,1,0,2,grocery,0
85.96209978655048,17,17.313249079503773,4.43715460521866,0.869161717803982,1,1,0,0,3,grocery,0
89.74070689286953,12,9.359150959475425,7.571110418971553,0.5157423216629929,1,1,1,0,5,travel,0
46.97522016858599,11,47.86637597423554,5.5609556255738095,1.1593364503512948,1,1,0,0,3,travel,0
210.5196687224566,23,177.3987915099641,55.669335779645756,3.62255846447705,0,0,0,1,8,online,1
113.19134864973981,13,11.611915099834453,1.7859455356563108,0.8424902325973445,1,0,0,0,5,grocery,0
19.146924866011318,10,12.943441359957893,5.943209587848343,1.1022529635368208,0,1,1,0,4,retail,0
14.664908271516936,8,0.3906023690139283,12.588682429199329,0.6057756646752177,1,1,1,1,2,entertainment,0
75.7096699119839,11,37.20962095938438,4.78746016879822,1.2679387423835158,1,0,1,1,2,restaurant,0
102.43114969959278,16,39.35375316003507,1.428184856838877,0.6468756694872844,1,1,1,1,2,grocery,0
1.0,14,3.218870128183787,3.590884298749042,0.8547822826282568,1,0,0,0,2,grocery,0
50.0,4,69.5823015254874,89.41835042756546,4.408552583062655,0,0,0,0,7,entertainment,1
189.5300094516387,12,5.491045956307932,3.044378194935156,0.5699365333346141,1,0,1,0,2,grocery,0
180.72814043042496,7,3.6412237079150933,1.911145060539568,0.5554513128467771,1,1,1,0,3,retail,0
17.866509940627775,13,3.002484613750936,0.1367255635637611,1.0925803166526604,1,1,1,0,2,entertainment,0
19.105996874425816,18,36.63547031256102,3.706420825517906,0.8850081777297009,0,0,1,0,1,restaurant,0
81.92672408606452,14,13.013124958344083,2.3777051618860883,0.8667002983004306,0,0,1,1,2,grocery,0
148.71939925409202,8,16.90335855069779,0.1,0.9005642642022186,1,1,1,0,3,travel,0
67.20354444698059,15,6.619668730708332,2.586144542567708,0.8475864238562884,1,1,0,1,1,restaurant,0
22.290384676408827,12,13.196151131552352,0.5798030961864523,0.5231961892551354,1,1,0,0,4,restaurant,0
101.86906996646357,21,2.0002836759365468,3.382657253800434,0.866241173020886,1,1,0,0,1,travel,0
32.68217606870281,14,15.865924258548091,5.488179847635743,1.0724652027301396,0,1,1,0,5,grocery,0
66.56352829409444,7,3.5896838085174747,0.6338443781525978,1.1258145428671797,1,0,0,0,5,grocery,0
81.1126105067646,21,16.732769602536777,7.584853057181508,1.6301382726851559,1,1,1,0,5,online,0
47.02805018461551,21,8.485178413729331,6.934386939078165,0.5895531066857066,1,1,1,0,3,travel,0
79.10004034906558,20,1.1309710323943347,5.357222225862076,0.9520939420271259,1,0,1,0,5,grocery,0
512.4378304507314,15,22.718448707481762,1.065045041550754,1.3131745255130753,1,1,1,0,5,restaurant,0
1.5503071573157041,20,25.623041275117853,16.48048897548356,1.0765069374833567,1,1,0,0,3,retail,0
215.9000954557107,8,10.90316302749387,8.01612682209647,0.5365299871256162,1,1,1,0,5,grocery,0
25.328388765583462,17,9.142050917522717,6.799840380752146,1.0919779090322732,1,1,1,1,2,restaurant,0
202.17218590335906,13,10.649684308648443,0.8811744819149774,0.8639323858719418,1,1,0,0,5,restaurant,0
35.824798046385766,19,4.356771227604853,14.319135550619029,1.2966766044303681,0,1,0,0,2,grocery,0
17.450509137083582,12,4.606648246857868,0.10822483439467455,0.481099163299762,1,1,1,0,5,grocery,0
14.355572524796056,8,7.024395874146095,1.5303410860403797,0.6622471987127458,1,1,0,1,2,grocery,0
63.28107933971204,22,2.6140220623673094,1.9161016971564346,1.4443876645360003,1,1,1,0,2,grocery,0
63.776120782902865,18,3.3790883324719245,0.8032448874061903,1.2956052129397322,0,1,0,0,2,entertainment,0
65.29376751468581,14,14.325892858900794,12.56829953874606,0.7113303738399339,1,1,1,0,4,travel,0
5.154042722054748,20,13.34691374673856,5.508611956375898,0.7674011295073333,1,0,1,0,4,grocery,0
28.463554959370295,6,4.454803216437572,12.108821559681607,1.1675855178831722,1,1,0,0,2,restaurant,0
57.13863265968846,20,4.128168417729973,1.586134085598347,1.0647727222043368,1,1,0,1,4,retail,0
18.956063793556996,13,1.0349965601156117,1.8894554243696589,1.0016144733554395,1,0,1,0,1,travel,0
24.44024446131924,22,2.9817115226451008,1.9308959749113621,0.3547114174002405,1,0,1,0,4,retail,0
37.58372623362138,18,7.219339336054662,4.400062674016535,0.9265845291508217,0,0,0,0,1,travel,0
47.76637979194813,14,27.363112663382548,2.2060525338496246,1.468461706694331,0,1,1,0,4,entertainment,0
27.04470387609337,14,15.087940246089453,3.8112997672854627,1.2744742005728957,1,1,1,0,3,grocery,0
20.74580026544039,17,4.546557938129284,1.3019876731164903,1.1726682162362743,1,1,1,1,5,grocery,0
114.71101009915702,15,10.242998070049437,1.0681477213279185,0.8964255200436075,1,1,0,1,2,grocery,0
68.25586034824987,9,3.4284420281462276,0.8705682924398573,0.8414102013113478,1,1,0,0,1,grocery,0
101.95621935936072,16,19.385626330148543,2.875493833603804,1.2207071971491703,1,1,1,0,2,online,0
92.9840856008806,14,11.900248851254727,1.9072928602776296,0.8118509939726208,1,1,1,0,5,retail,0
86.30101912351316,9,4.50060842067786,11.584344938084355,1.373451294793973,1,1,1,0,5,restaurant,0
165.0513435425647,13,0.5197281620360994,12.517915932428284,0.8976900803443115,0,1,1,0,3,retail,0
90.70869846653486,22,5.0,55.409008871441955,4.149388735696002,0,0,0,1,14,entertainment,1
114.18094323161267,6,12.507433672237658,0.2700029832824562,1.4689881243832357,1,1,1,0,1,online,0
8.707001504537441,11,2.566205531723931,2.79879464710573,1.028453367817161,1,1,1,0,5,online,0
201.8511317755769,10,5.8886876012279075,5.621688276976964,0.19758800788889297,0,1,1,0,2,restaurant,0
49.64550237084897,15,2.3336296385785587,0.2572904383306229,0.3483299628942992,1,1,1,0,3,entertainment,0
1043.7429248360022,23,51.80964930967097,15.226976250653406,2.371381521416426,0,0,0,1,13,restaurant,1
94.69789464199874,17,9.41293531294509,2.2493525584611236,0.48286780768340754,1,1,0,0,5,restaurant,0
940.0723788778622,5,7.813348441952858,183.41718493582172,5.3497944143959115,0,0,0,0,5,travel,1
45.926395002947245,22,31.257307855932854,5.0875426175874425,1.416174496039321,1,1,0,0,1,retail,0
20.96060933046955,11,7.395815432591313,4.210243630566248,1.453381432720379,1,1,1,0,3,retail,0
13.030754760242058,9,10.981026412733133,2.0536636250660205,0.913643604618262,1,1,0,1,1,retail,0
127.38180311453115,13,15.000499985552018,6.170521290574048,0.9556860476949915,1,1,1,0,3,grocery,0
61.8327310427909,17,15.50680034463683,1.20792805384404,1.4263241779188902,1,0,0,0,1,online,0
26.974921743850754,8,14.808342284623476,1.5489373925863412,0.7371915791693142,1,0,1,0,4,restaurant,0
31.482566944246948,11,9.625719319360652,18.58856924849182,0.8484031652744446,1,0,1,0,3,restaurant,0
43.73265473725125,7,0.5061357092469889,2.6478718821451546,0.6655147204548899,1,0,0,1,3,online,0
61.59783874326696,13,12.633660135355358,1.5366998393286988,0.778664457806254,1,1,0,0,4,retail,0
6.408303908795608,9,7.414986443968401,5.75413040119747,0.38498900084788534,0,0,0,0,3,restaurant,0
104.6753124050339,22,36.58926611685839,4.658063687521407,3.6465239312051945,0,1,0,0,10,online,1
86.00129642732149,22,19.802607254237945,1.5623734582745845,1.1903356471470983,1,1,0,0,4,grocery,0
182.15129674964248,6,37.41006992510578,0.9249180037653,0.7775764223533196,1,0,1,0,5,retail,0
159.8454346540563,19,1.1691841581024724,3.7988760106599835,0.5426825009084691,1,1,0,0,4,retail,0
18.341106782967074,8,0.7761504239038132,0.9674561054019093,1.010125346037412,1,1,1,1,2,restaurant,0
28.265905512373635,9,1.2322300498459762,8.044788320756016,0.6505458847609873,1,1,0,1,3,grocery,0
41.53565758430715,13,1.833976288236898,2.436479716920355,0.8954979441355512,1,1,1,0,5,travel,0
50.0,4,22.524128566994964,80.31623798122813,1.3785509696165166,0,0,0,0,3,travel,1
27.976951976118684,16,7.903497242663812,3.2220508105571994,0.6699959392100618,0,1,1,0,5,restaurant,0
4.538885564751125,20,2.928672782798243,3.6239180345955986,1.1578977889393012,1,1,1,1,3,restaurant,0
15.36890446845666,14,2.1154678082106866,4.867451359002885,1.216629204912658,1,1,1,1,4,entertainment,0
241.93604160997862,19,11.75192334474794,1.1671367312306367,0.7190828295142923,1,1,1,0,1,retail,0
53.77741329369931,18,29.949505966808083,4.705384140712886,0.9130256911077625,0,0,1,0,2,restaurant,0
16.917935616897086,15,57.513301283590856,1.2867106921162483,0.5297244496301514,0,0,0,0,3,travel,0
132.0862564269557,21,12.819923910703748,0.6637688044103786,1.1673730486415503,0,0,1,0,3,grocery,0
50.0,22,39.161189550007784,3.6350173901999105,4.500786883371922,0,0,0,0,13,online,1
3.2416971450864978,16,16.996843949968,0.8362074071348792,1.2991319898876001,1,1,1,0,2,retail,0
134.84981443057444,8,20.945392892106334,2.837073753611765,0.7768551460862354,1,1,1,0,3,entertainment,0
123.86254344599683,22,6.579406652349739,4.557200420798118,0.8985704340315224,1,1,1,0,5,retail,0
102.61443340360836,8,8.66616500471974,3.9580675792534716,0.8970857744067842,0,1,1,0,1,grocery,0
6.770519746255596,16,2.8246124774121557,5.483422367623435,1.3801689872743672,0,0,1,0,2,online,0
102.63954093230635,23,9.227564190821491,4.335815831804263,2.860494324976851,0,0,0,1,4,online,1
26.13538073505541,12,4.917803766304242,0.6070590832925101,0.8819025779805352,1,1,1,0,1,grocery,0
164.169027590153,22,12.011063488735816,16.20488585368536,0.719866415982392,1,1,1,0,5,retail,0
339.9395570303693,3,76.83947706908747,12.231792965718691,2.654905729298086,0,1,0,0,12,online,1
20.0794379093364,11,0.9178278844912847,8.336999854379863,0.6079332816152062,1,1,1,0,5,retail,0
2.5248783530419434,12,10.886397537495752,6.421265481798102,0.7665254033208606,0,1,1,0,4,travel,0
159.342310021217,21,1.685302209973628,2.895930542550272,1.6899342468959264,1,0,0,0,4,retail,0
39.86674215073385,22,15.102138418915224,4.505856299433303,0.3919435248522767,1,1,1,0,5,restaurant,0
134.7272183023043,8,6.395780261132945,6.5434882195140265,0.946291610234348,0,1,1,0,3,travel,0
71.45240186399664,22,4.429933622106671,1.685587964497175,0.1,1,1,1,0,5,restaurant,0
45.82608001765636,10,11.065141406915835,3.1071618663109875,0.9333251825272222,1,1,1,0,2,entertainment,0
317.0121770514377,8,8.574603863767521,10.945118913168168,0.8948281353255986,1,1,1,0,4,restaurant,0
312.78382806686477,19,15.191300192486942,1.0791705589703573,0.945859626182787,1,1,1,0,3,retail,0
8.794884688109825,9,0.47906562360134075,0.4317892080494189,1.6084143549141703,0,0,0,0,4,travel,0
14.543754311778336,17,5.708788868742066,6.8405776813876065,0.5925361524377029,1,1,1,0,4,retail,0
54.896175787478676,22,1.170144221366976,0.6490623548859744,1.0055095936507497,1,1,1,0,4,grocery,0
247.6909803062211,22,178.81241718454422,65.21263202046768,0.9151433633707735,0,0,0,1,5,travel,1
94.18522293238502,20,12.558696232875663,0.4105425174861863,1.0021938337427094,1,1,1,1,5,grocery,0
73.43357794664801,17,0.18755116863053187,15.678047314234696,0.1,0,1,1,0,1,retail,0
80.9363748053697,6,6.307166994142195,0.1,0.5345766773020681,0,1,1,0,2,restaurant,0
40.209198926763285,19,23.942269954284036,5.934230748739551,1.2626976334144195,1,1,1,0,5,online,0
118.5573383187102,10,31.614632738424568,4.150459484805716,0.7366490138787951,1,1,1,0,2,retail,0
866.7946514570833,1,118.97350747272709,150.57010278533954,5.76038974340599,0,1,0,1,11,online,1
16.1510239682529,18,39.49866379259139,9.259753992757592,0.6907501824318163,1,0,1,0,2,online,0
18.037044354928828,17,30.76995717156283,12.300505144019631,1.118072852139752,1,1,1,0,2,grocery,0
162.36020305361836,7,0.45851612149983034,2.4687636602943437,1.1596131092792037,1,1,0,0,2,retail,0
120.30824138050482,14,1.3647119213563963,8.105482578706031,1.1562265260425428,1,1,1,0,5,restaurant,0
88.97410282352821,18,6.384214984261121,2.11083009900817,1.3204547322335096,1,0,0,0,2,online,0
35.89572371102018,6,2.065587077499222,2.3015808498900996,0.7389575761875553,0,1,1,0,4,grocery,0
23.000430005940366,12,5.247320714668414,4.459790688862709,1.0060563124054696,1,1,1,0,5,travel,0
27.24506947492334,10,0.16317071221167956,3.1194042878141786,1.3763391050775016,0,1,1,1,1,retail,0
39.05163468802283,8,0.29718641326320955,0.6737807487492407,1.0168634644914218,0,1,0,1,5,retail,0
169.00434546356766,23,21.933840087346788,143.33797424577187,1.9756862925560248,0,0,0,1,9,online,1
1.0,15,11.084021093569248,7.344109348055243,1.1366083819211692,1,1,1,0,2,restaurant,0
135.6053503418106,2,45.1296107614617,48.58431537872093,4.894486018971572,0,0,0,0,10,travel,1
48.16487775480371,12,0.1657262845432256,0.13935427651096274,0.8815021139251601,1,1,1,0,2,retail,0
67.89965940730502,14,38.097862935313906,1.15101758079711,1.1477896226655921,1,1,1,0,5,retail,0
23.117742844909586,14,1.7785527227080729,5.5462626091342235,1.5168697865855836,1,1,0,0,1,travel,0
170.61781277199827,14,10.57363737032922,0.4841762854821159,1.0634648501206445,1,1,1,1,2,restaurant,0
146.19776063238507,11,9.457655857314336,18.72388500253667,0.9881159629921044,0,1,1,0,3,travel,0
64.24538932118756,6,68.52284603505149,5.450309045810232,0.6703944572771143,0,1,0,0,5,retail,0
142.914363468374,6,25.24496484190927,0.5553040927836629,0.9057186713494674,1,0,0,0,1,grocery,0
20.033693241527317,6,3.5133558067485673,0.9238855866241013,0.4597286966006814,1,0,1,0,5,retail,0
116.48548227092138,9,5.640732614078727,6.311012714924821,0.8540834210529848,1,0,0,1,2,grocery,0
15.988285417771097,11,5.933031082470465,1.4741607750586596,1.3866074407471045,1,1,0,0,1,travel,0
39.8650199757956,17,22.624910952214424,2.3636146904326503,1.1259128098540458,0,1,1,0,4,restaurant,0
41.859563169215505,17,12.989435842015231,0.7335308527672963,1.052461105678377,1,0,1,0,1,grocery,0
20.678691832986704,17,2.4786028333421473,2.3704281834400462,0.4865708796869388,1,1,0,0,4,grocery,0
189.45901403824723,18,8.019149452643893,7.6292189071288155,1.0509277194361666,0,0,1,0,5,entertainment,0
34.845441740903226,7,1.0900734117430493,9.28434346555419,1.108522792518238,1,1,0,0,3,retail,0
62.4070204543837,14,15.100358421766053,0.3640144745535568,0.7419758339159622,1,1,0,0,3,retail,0
39.46959976120616,9,11.878732636217093,5.488863549573898,0.9522016771503069,0,0,1,1,1,grocery,0
298.443335871928,16,3.973772304032259,7.542594917984999,1.0430157202254928,1,1,1,0,5,travel,0
19.883704395034755,7,0.7690263231832218,8.08131910744399,0.3073048575977263,0,1,0,1,1,grocery,0
277.758083328681,6,4.167917961497577,10.683559887791711,1.3481529388430302,1,1,1,0,5,online,0
8.2221852002005,21,7.651582781984817,11.93046547700506,0.5229180038819261,1,1,1,1,3,retail,0
80.23043216446388,7,15.072280860120406,0.44589311474383414,0.4030950311733932,1,1,1,1,5,grocery,0
6.005170698596461,8,20.972254956757634,1.8230758267651095,0.7771044676842866,0,1,1,0,4,retail,0
31.512311679517953,19,8.143589821641699,2.386819262608439,0.6167565378565354,1,1,1,0,2,grocery,0
124.27168538714324,2,6.963847041300864,74.08802283997905,4.679912623830749,0,1,1,1,10,travel,1
9.613680861382187,14,9.63496266059027,1.200201487423151,0.9880374070240433,1,0,1,0,4,grocery,0
25.622506288223434,19,14.593211556230939,12.70895455104565,1.311679863555021,0,0,1,0,4,grocery,0
92.67515538739667,11,27.275517311475078,6.647493075299279,0.7756036472195358,1,1,1,1,3,restaurant,0
13.120594420085158,22,34.443120292962,0.47016808207708954,0.9906524249230299,1,1,1,1,1,retail,0
163.9783756084628,3,13.584354064136036,1.0,4.2866973521075185,0,0,0,0,13,retail,1
24.913477378057966,10,15.903733418616248,2.0323236874810173,1.600119545442289,1,1,1,1,1,restaurant,0
62.31624673282634,7,15.139619506072359,20.616886575528,1.2298672283616185,1,1,0,0,3,retail,0
6.287413959084086,12,1.3742028377153752,0.5975963232189773,0.3991077733195597,1,0,0,1,1,grocery,0
4.445044578665178,10,3.275026767230064,4.402978423698316,1.1616724827375051,1,1,1,0,2,grocery,0
46.26199048911043,11,3.700608010887941,0.6423857879196703,0.7358237547942499,1,1,1,0,2,travel,0
47.90614619198916,18,4.648982800948469,1.4365201438298547,0.5853544180835044,1,1,0,0,1,travel,0
111.46454887256346,6,41.82625575623155,0.24406577508547178,0.9457276143882782,1,1,1,0,2,grocery,0
32.1998274321256,19,2.708360831230369,5.58732809890763,0.991040067716542,1,1,1,0,3,grocery,0
14.621755814867745,9,5.487245990834857,1.3499268843960468,1.325849398806716,0,1,1,1,4,grocery,0
32.07220270013274,8,4.727356817703065,4.564859445489977,1.64354775517653,1,1,1,0,1,grocery,0
6.645756306387557,13,20.41090753793113,2.6043114686769715,0.9272951012544122,1,0,1,0,1,grocery,0
16.851375243529077,18,13.24544408278479,0.623034292889256,0.8524605793912121,1,1,0,0,1,restaurant,0
164.99695103187588,6,10.649497749931236,8.323212755278487,1.2919685155608605,1,1,1,0,2,retail,0
1882.0154129225502,3,63.575304138657174,4.285367372553963,2.7937915840301932,0,0,1,1,6,travel,1
60.094188168579244,19,8.809038614468161,32.335344187208825,0.8042199854445747,0,1,0,0,2,entertainment,0
1.0,22,8.602536582995109,0.8530655956212153,1.2055982512604801,0,0,1,0,5,restaurant,0
133.14683462934858,10,9.45841415947968,12.999496372606906,0.6262182032623702,1,1,1,0,4,grocery,0
158.4083363078631,22,44.57273144827909,13.283799026900054,2.3314181591305654,0,0,0,1,14,online,1
117.49491934921856,11,2.2654507558233585,5.201488203520382,1.1615198072918655,1,1,1,0,2,entertainment,0
368.4210217104465,3,73.86684913201867,4.479869251686205,3.5226218501907045,1,1,0,1,3,online,1
16.384572408799972,22,0.3606144112485674,1.9268511907421348,1.5538411005485933,1,1,1,0,5,restaurant,0
160.2405841055062,20,6.533242538130718,3.2055328317950242,1.1541588011439314,1,0,1,0,5,restaurant,0
163.64245698011126,15,17.811441408114863,4.03729211130156,0.5801252002518947,1,1,1,0,1,retail,0
14.652027105844676,6,21.38765128458011,6.077829444481589,0.5982399432957789,1,1,1,1,3,retail,0
20.507627614649024,9,3.9089283869484786,3.5451351617800126,0.8985626436258408,0,1,1,0,3,retail,0
160.19546303682986,18,1.6693339845435127,7.477211469938023,0.8912543524594185,0,1,1,0,5,grocery,0
1.4496850354787805,18,19.353731716134345,0.7638653713952572,1.4976134879504062,0,0,0,0,3,entertainment,0
113.15142656701427,22,1.2670377192763194,0.8055895756555111,0.9229842493417164,1,1,0,0,2,travel,0
29.90148637519043,13,23.6203891818163,7.644157327204533,1.3764126874776816,1,1,1,0,2,restaurant,0
173.7849965176342,10,7.826581785967831,6.35917359725971,0.789414010204724,0,0,1,0,3,entertainment,0
19.50166480037767,15,5.03801736065739,3.700357207280081,1.2291442617219293,0,1,1,0,5,retail,0
108.37675024580949,14,22.151692373115665,3.74915273075122,0.765771779555233,0,1,0,0,4,restaurant,0
6.5574414395490646,12,9.178243495410813,2.723292890922522,0.7279883279215633,1,1,1,0,4,restaurant,0
205.34879137433836,21,2.0772940922443994,0.6923079280825202,1.0927095112870604,0,0,1,0,3,grocery,0
33.738732891796815,13,9.083925581400127,1.035663503636666,0.8316961458855862,1,0,0,0,4,retail,0
42.77255476961072,9,11.479743261921465,2.7819555379435643,1.3487564349546572,0,1,0,0,1,restaurant,0
271.9891917358328,9,15.922960081438898,4.317446176320879,1.4171353625747942,1,0,1,0,4,grocery,0
89.10835520380263,14,4.817475437858283,17.834898018007863,1.1835766669246133,0,0,1,0,5,grocery,0
74.66106125559338,13,27.601777274805972,13.922930294342686,0.5934511013667381,1,1,0,1,2,restaurant,0
34.20966892448449,18,4.3287589612755735,0.16693952478126756,1.3743132289919746,1,1,1,0,3,travel,0
28.902819702041565,6,8.091110555148187,18.277597761886227,0.7851318908955952,1,0,1,0,5,retail,0
128.900841171329,12,4.924911171614344,5.8999004382197135,0.5610778758027031,1,1,1,0,4,grocery,0
60.45325021491779,6,1.923070629404474,0.8651205838461817,1.5741137776019953,0,1,0,1,3,entertainment,0
96.78271218843038,17,1.1137129307467786,4.8727696233819175,1.0374019413013098,1,1,0,0,5,grocery,0
4.2711635759335085,20,17.883077684334516,11.834494844930948,0.938930383223086,1,1,1,0,5,retail,0
50.0,0,12.163568737419688,66.57764279831511,4.017919489704971,0,0,0,0,8,restaurant,1
50.0,3,313.22642494300896,133.19456277729026,6.53502831794639,0,0,0,0,6,entertainment,1
44.967438268119125,17,7.720057733360896,2.2693968631028754,0.6614205695628615,1,1,0,0,1,retail,0
11.08403088941104,13,5.551347318591188,4.2470242203690916,1.2272255649340962,1,1,1,0,3,travel,0
79.21735304684275,17,1.7141405117302435,5.161955740310564,0.8930826383433942,0,1,0,0,3,grocery,0
1.4122493932665703,16,2.2610237472037555,7.752133575046667,0.701532875108834,1,1,1,0,3,grocery,0
24.334658660741603,14,14.89350682160335,4.741903348980429,1.081224692857662,1,1,1,1,4,retail,0
230.72781025777323,9,6.880260512220601,0.9377058765862091,1.133123144106286,1,0,0,1,1,travel,0
28.674838827633018,10,2.4806095925068536,12.6888585399617,0.9294439921976881,1,1,1,0,5,travel,0
29.31223716235695,13,2.335545406603058,4.245168732519805,0.7805215787520341,1,1,0,1,1,retail,0
65.92533824221783,20,16.511369107459245,12.400265144023715,0.6636699120904138,1,1,1,0,2,retail,0
50.0,2,209.7812576451172,87.14357130780077,6.0870045196363005,0,0,0,0,10,entertainment,1
189.70239952724924,2,7.524860932682045,50.031125682014455,2.6789464443476065,1,0,0,0,7,online,1
106.70684910469781,10,6.610479695701327,5.67930406313943,1.0258358040007165,0,1,1,0,3,retail,0
20.843314958112632,10,3.890827826021273,11.094522230408883,0.8082254644604601,1,1,1,0,3,online,0
1.0,16,5.79892547377237,8.235686678457766,0.96883008627968,1,1,0,0,5,restaurant,0
46.105065459530124,14,10.720989029511669,1.8109732395391775,1.0780874368774018,1,1,0,0,3,retail,0
64.71823431549792,14,0.4953919139874162,0.20085774590862862,0.7660311922683405,1,1,0,0,4,online,0
25.183267087775675,12,0.8209400254706324,1.0864270683146457,0.6492230372191812,1,0,1,0,3,grocery,0
33.96388261515861,11,14.161013305232695,3.7535796732135602,0.9662312851448097,1,0,1,0,4,entertainment,0
77.10941189122039,15,9.098313685060404,0.1,0.8235684555988952,0,1,0,0,5,retail,0
213.66922356315214,22,9.004256398193878,4.682034160383179,0.7651963756326192,1,1,0,0,1,online,0
89.97124947479058,18,1.510047919779451,2.8523660808236606,1.1499764924684264,1,1,1,0,2,retail,0
12.237587294256205,13,2.4076837967671296,3.4549346804124417,0.7481732222886899,0,1,1,1,1,grocery,0
106.9801535314196,21,11.509772783986765,3.6620049187062964,0.7645289186171438,1,1,0,0,1,entertainment,0
87.1883070560235,21,7.792077197634455,4.087485885315799,0.5306302393776867,1,1,0,0,1,restaurant,0
161.77351029589107,1,6.748720273128697,9.918725625739903,5.974646548270766,0,1,1,1,9,online,1
360.2889600223356,22,373.2071260095398,282.0958796350709,3.876310885823183,0,0,0,1,12,online,1
8.805263478266466,21,9.105127765234673,1.8019738435852617,1.3615028380937093,1,1,0,0,4,restaurant,0
50.0,0,33.07882482905269,152.35617506803695,2.4836989355061836,0,0,0,0,13,online,1
94.88943306673673,17,5.500958390234527,5.299291158176754,1.1579550001258658,1,1,1,0,2,restaurant,0
434.6596953611853,9,16.666836457190826,3.4217673539763567,0.35772059263397815,1,0,0,0,1,grocery,0
80.37693587355159,12,4.475138572710583,0.5280343114858457,0.8818181157220836,1,1,1,1,2,travel,0
15.52436025664774,17,3.5624336762405253,14.048998424339153,0.9771933386330195,0,1,1,0,3,retail,0
20.05962924567512,11,26.812081090343153,4.574136605118509,1.0239532640670364,0,0,1,1,2,entertainment,0
128.7564257123234,11,0.37296669788293035,0.5214739289826188,0.7309388778988974,1,0,0,0,2,grocery,0
44.81351566095008,7,5.356032115817043,13.522417018861013,1.1587651539244306,0,1,1,0,3,online,0
32.662491237146696,8,5.881881930134321,0.8022098642497506,0.8990108087653292,0,0,1,1,4,grocery,0
89.27300878543535,22,15.075831041958942,4.3618905331524855,0.8754629585388929,0,0,1,0,4,retail,0
22.51260308330639,22,7.5179800363839355,9.272759503812097,0.7811936675989883,1,1,1,0,1,retail,0
602.016274882575,20,8.869806118080195,4.445849955075981,0.7956167677020035,1,1,1,0,3,entertainment,0
72.73633327816923,6,9.134696579149407,8.471450767403685,1.4899637247936643,1,1,1,0,1,retail,0
140.05284672948906,15,3.449513181855936,0.42830540846637244,0.8023336012176128,1,1,1,0,5,travel,0
11.622162667166037,17,7.1177727579074475,5.691880893970551,1.279926829382444,1,1,0,0,4,restaurant,0
25.768761598410343,11,3.924867781242198,10.269201531498595,0.7294728518467448,1,1,1,0,5,restaurant,0
142.63668355127942,1,112.51187103285955,44.889732752408094,5.613715970544984,0,1,1,1,14,online,1
297.06006429900236,13,9.081298460919628,3.973319320159497,0.48407133487578347,1,1,1,1,3,travel,0
58.80433668821744,11,2.271611024514726,0.19840212639165644,1.711431866242765,1,0,0,0,1,restaurant,0
286.7030805260162,12,17.328246548182285,8.31770583993445,1.2490357805995262,0,1,0,0,1,restaurant,0
19.294426467947126,22,6.428141328228099,9.435047073835914,1.10317013938986,1,0,1,1,3,restaurant,0
1.0,19,13.172154148704971,1.9471340420132563,0.8791821532564719,0,1,1,0,1,online,0
277.5868531593401,22,4.065840772213854,1.273251598989543,0.9978224072045665,0,1,1,0,1,restaurant,0
235.85467046829453,8,38.836977710944126,4.4507228712369376,1.0176510874360334,1,1,1,0,4,entertainment,0
105.42824747687688,19,3.45081724978687,1.5469403147426266,0.6405578165333472,1,1,0,0,2,grocery,0
14.648594425035576,21,8.010990541622112,9.614829245362404,1.2175829700323648,1,1,1,0,3,grocery,0
82.90457079569438,20,1.5664557361117168,1.1943763562677148,0.8126861669094696,1,1,1,0,4,travel,0
161.94676535812084,21,3.247484285917308,3.0766017663093352,1.032997280971236,1,1,0,0,5,travel,0
37.75281564962333,13,2.4662687199017337,2.4821528380384428,1.202079742830984,0,1,0,0,1,restaurant,0
617.8823617649969,13,8.161656076980726,4.28807706373659,1.1793871556021391,1,1,1,1,4,retail,0
139.46013510489848,12,18.70538850484142,0.10796261766667012,1.0987486496821917,1,1,1,0,1,online,0
66.6692710934022,8,3.268667085179342,18.185686961705095,0.7583604895279703,0,1,1,0,1,grocery,0
99.95157605903928,14,13.049215809182437,1.4560396891077387,0.7618721437964011,1,1,1,0,1,entertainment,0
110.95503199720041,9,17.25249264285634,15.160747673164805,1.3125397242201007,1,1,1,1,3,online,0
91.18994333830919,22,1.178485371496308,6.540156181447614,0.9145612988696055,1,1,0,0,4,restaurant,0
7.205861209174003,15,6.138431957735856,3.2427771868927695,0.7395597025665885,0,1,1,0,4,entertainment,0
24.62719732505164,17,5.143196364101462,2.758226792468146,1.242345531976645,0,1,1,0,3,online,0
50.215964491694365,9,13.142497438674614,5.0517827693566115,1.00075294295035,1,0,1,0,3,grocery,0
23.246675789308128,10,2.8377856163863235,0.21641281829934905,0.7778195061472452,1,1,1,1,5,grocery,0
92.21399317699876,9,9.033008846315862,2.320390995928894,0.5426136261640638,1,1,0,1,1,retail,0
18.60915432664638,16,42.867060165156246,3.588919786263766,0.576142121093546,1,1,1,1,5,travel,0
62.85585822255422,13,8.12313826075089,3.1800277164770234,1.768613364649711,1,0,1,0,2,online,0
94.89068914939456,2,103.91890936596181,42.331689714222975,4.8414514900352845,0,0,0,1,13,retail,1
120.41532891471076,14,12.436398306124609,3.7895765826303576,1.1651620028536938,0,1,1,0,5,grocery,0
52.840063398990495,6,19.025524907286858,1.0968042182208817,1.1198219295577956,1,0,1,0,1,restaurant,0
1.0,17,12.632305430658963,0.32831739863961046,0.8980701073069105,0,1,1,1,1,entertainment,0
49.41034746923033,6,8.639634791782058,12.895356146345398,1.1451377981896023,1,0,0,0,5,travel,0
82.79619575927427,8,19.509145509147224,0.8642537772965498,0.9915987648164584,1,1,1,0,1,online,0
89.52636057801044,21,5.046456231014203,10.195705085862452,1.11049817848281,1,0,1,0,4,grocery,0
34.12819964136807,7,0.1,5.268554165117376,0.93102393719892,1,0,0,1,3,retail,0
209.51943352324298,7,5.09148558609972,11.298927573673922,0.7586022063108073,1,1,1,0,1,retail,0
1.0,8,4.310314576964103,0.35902806281115646,0.7943609104880018,0,1,0,0,1,restaurant,0
17.481769957243706,18,16.417079120499956,6.201784991035151,1.024807489120365,1,1,0,0,1,retail,0
314.45057066237246,6,2.1270244674993073,2.4156725637948555,0.8430077300127832,1,1,0,0,4,retail,0
134.24517330904936,23,13.487641256884446,16.813562958805413,3.674608412255442,0,0,0,0,7,entertainment,1
170.36126208879045,19,6.093210733283767,9.706324061313657,0.9976461598491679,1,1,1,1,3,online,0
33.357510452175994,15,1.3152913818906984,0.7737477804786632,1.0263313961478335,1,1,1,0,1,entertainment,0
1.0,22,10.290106803610918,0.9709854173224424,0.7266050129469654,1,1,1,0,2,grocery,0
70.09949648053144,15,4.863618768944036,1.291339305359056,1.1464209766552522,0,0,1,1,2,grocery,0
190.73703654151106,13,1.7689464349268371,2.541582097804457,0.9501177360435599,0,1,0,0,5,entertainment,0
100.88069194655836,20,9.638486846748856,4.799270524943408,1.469364165507169,1,1,1,0,2,restaurant,0
179.46426644291563,19,13.157985210425494,5.467840538403054,0.5799736046897594,1,0,1,0,5,restaurant,0
36.00276664317826,17,8.981514133685902,0.1,1.2611872182558044,1,1,1,0,4,retail,0
1.7850598339394144,22,0.4652491864636304,3.977825964073598,1.0845595147513472,1,1,1,0,1,travel,0
14.51742365653078,13,15.629950545973717,7.055989724554933,1.639482129774989,0,1,0,0,2,restaurant,0
206.57989370845405,6,5.010624119246455,0.46852271398469736,1.4285919836886611,1,0,0,0,5,grocery,0
89.0253377885047,22,3.9907747995891105,4.899469240107178,0.9107434251242703,1,1,0,0,5,grocery,0
22.446460220267358,7,15.365588463228539,9.615674217510005,1.298476516278817,1,1,0,1,5,restaurant,0
3.2614241196057536,13,1.0361744567550808,5.437397095350893,1.0136943225116373,1,1,1,0,2,retail,0
41.12392020983527,16,1.3714360546057005,1.916028270065685,1.2538334670091673,1,1,1,0,5,restaurant,0
254.773732228323,1,60.01952253553508,58.41058379592256,4.6317319870582905,0,1,0,1,8,entertainment,1
31.681600527098347,8,30.002345052748694,6.104921305505427,0.9811121808060475,0,1,1,1,4,grocery,0
98.10906810767328,13,3.6233652141100388,1.4879015849422528,0.8561566214895111,1,1,1,0,2,restaurant,0
50.0,3,400.7140117870417,2.5959885631421886,3.2262753025285287,0,0,0,1,13,travel,1
170.91668992704444,9,2.4119075452553997,1.8857851755152564,1.0516922742171184,1,1,0,0,3,restaurant,0
60.34390837027701,14,18.75524252372408,5.509817975591079,0.841540528432721,1,1,1,0,1,retail,0
25.93711676563715,9,3.1373111498267163,2.4593605782909584,0.5342841674535086,1,1,1,0,5,retail,0
65.09600787111663,10,28.78922315481664,1.7212520687060926,0.48007184410494275,0,0,0,1,1,grocery,0
263.5890377446341,9,12.65244759449697,1.5849832618135007,0.8244040531504601,0,1,0,0,2,entertainment,0
19.402348090772726,20,10.389872740992951,1.8758613968708848,1.5354996705836155,1,1,1,1,4,retail,0
329.2238462125562,9,0.33282095927208166,9.32322244011094,1.0006390817594963,1,1,1,1,1,grocery,0
1.8653460029602043,11,14.537100969918345,0.49869839336511207,0.7434905729816527,1,1,1,0,3,restaurant,0
52.334880030959866,15,11.596763527000968,1.40398479509815,0.4755097946544746,1,0,1,0,1,retail,0
38.075729826422055,21,7.8154149305312925,5.850336795623519,1.0250548128959704,0,0,1,0,2,travel,0
68.35417153589358,8,52.88364287568319,4.629919829675854,0.7899259430736167,1,1,1,0,3,grocery,0
22.6259907229125,20,0.8197716234095064,2.9880946264768427,1.5632380502362024,1,0,1,0,4,restaurant,0
59.46036305193126,13,0.25886466716309503,12.779422397898264,1.402892691423177,1,1,1,0,3,retail,0
111.4810405851582,21,14.282471756212624,13.759636603309977,0.8253448364722519,0,1,1,0,4,retail,0
42.00115999282119,10,0.45344969017900144,1.1955798541814973,0.7781420321018245,1,1,1,0,3,grocery,0
104.44532618842265,14,2.9076300132097286,6.738693195827263,0.6753235211205102,1,1,1,0,3,retail,0
28.644508341069816,13,5.737141705199741,1.7332918959922248,1.1362445883525485,0,1,0,0,3,retail,0
191.92956161238428,22,29.395336985175355,2.0683156891377656,0.9070266737671231,0,1,1,0,1,retail,0
41.203608460500874,21,1.5671304080699986,9.980713351538041,1.3059305598992204,1,1,1,0,5,grocery,0
36.54765043163438,21,12.131702194711753,7.357387674021929,1.0348825390172143,0,1,0,1,5,entertainment,0
70.45187044249188,15,16.59997964159026,12.00114568209138,0.9982884313147338,0,1,1,0,4,grocery,0
16.983942189740517,17,6.610742759165643,11.168661011618193,1.0545386319375631,1,1,1,0,4,retail,0
51.03612830884394,6,3.2757535742619703,15.411035818127408,1.0656149253382303,1,1,1,0,3,restaurant,0
31.312616548569334,7,7.746994276475263,1.711475081634331,1.4259824933700136,1,0,0,0,3,grocery,0
41.3476301423791,10,0.9555560047469378,12.909112060507335,1.1639052784364106,1,1,0,0,5,retail,0
304.8067636729076,13,4.8222766243573005,1.0639337545807521,0.9206746266138689,1,0,1,0,5,restaurant,0
26.130073680829547,8,4.999080650371733,0.11807671477569043,1.1025884540175706,1,1,0,0,1,grocery,0
109.73258066854376,10,0.6748872156925423,0.6147098391895433,1.000626979378544,0,1,1,0,1,grocery,0
52.08231049694141,19,3.7530202826826335,2.76757549189015,1.1674411004280905,1,1,0,1,3,grocery,0
67.1961344841879,18,2.749290115737612,4.167496971964827,0.6796568102870646,1,1,1,0,5,restaurant,0
41.440070659177756,16,13.011869206749926,2.773977331169437,1.2659426685030253,0,1,1,0,3,grocery,0
29.42706531505621,8,8.463645423151023,1.042165708542965,0.6833608415725909,1,1,0,0,4,travel,0
50.0,3,5.0,41.33645782696909,3.364458871023208,0,0,0,1,10,online,1
87.14145576287912,21,3.4319935913475277,0.7011638645688117,1.9547135512193596,1,1,1,1,2,restaurant,0
40.367254361441795,17,7.328710633492359,8.155169313376764,0.791410798734589,1,1,1,0,4,entertainment,0
9.750088317919174,16,23.039655583280464,0.5429270726064513,0.6078694296350986,1,0,0,0,1,grocery,0
1893.5591879241556,22,48.229680194919794,16.177340014041942,2.1900290991076696,0,0,0,1,3,entertainment,1
6.022923695718088,17,3.2321780613305857,0.7112455788289296,1.089058304067975,1,1,1,0,1,travel,0
45.95746743942477,16,1.1145195308167337,1.192114541345257,1.358530097885533,1,1,1,0,4,retail,0
84.12452410600855,18,1.0921045462128025,6.118874437629568,0.9615150232790082,1,1,0,1,2,travel,0
165.245840753798,12,4.270439495108151,0.5643992304608195,0.6029165053421887,1,0,1,0,2,restaurant,0
40.886755629312795,10,15.105853025067164,8.018610309293706,0.8890563003051941,0,1,1,0,1,grocery,0
61.57792415555032,8,6.089305442843108,4.938225241773394,0.9414473805204275,0,1,1,1,1,restaurant,0
687.5609066105742,5,5.619417347730704,147.83086631352592,4.635775846834913,0,0,0,1,5,grocery,1
71.4981620157876,21,6.039089821936359,0.9814031781073979,0.9477385687068594,1,1,1,0,5,grocery,0
14.883035208367515,19,8.692279305057898,8.653761347182662,1.2465331618111741,1,1,1,0,5,restaurant,0
1.0,14,2.5405026403270408,22.102266344039244,0.7888827779119391,1,1,1,0,5,retail,0
35.25481778121823,11,16.340324715936603,0.9967321273219083,0.8760359688495195,0,1,0,0,3,travel,0
19.928644795876625,20,18.722863943661203,7.295799945416705,1.0331107013176681,0,1,1,1,3,entertainment,0
115.34992524390623,14,0.4430590347956256,0.9210093252877938,1.1325055609498067,1,1,1,1,4,travel,0
26.356274232912966,15,12.672899479096674,3.8928308742996065,1.5892424046868079,1,1,1,1,3,grocery,0
59.96040917268025,14,6.572116265686056,4.134770212345928,0.8584592139651306,0,1,1,0,4,retail,0
58.74478883388121,19,4.593668103188408,1.1778212809514177,0.9830823830300754,0,1,1,0,4,grocery,0
140.60622008724266,8,8.187173651804546,1.0261829615344151,1.0221705602797129,1,1,1,0,4,retail,0
101.96785817678983,11,15.48383399179653,1.7693719229645357,0.9884725273282952,0,1,0,1,3,retail,0
117.30432346432161,19,2.3087945217519112,4.555481959250004,0.8158529728838282,1,1,1,0,5,restaurant,0
11.914494849969156,18,16.638579894682003,8.106387557515179,0.7855428309137134,0,1,1,0,5,grocery,0
141.55249319214062,14,8.283601436609267,14.80456127029618,1.2515756122203245,1,1,1,0,2,restaurant,0
5.664120513087103,20,16.523574166362103,11.92562535802299,1.1255242422506744,1,1,0,0,5,grocery,0
59.51422646886836,6,25.494937272320783,1.5926756580880432,0.8545802865421073,1,1,1,0,4,grocery,0
49.212972873353856,12,6.09350082903437,21.322663972003348,0.5296234434656092,0,1,1,0,5,entertainment,0
103.70509484890286,14,56.71336359692141,1.6227182211285238,0.9608793308642434,1,1,1,1,1,restaurant,0
99.5874785388227,16,6.842647719193078,2.2825896861464687,0.676994110702028,1,0,1,0,2,restaurant,0
58.8773564238629,9,1.4735336745710939,0.1,0.22552928326441501,0,1,0,0,1,grocery,0
142.78070031158168,16,2.5820438829463455,12.278479502256053,0.7521375818003003,1,1,1,0,3,retail,0
104.82053362592886,8,18.99510207456832,4.347420516293857,1.3874603615904948,0,1,0,1,5,grocery,0
239.8330574757274,1,5.0,2.9761765094960517,5.376138348252171,0,0,0,1,9,online,1
6.245022824251468,17,19.66107276258407,7.457785744128927,1.2689382915847212,1,1,1,0,5,grocery,0
64.85212741131151,21,10.684819814761763,6.651614157337549,0.5581641789563618,0,1,1,0,1,grocery,0
10.214431323651745,21,22.5774613472985,0.503908819174902,0.9470669104827515,0,1,0,0,2,restaurant,0
1.0,11,21.555813937557076,2.701008550311432,1.0228535773186969,0,0,0,0,4,entertainment,0
251.3803550735404,7,0.1,13.633848967851634,1.561334747534623,1,1,1,1,4,grocery,0
27.252175356331676,16,3.8566966578095547,14.19710536563053,1.0646105132483479,0,1,0,0,4,grocery,0
54.769414443696846,11,8.150245916088828,5.212429771442238,1.0944730741413482,0,1,0,0,2,grocery,0
155.35376263648803,6,29.275658904001215,1.6800074200002495,0.9770070457093206,1,1,1,0,5,retail,0
150.34070033480145,18,0.5232199539133229,2.2088166746540807,1.503578722762986,1,1,0,0,5,retail,0
28.050071780299803,15,11.174965598884656,2.532156006874965,0.8557749507523121,1,1,1,0,2,grocery,0
15.538061601869382,19,1.3921023428251977,19.909201731828656,0.8804609961598268,0,1,0,0,1,grocery,0
81.31980903159702,17,14.950196005403065,7.798300428105241,1.1514471227306213,1,1,0,0,3,retail,0
208.19928081980237,3,30.758274231011917,41.072502003205386,1.8807362324672479,0,1,0,1,5,online,1
21.626209168675445,7,5.30896754526076,3.185103947591978,0.995725710735694,1,1,0,1,1,retail,0
38.32332949336777,19,6.304693723279992,3.4561381563190303,1.3718225716855765,1,1,1,0,5,travel,0
18.452554917680718,7,14.226307556124427,7.515204304792734,0.681649663435193,1,0,0,0,3,grocery,0
11.1702110159536,19,6.492386255335285,3.2436921719167193,0.9396951592508996,1,0,0,0,5,entertainment,0
353.92102496351134,6,5.317590231657272,9.502240871157769,0.6689142880762919,0,1,0,0,2,retail,0
24.31716357703494,19,18.831146347184443,1.9225470680597683,1.1059168476899504,1,1,1,0,3,travel,0
12.14667237815577,10,2.602669085898708,3.6840928093173844,1.0613494221755757,0,1,0,0,5,restaurant,0
150.3884857062938,20,49.25004234686224,0.9979336170625976,1.2457037782486156,1,1,0,0,2,travel,0
189.37379793730474,7,3.1679040958805187,1.885449703857336,0.7292043130824075,1,0,1,0,3,retail,0
105.4069253730112,10,20.650187874398714,3.2633456309896935,1.305449629224673,1,1,1,0,1,grocery,0
3.330380783547616,10,45.98686397547275,11.073393715526256,0.731076978378023,1,0,0,0,3,restaurant,0
22.158541271320836,7,14.243018558065605,16.343346886988698,1.021730369054795,1,1,0,1,1,entertainment,0
78.03105601962808,6,6.46361297774508,2.431968783837994,0.7165024329439124,1,0,1,0,5,restaurant,0
660.5274660118844,3,5.0,66.3966789900501,2.7663594402141287,0,1,0,1,4,online,1
49.23783768576222,15,6.022592855071656,1.7841661939423115,0.5237022658256751,1,1,0,1,3,grocery,0
48.065715329972846,6,14.903529158770299,2.8785912313726003,0.35816844351902033,1,1,1,1,4,entertainment,0
595.7204300981535,4,161.41783326231533,72.42554817774084,3.3520789876104633,0,0,0,1,7,travel,1
57.161173233075544,15,11.434376933854406,2.5761857436311053,1.0122260008205899,0,1,1,0,4,grocery,0
14.957504465595404,12,4.24688117975908,16.731579458156585,1.1570401685953342,1,0,0,0,3,retail,0
50.0,23,88.33553393139809,212.02018728796776,1.105671023292642,0,0,0,1,13,travel,1
154.9938078064906,22,1.7847031313940784,6.897609187059443,1.1509571270496166,1,0,1,0,4,restaurant,0
19.04008535629033,10,7.346331626458254,0.8228751726560986,0.7759788471349364,1,1,0,0,5,grocery,0
32.37543583504658,7,7.778311721348103,1.3241929828454277,0.7135505546899827,1,1,1,0,4,restaurant,0
181.26686872338587,11,1.7499655417254543,11.65690257239903,1.1773595469908957,1,1,1,1,3,grocery,0
262.38756427110616,3,13.958169139771472,39.73161782429144,3.5638684014144553,0,0,0,1,8,online,1
63.65582769111454,6,4.603137257323009,4.165656580424562,0.9570437319921835,1,1,0,0,3,restaurant,0
224.97208468462452,21,1.6880922175522575,1.4161084162032145,0.8184051999764621,0,1,1,0,5,grocery,0
42.56691545202698,14,5.035176949276642,2.3910576851636796,1.062534360107296,1,0,0,0,4,grocery,0
10.618283346888443,21,35.98225238194989,0.8652680776220051,1.2953914926783245,0,0,1,0,2,restaurant,0
72.59977576903263,22,7.880341298820133,1.890880710855397,0.7716112291065915,1,1,0,0,1,retail,0
13.785223528789565,14,9.785982925433824,1.7294625981986136,1.3880914590216522,1,1,1,1,4,entertainment,0
80.94272917633043,16,18.773082057183018,17.978396229477994,1.0951881604270872,0,1,0,1,5,retail,0
52.347225922214506,4,121.78159629637148,19.347064165180182,5.372391577202081,0,1,0,0,3,entertainment,1
166.66867246028698,7,13.6479589887993,0.23004434454147277,1.0469419702302376,0,1,1,1,1,restaurant,0
242.0799965307211,21,8.722960497706499,2.149033906871592,0.5127135583983448,1,1,1,0,3,retail,0
170.67404257020817,23,209.2860331271778,32.22511159247386,1.5310130022550918,0,0,0,0,8,online,1
44.42696967331621,6,0.8734935109637211,11.062475950498676,0.7237168372000266,1,1,1,0,3,grocery,0
166.7762469482611,22,16.891457308705146,54.99473209408207,4.3594667817200525,0,0,0,1,11,online,1
109.86813687389989,14,0.5142638989785571,3.714456666443999,1.1513900165318822,1,1,1,0,4,travel,0
3.7325485707171504,7,0.3214683403795594,0.8897575389266779,0.92707033619854,1,1,1,1,3,grocery,0
34.53983128669461,8,7.996286370599842,6.4334312245053225,0.6049056973610515,1,1,0,0,3,retail,0
74.32769351854796,7,0.6534314435927696,3.235665504323369,1.1052990202608097,1,1,1,0,1,retail,0
17.008077813530456,9,7.09332083449424,3.5047177218404717,0.9490702220487562,1,1,1,0,1,grocery,0
217.8175180769651,20,1.00109952493974,3.393877482080803,0.7418109543049478,1,1,0,0,1,retail,0
92.84206525093572,17,7.59302529054573,9.673431043383072,0.8238282779143712,0,0,1,0,4,restaurant,0
59.23561322916211,22,91.73484883626024,47.124825446673,4.425692918477906,0,0,0,0,7,entertainment,1
19.661051937939863,12,2.1819233098952786,6.326473566336551,1.093046296306383,1,1,1,0,3,retail,0
11.995663923715602,17,3.343905956325292,1.7629779474965295,1.1281554927133775,1,1,0,0,3,grocery,0
114.30277548587581,10,0.2069105217560406,5.285971618766948,1.3323522581765164,1,1,0,0,1,entertainment,0
7.6360108830182005,21,3.823948474437148,6.804480818388243,1.136968557060958,1,1,1,1,3,grocery,0
38.602911837950906,9,0.22341469477146106,1.6285600932424684,1.0565346530828001,1,1,1,1,5,retail,0
10.8822992902317,8,1.0161362130537015,2.4004461756383924,1.3925539366849975,1,1,1,0,1,travel,0
51.917592407834235,12,0.8489586138207278,21.055290080318777,1.1699135544562371,1,0,1,1,3,restaurant,0
35.8551201794515,16,1.4944788460769574,5.619703879064442,1.599730856291795,1,1,0,0,1,online,0
27.930718163474406,6,0.4765784702574539,4.778003340342137,1.0157140132891624,1,0,1,0,2,retail,0
60.73150263686651,19,12.611495769800687,5.989341321741262,0.9724701711565528,1,1,1,0,4,grocery,0
6.975519495836581,22,9.50661400596083,2.6990082050875945,0.9602659295660236,1,0,1,0,1,restaurant,0
72.97542803324576,14,5.371721091441087,4.634482373486413,1.1672863010508445,1,1,1,0,5,retail,0
79.67766100550251,15,1.9491657523682482,5.246586178617951,0.9276436441729172,1,1,1,0,3,restaurant,0
335.13391912965653,10,8.517063006299738,7.831573332750127,0.8278716164868796,0,1,1,0,4,grocery,0
41.22736071635937,8,8.268638560960873,17.188416080664854,0.8360571957008739,0,1,1,0,5,grocery,0
1365.2611198136765,23,19.882895113712273,43.31886501681504,4.796729999953373,0,0,0,1,3,online,1
2.4659217594879523,22,20.279594570247347,5.508385187631994,1.3762153986883323,1,1,0,0,4,entertainment,0
55.483450398651506,9,12.909196714312701,2.4429705365835006,0.8568150793925837,1,1,1,0,5,grocery,0
141.85207935786596,16,9.399595768839173,0.5607723659613718,1.0986373884809406,1,1,1,0,2,retail,0
119.47812799710181,22,7.962494679908248,1.5488194258825219,0.8551616179345874,0,1,0,0,4,restaurant,0
114.93466950564097,21,0.1,1.2822464401379918,0.8832793369782124,1,1,0,0,5,online,0
13.017421900529719,12,3.1658786858264283,0.4630230240422367,0.8361379157071228,1,1,1,0,5,grocery,0
5.408035100954013,19,0.5494809570331891,0.5914131213235958,0.5519352345809353,1,0,1,0,1,entertainment,0
14.991962622919,19,5.9892327982242115,1.3771499489109145,0.7275760334742043,0,1,1,0,5,restaurant,0
55.27527561279488,21,37.41082654426244,1.7831760004997963,1.1988837914972175,1,0,1,1,3,grocery,0
126.79000617845182,5,237.5153589258428,32.63377830091662,5.0076417496524375,0,0,0,0,11,online,1
85.99041603775794,13,12.16656250354723,4.8175468297897535,1.043199069389972,1,1,0,0,4,grocery,0
11.199320601134614,20,8.632398130964992,19.090153229922805,0.9815119984403674,1,1,1,0,3,grocery,0
37.41698511817538,15,4.977998825371207,4.374276952552027,1.2293616232749034,0,0,1,0,4,retail,0
48.38842592375376,17,12.519341099322434,0.22102932187752633,0.9823861144304407,1,1,1,1,1,travel,0
47.439887313978055,17,4.283052359480714,6.6661584515838,1.5013129967662855,1,1,1,0,4,entertainment,0
40.63308740957411,22,1.1123670469622324,0.22245335891879742,1.3555353766335503,0,1,1,1,4,retail,0
29.88372653260989,17,5.502126059209048,14.597898933125094,0.46975247941521736,1,1,0,0,3,restaurant,0
74.82664165196881,11,0.33759818684650494,0.1442674999107712,1.1193272178929319,1,0,0,0,5,retail,0
203.52947255429734,7,21.41258457058583,0.8601987919539635,0.5186761048866662,1,1,0,0,2,grocery,0
51.574602276363024,13,10.030850093833712,3.343920225655625,0.6546006857542188,1,1,1,0,1,restaurant,0
163.68267688126025,13,4.258832457483701,3.6580568654452628,0.9589121601394336,1,1,1,1,1,retail,0
152.53320906626243,18,5.285364154516373,4.4451021496746765,1.0771162680163384,1,1,0,0,4,grocery,0
3.2110733127505786,22,1.1221132095108441,5.231942484131892,0.6445606440666238,1,1,1,1,4,entertainment,0
71.8158675526527,19,20.331368642910135,1.2028895894666647,0.9740534400173176,1,1,1,0,5,grocery,0
119.4158252445007,11,0.49202708143648877,0.2424691816423996,1.1805914502963564,1,1,0,0,4,entertainment,0
20.67572843671566,22,5.691612300995855,0.6935876686357078,0.989584023661452,1,1,0,0,5,grocery,0
40.57238169166074,22,41.30689201424927,0.765349516892574,0.977738427690803,1,1,1,0,5,grocery,0
61.67433167502202,8,5.509141817293148,3.3990857564722847,0.60853657777692,0,1,1,0,2,travel,0
9.96047820419607,8,0.10003494236813697,2.4207948889639384,1.087708456473509,1,0,1,0,3,grocery,0
101.05873329292436,18,2.50524070793052,6.031904629459577,0.5923335753883479,0,1,0,1,3,grocery,0
171.24843522738186,9,5.335677627357213,6.1920928869925,0.9605288973740436,1,0,1,1,2,retail,0
130.15966447951826,21,2.7759693385639546,0.8563989144056777,1.0659427452036858,1,1,1,0,4,grocery,0
58.26366665721505,10,11.314496344038279,0.1,0.5682775734255338,1,1,0,0,2,grocery,0
69.99851055758643,13,20.24800129042855,1.9832756735875985,0.5275650697297567,1,1,1,0,5,grocery,0
177.4176983328007,21,2.7112220704058725,5.152532187087363,1.2322618269584729,0,0,0,0,5,grocery,0
44.617962508018024,10,4.216566697375189,19.249265433535534,0.6576328568627599,0,1,1,1,1,restaurant,0
36.49265118860624,22,6.099112827749499,6.434704379995643,1.4599108192384376,0,1,0,0,3,online,0
33.9253851692781,14,0.7430543543702477,1.9983861210509493,0.7352032140489013,1,1,1,0,5,restaurant,0
34.550289347862694,19,6.32524554857341,2.2479642167803653,0.9591804340198303,1,1,0,1,4,grocery,0
144.68854490503082,22,1.3342157616794519,3.537039911428663,1.188077247379833,0,1,1,1,4,travel,0
18.258958923476616,21,11.224044265137644,1.8721629073542467,0.8232194422433461,1,1,0,0,4,restaurant,0
94.98764663816829,12,0.1,4.711505799709147,1.1789564444751435,1,1,1,1,2,grocery,0
10.26105433689444,7,10.489106484346042,1.1998595468977133,1.0421554138186209,1,1,1,0,1,grocery,0
146.05744886547544,11,11.666754803268253,0.8760509734699686,0.7604339978777965,1,1,1,0,2,grocery,0
113.51876765986495,22,2.235803515082797,2.2446742577032546,1.2870327831105102,1,1,0,0,3,entertainment,0
216.4756937488183,20,20.378128152026793,5.734886909103425,1.3485247714768724,0,1,0,0,1,online,0
97.82142978955689,10,7.152508294289564,5.939479868335193,0.6692803407845562,1,1,1,0,5,grocery,0
705.9656939612887,1,8.604811082099546,46.95205559473303,3.0809546691249805,0,0,0,1,10,online,1
79.15335580103219,21,6.0447943375530215,1.2120882067072971,1.1354169394326936,1,1,0,0,4,retail,0
14.064668680005028,18,11.078926405070352,0.7633168183119848,0.9737733058390314,0,1,0,0,1,travel,0
343.897343092028,13,41.65721331829153,2.0395456913802743,1.0822760562136782,1,0,1,0,1,online,0
52.521177683052855,21,1.8991373409699321,0.14002438798069494,1.0760738819221602,0,1,0,0,3,entertainment,0
95.78373686185498,12,2.985144801823983,1.8980970204966057,0.8901894859592708,1,0,0,0,4,restaurant,0
162.5466327494329,7,15.266367421593108,10.974981728134175,1.070750476241606,1,1,1,0,2,restaurant,0
23.040479130126688,9,2.066482222286919,0.9184080091592773,0.6689973634660029,1,1,1,0,2,grocery,0
190.221912962904,9,30.370601703873493,3.1141577757167695,1.0588879544389218,1,0,1,0,5,restaurant,0
17.35057555686695,14,6.024926614512099,0.5341547387289759,0.7550512352246048,1,1,1,0,4,grocery,0
77.32031351140682,10,29.058229235993217,4.888260320470758,1.1822874162521133,1,1,1,1,3,online,0
46.771222679755475,13,8.041229441815421,4.640748968923912,1.2719358200778352,1,0,0,0,2,restaurant,0
158.54557909495705,3,45.71016097746365,2.6688183345994956,2.846444349977224,0,0,0,1,4,online,1
66.73660333202095,14,6.272335739754134,11.636438330213728,1.0773555469407525,1,1,1,0,2,grocery,0
69.73152118001306,14,14.941684262870114,2.772888345269735,0.788595772614115,0,1,1,0,3,retail,0
93.70673967012257,12,6.894907049965947,17.06957602384295,0.6847500475163325,1,0,0,0,5,grocery,0
4.728368922910953,21,11.720212094697413,2.57747370838038,0.942097748924629,1,1,0,1,1,grocery,0
163.709744155617,22,4.644940270222374,5.921868831524729,1.312644473760395,0,0,1,0,1,grocery,0
16.15341183836939,22,0.44039891565336936,5.8065131162951715,0.964294774857818,1,1,1,0,1,grocery,0
223.83934742341302,18,2.0474004576641693,7.775262892600998,1.4204075958049243,1,0,0,1,4,online,0
62.174390854419954,7,4.797805005018555,2.7147726201948923,0.8747164160931925,1,1,0,1,3,restaurant,0
695.3355078154361,1,103.83865838235059,103.06958473803267,4.208120046557365,0,0,0,1,3,online,1
9.133394815349266,11,25.349956468082645,2.6446377294784407,0.7167439942339953,1,1,1,0,3,restaurant,0
74.6524362560092,22,1.2263581032150326,2.287838649020654,1.2987368110042627,1,0,1,0,2,retail,0
93.57260288089202,19,5.602324665879015,0.6426272783148472,1.0642113834163878,1,1,0,0,4,restaurant,0
29.250248933454117,15,22.077105523752465,1.5493823248841219,0.9787969346104547,1,1,1,1,4,online,0
12.930907385416976,6,13.215397227147518,1.3103749529967923,0.8995213121709652,1,0,1,0,5,retail,0
39.91691281425021,7,2.1073250648180353,0.28057490997042667,0.568934099971453,1,0,1,0,4,grocery,0
227.06305897387384,19,17.02905228188332,4.711162573122214,1.0183621011901816,1,0,1,0,3,grocery,0
130.29558952977183,9,5.224829445294777,2.569651405229104,1.251580897688116,0,1,1,1,2,grocery,0
67.14161564435064,9,19.88752660176525,11.728520238744945,1.0466279897555477,1,1,1,0,1,grocery,0
106.05077117238929,20,1.986180589464329,1.8822074332985215,1.2094664884557325,1,0,1,0,3,entertainment,0
568.7310290001532,1,5.0,25.217691594380486,0.7547963574306111,0,0,0,0,13,online,1
237.7464137761606,6,3.5552632689724675,2.4469093810579343,0.5346721638080898,1,0,1,0,1,restaurant,0
61.68761732395773,11,2.0594510181112904,3.3388055021264815,1.1704429108309855,0,1,0,1,5,entertainment,0
60.60112342671551,17,1.3464957277690583,0.28582868960359015,0.6490985574501941,1,0,0,0,4,retail,0
246.4179029153367,10,8.567041227963877,7.985997061198066,0.993888562629125,1,1,1,0,5,grocery,0
4.663359936862751,18,0.1,13.072174032408757,0.788414337990785,1,1,1,0,2,restaurant,0
5.4530713935857476,22,9.341542484603115,0.5635666210260698,1.206457266146015,1,1,1,0,2,grocery,0
111.1502165273565,9,25.87676912271928,2.890916807190697,0.468149564410424,1,1,1,1,2,retail,0
11.998145649314065,8,0.1320898130934984,10.697700664804836,1.2085203486139378,1,1,1,0,3,grocery,0
2.0820309064001847,13,14.798127978993751,0.2574074916227566,1.146042913535117,1,0,0,0,5,grocery,0
18.744724740207662,8,5.5416661564468725,10.431923250090673,0.11370677430232579,1,1,0,0,1,entertainment,0
177.06230876824037,19,3.451021194557689,5.35225457906856,1.6493180989975422,0,1,1,0,2,restaurant,0
339.82250118832565,2,5.0,109.59395456016372,1.3769081786072208,1,0,0,1,8,retail,1
22.84155411869446,6,14.70207448963479,5.381302857102872,0.5466097385207135,1,1,1,0,1,grocery,0
14.214522036485185,9,0.1383915557767039,0.2299910772597186,0.9213567757796483,1,1,1,1,4,retail,0
198.55660296669515,18,2.970372459293835,8.791579956782945,0.6960519698138672,1,1,1,0,1,retail,0
22.4559955085312,9,4.55707188505096,1.906819093366411,0.9119080808270554,1,1,1,0,4,grocery,0
47.69955813131746,13,7.455045000863544,4.7707788543629945,0.8731653486023756,0,1,1,1,2,grocery,0
17.23279563297897,8,32.00019347248028,5.691468316061133,0.8287189503940154,0,1,1,0,3,retail,0
215.21750876849478,21,3.5096695435919,14.690460474854596,0.9814756421936831,1,1,1,1,3,restaurant,0
10.882183397537894,19,0.9012038031183482,0.1,0.8295792486135324,1,1,1,0,3,retail,0
17.969093741842777,17,0.6333703501222818,1.198276058945257,0.625994317204819,0,0,1,0,4,grocery,0
9.943422706358678,12,3.241537261452272,13.702562544676413,0.879254429542278,0,1,0,0,3,entertainment,0
50.558332215751854,22,42.12431697335762,1.5031019559244987,1.1719359703447028,1,1,1,0,5,online,0
26.123849490491644,15,20.89944745046545,3.5486465533634144,1.0276900883083444,1,0,1,0,1,travel,0
131.3177728234054,22,28.546604438051443,19.984789937493737,4.095174445811822,0,1,0,1,7,travel,1
67.67646567428325,21,3.844686497763932,4.6805007857071,1.0715907387964911,1,0,1,0,4,retail,0
51.87629853587089,9,1.8510306466943676,0.21956818115567198,1.5347027310938666,1,1,0,0,1,travel,0
25.558537436527406,9,6.2540446761540505,8.077315384863471,1.111293636231724,1,0,1,0,4,restaurant,0
8.770850039929663,11,36.37462434512511,6.659263728561876,0.9163391573786202,1,1,1,1,2,travel,0
83.16878447853368,20,5.6994941101680805,3.9571702478496706,0.9337741014303018,1,1,0,0,4,grocery,0
173.70893269794158,10,5.8344579529875435,1.7528189585216414,0.7553889987768357,1,1,1,0,3,grocery,0
34.747309554955365,7,7.362552632578944,0.1,0.8437586809176971,1,1,1,1,1,online,0
42.35019458668618,12,10.123312540374288,5.012073321051583,1.2645044377008934,0,0,1,0,2,grocery,0
68.99935771504421,18,1.520456382313897,1.9623762779374052,0.7986490570424547,1,1,1,1,2,restaurant,0
25.019443871966587,20,21.846703922933138,0.9653983689590305,1.3917867954393894,1,1,0,0,4,restaurant,0
33.37059471961374,22,13.176651565203791,0.5260127766267806,1.005288904521741,1,1,1,0,1,grocery,0
13.199810100024303,15,2.4877799972041785,1.723062259970507,0.9425183610782494,1,0,1,1,5,grocery,0
63.79702132464983,14,9.089726270002938,2.4470528849205477,0.3586603435111909,1,1,0,0,4,grocery,0
71.90570741480629,10,1.0505345176906657,8.34026932893842,1.2373069792313005,1,1,1,0,3,travel,0
44.04269624567141,8,4.8518745303919815,8.682839903689402,1.0847864771125995,1,1,1,0,1,grocery,0
246.23405024709874,4,18.30366806827193,90.94153064528184,6.909270183930029,0,0,0,1,7,online,1
131.2748146581314,6,3.144883104264764,6.591716644809828,1.25521146507965,1,0,1,1,1,grocery,0
27.307721718754372,6,6.0179565424151,0.7609825283131302,0.6652754468863066,0,1,1,0,5,grocery,0
291.1382545022372,5,26.986878893424947,40.554019219528676,2.484257231678749,0,0,0,1,6,online,1
17.042322548797124,16,0.8282931403922983,6.006530195822725,1.0032366438186777,1,1,1,1,4,grocery,0
118.21526118080422,21,2.703147079244242,3.404924265911898,1.4887973790939097,1,1,1,0,1,retail,0
88.56873204557888,7,5.43866752972202,12.416776105501965,0.4458864058500821,0,1,0,1,4,grocery,0
9.276189933418829,8,11.698847610969143,0.9780028788766955,0.9391475856504895,0,1,1,0,5,grocery,0
272.0935956536713,1,32.875695468406334,22.372224099796856,1.7786657372719281,0,1,1,1,14,grocery,1
60.622368953781205,19,16.442913021644408,11.354642173310845,0.8397567550756397,1,1,1,0,2,online,0
191.94548397229448,11,35.70103286204723,1.0011947133264485,0.5676144328831525,0,1,0,0,2,restaurant,0
114.1711567932633,6,2.8246716700840944,7.679697772422105,1.5075684747047489,0,1,1,0,3,restaurant,0
35.71045630205037,12,19.95618933146053,7.1965544921986355,1.0989740289432417,0,1,1,0,1,retail,0
206.84019333016101,6,13.834700000430335,5.298576624254646,1.1679885001029824,1,1,1,0,1,restaurant,0
11.206953384160926,14,10.876601718460515,1.0883911390745613,1.1796338893245082,1,1,1,0,4,retail,0
10.522439261845474,15,4.263934823747612,2.6401642486040307,1.171985158853729,1,1,1,0,1,grocery,0
1.0,8,20.815365960383833,9.008662304274727,1.1409898688270865,0,1,0,0,5,entertainment,0
333.7459058226281,20,3.464502500124143,1.4779263888712117,0.6576725919398578,1,0,0,0,2,retail,0
152.8696154042763,8,28.32677590063977,1.0928341026600328,1.1702137292023287,1,1,1,0,1,grocery,0
123.27077845894709,8,1.6293092720332847,0.7159674479728749,0.9253303317702078,1,1,1,0,3,restaurant,0
39.74404795647452,19,33.18943970438469,18.23018680673856,1.4414742336155018,1,1,0,0,4,retail,0
109.12137343268563,19,8.067528970273552,14.114047694224176,0.7583286223709519,0,1,0,0,4,grocery,0
8.73833368752782,10,1.304553471285531,0.268410387688327,1.071575725311402,0,1,1,0,3,grocery,0
83.59757670524145,9,30.89955670126356,0.256432879971208,1.0144768217087696,1,1,1,0,2,retail,0
14.736578278883044,20,17.232143926155793,1.356429692685589,1.1443900287139577,1,1,1,1,2,travel,0
151.7564646587748,16,0.24717285587525062,0.15450547223686442,0.865478144209389,1,1,1,1,1,online,0
185.75456992290927,22,8.830198281130624,3.530870424182459,0.9068747093004119,0,1,1,0,2,restaurant,0
158.27819474631852,0,45.52192527630608,39.08261144171895,3.863997608458587,0,0,0,1,9,travel,1
70.02195982158125,20,7.939543099016665,1.1012330340374232,1.2021755418937699,1,1,1,0,4,restaurant,0
7.2803917401880645,16,11.16301939921351,2.0949004724642677,0.9560391374436567,1,1,1,0,2,restaurant,0
159.86328935465758,22,7.685818098735545,13.989135439438483,1.2293583801783416,1,0,1,0,1,travel,0
122.37151546932373,22,9.94373147247075,8.433646023755148,1.3344637801830983,0,0,0,0,4,restaurant,0
143.9374365002821,19,17.867263768508558,9.846687953590308,0.9545993369936389,1,1,1,0,5,entertainment,0
93.28408565392698,16,6.876708350474205,5.230082197460124,1.496836485222768,1,1,1,0,4,grocery,0
164.32284456019187,8,3.394447265173354,0.3536468043817558,1.2162098776701673,1,1,1,0,1,retail,0
35.07993878483366,16,12.952884203673314,2.5856195021432065,1.6543235736472366,1,1,0,0,1,grocery,0
180.36851417626968,22,2.096467157915155,0.22080605112678675,1.017181401067513,0,0,1,0,2,entertainment,0
36.672381587836774,7,48.97941172422933,7.195346822549974,1.0857012737422953,0,1,1,0,3,entertainment,0
73.1955590091629,14,1.108580645416037,4.592401787969914,1.146421922143474,1,0,1,0,3,grocery,0
287.68429233450235,16,18.701643572020387,9.140563627302855,0.8817923534615715,1,1,1,0,3,restaurant,0
1.0,8,9.362488882220774,27.34065793768513,1.2373454578314433,1,1,0,0,3,restaurant,0
1.6140070304480767,11,1.1817802068415648,0.6113707626494493,1.0647760887058877,1,1,1,0,2,travel,0
228.57539719497981,4,199.60856748241025,10.150382812730006,2.678408022764742,0,0,0,1,3,restaurant,1
18.971887511308886,20,17.889594673156637,4.830794956029362,1.013867168295853,1,1,0,0,4,entertainment,0
35.27398557908854,17,9.025457497444592,0.34137280660589475,1.5467602817921142,1,1,0,0,2,restaurant,0
184.22530829702848,11,10.488601972120474,0.1,0.8310642554396914,0,0,0,0,5,grocery,0
227.86532454805433,15,9.78321580591671,7.294429329946244,1.0879698119749457,1,1,1,0,5,grocery,0
56.72544641324882,6,0.9212104583852314,1.004795093565149,0.9281337870125377,1,1,1,0,5,online,0
33.72239919356603,22,12.930415592882978,2.033878146064197,0.5349874889212614,1,1,1,0,5,retail,0
33.11647541569381,6,13.455781798166056,2.244472315816011,1.1052813660753107,1,1,1,1,1,entertainment,0
93.9230873713179,12,3.2588423426641153,1.978210481588532,1.1330685481525071,0,0,1,1,5,restaurant,0
153.1351830057395,16,1.8529107343448634,0.6382248030552764,1.2504571433749183,1,0,1,0,2,travel,0
53.34674428793712,17,3.2168954027144525,0.15487087373064154,1.2987358360853476,1,1,1,0,2,retail,0
86.90046388519843,21,3.873981906490741,0.6346740551698626,0.6847273806837584,1,1,1,0,3,restaurant,0
139.8712438599723,5,130.53667756115635,128.4274350767201,5.421625435712373,0,0,0,1,5,online,1
189.55964869677013,9,22.742937568613947,0.36197694482217463,0.5822594175763827,0,1,1,0,3,restaurant,0
10.341742747759099,6,0.722531977651001,5.139021762867748,1.2348632545515308,1,1,1,0,5,grocery,0
40.32617250468232,17,2.4730154842143164,5.20046631089326,1.4445426424585264,0,1,1,0,5,entertainment,0
63.25663081218491,10,3.1739358157911512,17.522627206219465,0.8032529384337176,1,1,1,0,4,grocery,0
63.68700689983179,6,6.16060585501205,2.4410985895353625,1.0930726651964133,1,1,1,0,5,grocery,0
96.88179534218769,12,9.095410611415787,0.10904946220030692,0.7276770162299641,1,1,0,0,3,restaurant,0
25.758499116914688,21,32.0239164567071,1.3244210424097944,1.0418727773003027,1,1,1,1,1,restaurant,0
15.369071907349472,19,3.129405591688772,0.23550624455639543,0.989390565684725,1,0,1,0,4,retail,0
11.663261320274076,14,10.468036445601891,2.9007067935383097,0.5897567929669238,1,1,0,0,4,restaurant,0
16.132596196486922,12,7.034246554796723,2.5062845701540875,1.1907864600461404,1,1,0,0,2,entertainment,0
74.16880802242629,10,5.285299477505512,3.223577193374651,0.39996525230792945,1,1,1,0,4,grocery,0
46.861222932418364,14,0.7688598570832008,16.636615602321168,1.5236692728309782,1,1,1,0,2,restaurant,0
1.0,22,11.88446226581526,0.5672544220764887,2.2046732762706647,1,1,1,0,1,grocery,0
36.632184987893474,20,11.557310136652916,0.5420809559659746,1.4322228083436115,1,1,1,0,5,retail,0
143.12996104795377,16,22.31044050490692,8.90337266864948,0.7433297500629825,0,0,0,0,5,retail,0
52.900398373721586,17,9.878989886448231,0.5833249880266135,0.9783706471029269,0,1,1,0,2,entertainment,0
69.23446527717874,14,3.5513207660528545,4.66631422165071,1.6025724828583283,0,1,0,0,4,entertainment,0
179.6142824571207,6,22.575319989819548,1.8433815088491126,1.0660392411185593,0,1,1,0,5,restaurant,0
119.0678929681922,22,29.975883223288374,388.4257342217927,4.20766566564126,0,0,0,0,11,entertainment,1
442.08866604719503,3,66.75506854854086,16.951384969120483,3.1213506640716346,0,0,0,1,5,online,1
8.587440369990949,9,11.012020939932928,3.371574645483848,1.0098196754637985,0,1,0,0,4,entertainment,0
42.349190192502626,8,6.803838567594925,1.7179488257284223,0.6283265912738336,1,1,1,0,3,grocery,0
12.71233632995463,18,3.171503953661036,0.6233996317124304,0.5074985953234703,1,1,1,0,5,grocery,0
38.210808939573425,11,24.430983671230507,8.151801904165163,1.3809250882642052,0,0,0,0,5,entertainment,0
302.5632677128624,2,11.077348588696667,67.29049004533819,1.1126024147638702,1,0,0,0,10,online,1
252.81274076004348,10,12.828023540152545,1.1032025679971913,1.1995777080240189,1,1,0,0,1,retail,0
323.0913732812736,12,0.5817441443999062,2.8721245629035246,0.5499330812405299,0,1,1,0,2,restaurant,0
12.409603644695197,18,27.27641858326091,1.6094532471661693,1.2307267417249188,1,0,1,1,4,retail,0
9.310401863764623,14,12.808128576938076,9.443298388665918,1.6465221600296913,1,0,0,0,2,retail,0
53.2515175216608,19,0.9693489663808312,10.563680127260485,0.5822828139647489,1,0,0,1,2,grocery,0
146.50772094704246,14,4.7788289105080715,4.567518715318063,0.9022311973683979,1,0,1,0,5,retail,0
37.23848875301437,11,9.92143611886948,2.0431761870640495,0.9636557011667461,1,1,1,1,1,restaurant,0
24.35003277687324,16,3.159740236871718,0.1,0.7949702527387978,1,1,1,0,3,grocery,0
209.65140965089475,3,103.42121067062871,8.29940586424171,3.144949347691839,1,0,0,1,7,travel,1
89.66721050792884,6,13.968565751699074,4.312302797765767,1.6028301302608114,1,1,0,0,5,grocery,0
139.99600374723707,20,9.697022820474725,0.11245491205495792,0.7761499191968382,1,1,0,0,5,grocery,0
35.19927887059021,13,1.329777959829902,0.5204151558691725,0.7387156988399122,1,1,1,0,1,retail,0
165.47603169002784,21,5.621058305625293,0.1,0.7436086025457684,1,0,0,0,4,retail,0
4.275930481155766,19,1.3765457409528905,3.2378808800045924,1.1591755426514334,1,1,0,0,4,travel,0
146.18095503913185,17,4.380457778977,0.9946388096705554,0.991546221903233,1,1,1,0,5,grocery,0
10.528920983150938,7,6.201936283669227,7.654060531050461,0.8619238089071743,1,1,1,0,1,retail,0
155.89024748687552,8,7.674325602367155,6.578232511888913,0.6736602782760022,0,1,0,1,3,grocery,0
239.75779065506285,18,9.338067781278728,8.20534790417976,1.328327459692695,1,1,1,1,2,online,0
6.823634430106741,20,7.461025787097164,6.071328337953455,0.9922166753860652,0,1,1,0,5,grocery,0
57.023281124193204,13,10.244165010074308,2.412334355868058,0.8748914146468014,1,0,1,0,5,grocery,0
236.03957135667102,9,0.1,2.8903911295723903,1.2824726869780165,1,0,1,0,1,retail,0
48.51938152736076,22,21.20902981300242,11.865606755588418,0.5180692430594102,1,1,0,0,2,retail,0
184.27338154572345,17,26.889218634208717,0.5357670079286293,0.8862807406657177,1,1,1,0,3,grocery,0
153.72937025514602,15,1.1845264730832692,2.033223540176681,1.500173191921916,0,1,1,0,1,grocery,0
38.84006514173678,18,11.704589082107422,5.520982231012695,1.2004813655214304,1,1,0,1,1,retail,0
45.711509391748216,6,0.1528927168133683,7.242176611359124,1.2221287051746672,0,1,0,0,5,grocery,0
204.31308895493697,13,8.13487290920198,3.673001303226867,0.875397598840147,1,1,0,1,2,entertainment,0
10.41871039864934,21,30.770724768689103,8.088091288619149,0.5995208624875723,1,1,1,0,3,restaurant,0
235.46165978538812,8,7.296487997762143,8.22736163788258,1.1840793465391102,1,0,0,1,2,grocery,0
10.284497079468203,20,26.698790245161366,6.928197345730389,0.7340005565453528,1,0,0,1,1,travel,0
121.07605109580567,12,7.048821257968342,0.3008331545554889,0.6431499922170787,1,1,1,0,4,travel,0
1.0,6,14.850865059282379,7.232903601561241,1.1323554035423755,1,0,1,0,3,retail,0
14.356017789605692,17,2.1942034059208018,5.887971079423307,0.9010470900926466,0,1,0,0,3,retail,0
12.959108523907894,11,7.726203035082861,1.6714447586163528,0.9427240664503918,0,0,1,0,1,grocery,0
272.0673612897645,17,3.6010728458482704,5.574278182987669,0.9627872423477871,1,1,1,1,3,grocery,0
542.7603136770159,4,12.666122456599645,47.14694542021876,3.8450689968335587,1,1,0,0,9,grocery,1
49.026731718596395,6,21.433346304688396,1.1971846193565792,1.2209728811387903,1,1,1,1,3,travel,0
201.5906854637688,6,18.11327900016193,3.2634397081000417,1.3310441017282124,1,0,0,0,1,travel,0
126.39594076600926,14,14.313779408734034,5.445192789090411,1.189523442125862,1,1,0,0,2,entertainment,0
121.08497535447226,8,1.3257206612287022,16.67043693800766,0.5647928340694449,1,0,1,0,4,travel,0
185.1386215586118,20,15.178885840055493,3.8188146344498897,1.4305235961863676,1,1,1,0,4,grocery,0
23.896940863346458,18,5.806825315313697,3.825092828367143,0.9406667127297214,1,1,1,1,5,grocery,0
82.8298918303305,15,4.119286675928643,0.6219260585664734,0.4812617352598082,1,1,1,0,1,grocery,0
54.28040874983634,7,5.221265513698565,1.9746699610375174,1.0819761650161364,1,1,1,0,5,grocery,0
190.6417774670997,4,47.38684659930891,1.0,5.59956477033484,0,0,0,0,4,travel,1
84.05367856233518,8,0.6070854775084416,7.090589761440771,1.4721182459450513,0,1,1,0,3,entertainment,0
21.211240392276235,7,2.5779300486783443,2.2895075951143675,0.8033873712389883,1,1,1,0,4,grocery,0
10.352672481920749,13,17.646779488977145,4.576189681602739,0.8896045068466963,1,1,0,0,1,retail,0
168.46446288589567,9,5.177095663993116,9.100319485440552,1.510158156176946,1,1,0,0,1,travel,0
2.258876830658889,11,36.878624755284186,4.8995553771763305,0.7766953163651523,1,1,1,1,1,retail,0
36.102605200517054,15,4.585140371134429,16.008142646945608,1.4849414906163672,1,0,1,1,4,entertainment,0
5.572414082819876,18,14.796192098231593,0.2926072416624415,0.9024226135235928,1,0,1,1,3,grocery,0
43.050394183833035,19,8.821480776143263,3.566666050248854,0.5614728500399371,1,0,0,0,4,restaurant,0
32.231495255941255,10,34.520446565449355,11.636010567583316,1.6162237617212034,1,1,1,0,2,retail,0
59.45261236740775,12,15.503824655312446,0.9411445168717474,1.4440690974112167,1,1,1,0,5,retail,0
27.07738935112431,7,24.59920745829208,4.4551992495599615,0.8982560092207338,1,1,1,1,1,restaurant,0
184.22172230825453,18,3.1149422799293487,1.6440494131631698,0.9001935461067844,0,1,1,0,3,grocery,0
136.96004782532074,6,7.761886789577144,11.327777892428605,1.0314779213812606,1,1,1,0,4,retail,0
162.0825297754813,14,9.945059526945407,0.8171349836897323,1.1296220381412339,0,1,1,1,5,retail,0
77.01939479690293,15,0.9601733910890831,13.159094635684244,1.4198431999456926,0,1,0,0,5,grocery,0
81.22001930825343,21,10.558641710004853,15.400981027784177,0.7679819677414168,1,1,1,1,5,restaurant,0
1.0,16,1.8663671296959459,0.7181934297172181,0.7903610724619683,1,1,1,0,1,retail,0
18.980235644866575,21,11.1148719457585,11.965405331631418,1.1463261413981063,1,1,0,1,5,retail,0
37.854924563941445,12,24.797260918397438,1.4077840838488151,0.8397609800751009,1,0,1,0,4,travel,0
105.55040831942149,11,3.8777610309604142,2.0293347879256967,0.28203662076267266,0,1,0,0,4,entertainment,0
57.50472807904501,21,5.565928280818662,3.9312842861553863,0.7672037882737541,1,0,1,0,2,grocery,0
25.390814052335582,17,3.4502118034352858,0.21430040885449264,1.3169504755924517,1,1,1,0,3,restaurant,0
218.11002363483243,11,9.258796059555795,0.4919823276768852,0.8075014446657691,0,1,1,1,1,grocery,0
24.37363011929875,21,3.2931645755732952,6.679047146606541,0.8278937049524883,1,1,1,0,1,restaurant,0
86.01901721363221,17,4.244798614990126,0.15838667403288825,1.2726089119373338,1,1,1,0,5,restaurant,0
91.93712743155646,21,2.466915561434597,1.0941783691475322,0.7519073998409067,1,1,1,0,5,grocery,0
3.289556332058647,20,7.869647852872978,4.2516159798217155,1.1395634350767492,1,1,1,0,5,restaurant,0
112.49774068180335,21,2.7391701099653294,6.415973114735038,0.827630214638049,1,1,1,0,3,restaurant,0
3.993631476633541,21,11.06253422785471,0.9814052894885973,1.2354205261511246,1,1,1,1,1,retail,0
65.63403533711005,13,7.1808621158500285,3.5552600007985475,0.6925339127502061,1,1,0,1,1,travel,0
46.67649700290802,11,2.394831306407183,1.4527816094856847,1.1472571695389697,1,1,1,0,2,restaurant,0
42.450373740547526,19,4.099862709606948,2.7058890210247815,1.476944241777665,0,1,0,0,3,restaurant,0
47.177647986963066,22,26.12504704413025,0.8531488424190208,1.0806538888627375,0,1,1,0,3,online,0
79.78675085891865,22,6.1964481560670865,4.975377622234685,0.603113517315857,1,1,1,0,4,grocery,0
144.54623991047757,11,7.3063762832508194,8.407448868042225,0.9168811959403235,0,1,1,0,5,entertainment,0
18.68737489487678,22,0.8496352770258152,1.6152996826477997,0.7957721819823628,0,0,1,0,5,retail,0
21.780108389995064,9,4.779953573389311,0.8321633535430932,0.5566110890147569,0,0,0,0,3,grocery,0
225.60399521078085,20,0.8405678483616353,7.6760020047940145,0.8841744877886178,1,1,1,0,2,travel,0
71.68139206605588,16,6.386158199535003,4.509870099658767,0.3794634974939429,0,0,1,0,5,restaurant,0
14.97168788517336,20,0.16503195732731676,3.6389046329686776,0.2427204213979075,1,1,0,0,3,restaurant,0
14.025265288335923,18,14.12572010527346,3.785162706704514,1.2377868679898363,1,1,0,1,1,grocery,0
98.40381214749857,16,29.13938889783021,11.564957780381635,0.9634961256299429,1,0,1,0,3,travel,0
26.495824718465798,9,13.04219304512134,9.91930875592725,1.2080677774390385,1,1,0,0,4,entertainment,0
36.87155809498054,14,4.3111394030801655,7.070995561394278,1.1915981920256227,1,0,1,0,4,restaurant,0
130.52421782951586,10,28.409689728461842,11.174915587728854,0.5718935275538527,1,1,1,1,5,retail,0
3.0632020082826097,12,15.273823181567664,7.086431075574827,0.844002341901994,1,1,0,0,3,grocery,0
134.54790213413725,7,10.162442283617352,2.0934283889360144,0.9044354532849919,1,0,0,1,3,grocery,0
69.91876142241141,21,0.9499710920827491,6.2290875033889375,0.8010698909639719,1,1,1,0,3,retail,0
97.29924893605506,9,5.291628256033432,5.386104576037426,1.2427093570461072,1,0,1,0,4,grocery,0
63.99811692143972,13,2.78186370339732,4.611888499089531,0.9957234969078624,1,1,1,0,2,retail,0
117.14537812058606,14,8.778819734619308,25.522477384821805,0.48984847583855307,1,1,1,0,1,grocery,0
14.225192988874175,10,1.9585751618023406,0.8221716332321056,1.2040543224845548,1,1,1,0,4,retail,0
94.94847233056001,17,5.797477414385741,2.24103750451225,0.5398942499776491,1,1,0,1,5,retail,0
40.54594424073117,7,12.963277191403153,1.617538017833108,1.1938118102060287,1,1,1,0,5,retail,0
32.81212802431943,9,7.247698372108742,4.272957109888547,0.7720878464271163,0,1,1,0,1,entertainment,0
19.216816727418205,6,2.2295264339524037,0.47462243686032424,0.9517954316540531,1,0,1,1,1,travel,0
18.90913882198732,7,10.961848694091909,8.75983069012133,1.185707355750879,0,1,0,1,5,grocery,0
134.1925066287619,16,0.6000848024033429,4.603623868268058,0.940983449525674,1,0,1,1,4,grocery,0
18.053305305174064,10,11.430472782341925,0.9134444775559396,1.0448307595249262,1,1,0,1,1,grocery,0
72.33547103708135,21,9.988297264194081,0.8804595759853899,0.8663350745706949,1,0,1,0,5,travel,0
176.74264192367133,11,2.137448643722832,3.536039976766298,1.7248436740333806,1,1,0,0,4,retail,0
25.999117919728448,12,24.383174596363002,0.22523964024232654,1.0651071782003592,1,1,1,0,1,grocery,0
67.13623341167218,6,8.46908869086909,0.8724785770556166,0.7587230231338403,0,1,0,0,4,grocery,0
84.37064740862176,20,47.362413034159374,4.8304553121094225,1.0343912704463087,1,1,1,1,2,entertainment,0
14.107613958468502,20,2.493637157238677,2.833103958469716,1.0302015041279962,0,1,1,0,3,restaurant,0
19.034778482695568,9,8.381595410956589,0.2507178531555885,1.068475086536864,0,1,1,0,2,retail,0
82.25055971797158,12,19.627515199495562,10.615619007195518,0.8460795086014833,1,0,1,0,4,grocery,0
55.95515620862318,11,5.371011456599833,1.3872144289371116,0.6507619394651931,1,1,1,0,5,travel,0
2.803042694554723,11,4.086630874090641,15.28148846840471,1.0020048350920758,1,1,1,0,3,restaurant,0
55.44521342821249,9,22.58334797043494,3.4193056181664354,0.7400701052548259,1,0,0,0,4,retail,0
90.27656462590032,16,10.180759292809007,5.933761368406706,1.249554152386414,1,0,0,1,2,grocery,0
17.808657160196606,6,7.5552418394298835,3.8179482325497998,1.2349866513155983,0,0,0,0,4,grocery,0
39.98039318446371,19,19.899978922573446,2.1840562038466773,1.0676651433334785,1,1,1,0,5,grocery,0
34.53498092120554,16,5.128777272436118,10.63979852353427,0.850551735167258,0,1,1,0,5,grocery,0
72.20608380314576,10,10.558714051833872,3.925979417608589,0.8226910938738725,1,1,1,0,1,grocery,0
46.48051939770976,6,9.437189887872044,2.3633409923172795,0.49513432972397464,1,1,1,0,4,travel,0
145.14059296902656,18,4.278472789128863,4.728714382504667,1.2715974426282306,1,1,1,0,1,restaurant,0
38.693306922423815,20,5.9338597838580736,10.006126099366291,1.1155947824005001,0,1,1,1,5,retail,0
18.261298102582963,6,6.587445458544462,4.901427021849635,1.1942945881130929,1,1,1,1,3,restaurant,0
28.218937595618936,18,1.0555054171322606,2.839242854697075,1.3177194241107513,1,1,1,0,4,grocery,0
69.41646764235739,13,2.6473876002054246,0.504918669800675,1.255028110798611,1,1,1,1,2,travel,0
89.39221874425175,21,6.8524807957822444,8.393122396779434,1.126471037777054,1,1,1,1,5,online,0
159.99657456293937,6,2.023189641590582,0.43219786051905157,1.1641228110138364,1,0,1,0,4,retail,0
32.57042275377458,11,5.446503234772489,14.405472058220976,1.3293093611078095,1,1,1,0,1,retail,0
88.06891261140328,18,0.1,4.501104216671002,0.9075905885552293,1,1,1,0,4,grocery,0
1.0,17,1.889446154644638,0.22248791772483903,1.5410964435560521,0,1,1,0,1,grocery,0
208.50412134872752,7,3.686045392539979,10.272080882990728,0.7929957302744082,0,1,1,1,3,entertainment,0
53.502448693500256,10,5.590546708458963,3.473913016613554,0.6732344504680913,0,1,1,1,5,restaurant,0
6.261032173871534,12,4.09668061196553,4.375975084374495,1.3097238914003793,0,1,1,1,4,restaurant,0
78.10409533698993,17,20.236851967176726,4.520531785626783,1.1733379753086253,0,1,0,0,1,grocery,0
19.796332654444313,10,0.3110290145428186,1.644547559190658,1.2316485344956702,0,1,1,0,3,grocery,0
379.5081477327727,5,55.11666256455663,38.68737035987769,4.625007319975703,1,1,0,1,10,entertainment,1
32.39744809790774,20,2.614590817038624,6.877147751238169,1.2166341618406886,1,1,0,1,1,restaurant,0
48.182588046092405,7,1.1060218128536772,1.949848134775432,1.464941768026029,1,1,1,0,4,restaurant,0
19.922665852262696,20,13.614306879743161,1.8455632680782583,1.191937107232866,1,1,0,1,1,retail,0
44.2711549334981,15,4.876439346363202,0.7406797912926739,1.4246251605841531,1,1,1,0,3,retail,0
90.02674388018292,11,1.2313085286340164,1.900561529471879,0.572869220996302,1,1,1,1,2,retail,0
1.0,7,10.908595222280134,3.300954695541869,0.990875858721423,1,1,1,0,2,retail,0
52.48748847291044,20,15.426702872763894,1.7038347444225295,1.144712908176663,1,1,0,0,2,retail,0
98.68440552748872,13,35.144241697423496,1.4183771839729233,1.3479847986111495,1,1,0,1,4,restaurant,0
8.681915981918605,22,13.051579493483132,2.4262847739367963,0.6248738144951835,1,1,1,0,2,retail,0
169.95160749686758,1,65.3330154165632,198.14544406056368,3.2567130319410094,0,0,0,1,8,entertainment,1
5.591108679689839,9,3.116158386974554,2.9006191185454884,1.5094895188177757,1,1,1,1,4,entertainment,0
63.60007049297879,7,2.350496886647397,0.25079362798153465,1.0651057908388473,1,1,1,1,5,grocery,0
24.61079269178129,10,5.144495607045116,4.6001576439738185,0.8657487753557289,0,1,1,0,3,grocery,0
57.065555036836,17,9.652569867181198,12.595571852332233,1.05089745799943,1,1,1,1,2,retail,0
143.74052666254497,21,12.397007561311302,8.331177475870673,1.187612276766147,1,1,0,1,3,entertainment,0
33.65280172581852,16,15.968400516240653,0.3886311167496078,1.5745256122377334,1,1,1,0,2,retail,0
49.076376356305225,18,3.027743243900475,4.157027393415688,1.3414280852062204,1,1,1,0,1,grocery,0
78.30394430858645,19,5.6662819118436705,0.7151026355869018,1.414283497773643,1,1,1,0,2,entertainment,0
11.055608358201216,14,5.180619476667329,17.917724153039277,1.183362669116437,1,0,0,0,4,grocery,0
44.9598406883205,8,4.9352220901341335,4.774843509677739,1.0034711774417984,0,1,1,0,4,restaurant,0
58.80822494309378,19,8.952883827894038,19.352285248767217,1.2762014826717454,1,1,0,0,1,restaurant,0
271.26137339112483,1,50.77262402230283,43.28485660545592,5.441897941051429,0,0,0,0,9,travel,1
13.599644882432731,21,10.12451660466432,2.411608428085812,0.6795189263937581,0,0,1,0,2,online,0
237.94305708259725,18,6.492272479715018,4.28575830107894,0.756136646247586,1,1,1,1,3,restaurant,0
14.269558927955758,12,42.38766810372639,5.587807949846089,0.7930673823210233,0,0,1,0,5,entertainment,0
166.19361391461132,6,18.400386059431185,1.2478844583316178,0.8863762553057803,1,1,1,0,3,travel,0
93.85358661213587,18,9.757587572705871,1.639795390497768,0.7187399079365533,1,1,1,1,4,entertainment,0
71.79904612704598,19,6.901665600740335,3.2656779849785793,1.0579979856401815,1,1,1,0,5,retail,0
73.95029524446561,6,15.877200851062243,1.6740288528080711,1.1446374550464866,1,0,1,1,4,travel,0
3.947223459196429,8,5.225139922322118,0.7206992079546788,1.2277261498802718,0,1,1,0,1,grocery,0
50.984787523514086,6,12.886694317374584,2.6647982646600186,0.8897014508757466,0,1,1,0,4,online,0
108.49844701738303,20,4.408987447110297,4.628030808888432,0.7466013012993793,1,1,1,0,3,restaurant,0
50.0,3,61.399205856875184,4.684937832359712,4.9414463643850155,0,1,0,1,8,online,1
550.9843057011204,23,76.74467200018013,58.78873689698001,2.7801350156236175,0,0,0,0,11,retail,1
27.086732643629382,8,16.440898339188998,0.5814290185409046,0.7854712084348484,1,1,0,0,2,grocery,0
70.66880832532838,15,12.182857029835414,12.741859412256193,1.0841797975553746,0,1,1,0,4,grocery,0
57.41044676395907,14,15.492893872826134,0.9885387125544414,0.8480513552636019,1,1,1,1,2,retail,0
96.13481281317242,8,4.407993211274127,8.240384410680436,0.5563530244830326,1,1,0,0,1,retail,0
85.55071545047699,18,26.934359794705415,12.56320305450324,1.0639717758760925,0,1,1,0,2,grocery,0
146.03549085298587,9,3.6229597467789803,2.3504027926655504,1.4393746929545894,0,0,0,1,4,grocery,0
182.1422519941638,8,24.8953645530117,0.7850082630631883,0.8856874689767172,0,1,0,0,5,restaurant,0
7.175972930141928,8,0.34725930076521866,0.7482799711826662,1.238208512789685,1,1,1,0,3,retail,0
43.612609280956924,22,3.4105049562074807,1.9927548197446012,0.8788333671315152,1,1,0,0,2,entertainment,0
27.5527322197929,9,5.23140731320662,9.027149621837564,1.3180208369479751,1,0,1,0,2,retail,0
32.92012890733144,21,0.6942042202513211,0.8681557904429891,1.1206521664633855,1,1,1,0,5,restaurant,0
69.86284016358803,7,6.575694142284581,0.49343496838681944,0.19909589000076378,0,1,0,0,5,retail,0
129.98261333398176,19,6.089277477444835,4.81684022555861,0.810899558983289,1,0,1,1,2,travel,0
2.9923060732285816,22,4.1386257325645825,3.297479373732959,1.099103136943402,0,0,1,0,1,online,0
414.9010031151166,22,94.48174721267526,48.03221316896862,3.4027502522182353,0,0,0,1,6,retail,1
50.0,1,5.0,57.72360351250197,3.233955965436715,0,0,0,1,14,grocery,1
88.79837235566904,11,8.411840684873011,0.8496964236392773,1.1961539785930968,0,0,1,1,2,online,0
41.75585026155025,13,10.481106395748803,5.212675723671131,1.2889968760581603,0,1,1,0,4,retail,0
300.96219219564216,4,121.40850131998957,39.098112361438915,3.263858674392204,0,0,0,1,5,restaurant,1
55.19104342422541,8,1.8195689246613975,2.5195546668158455,1.660178338286029,1,0,0,0,5,online,0
58.771489896128145,11,6.711765968700853,3.547203756096191,1.195516882180016,1,1,1,1,3,retail,0
31.656396204135405,14,3.6583519093887977,4.878497437036225,1.4355240766954924,1,1,0,1,5,grocery,0
50.0,23,19.7416223605696,172.25400672468646,0.5,0,1,0,1,12,travel,1
88.39133811872983,7,0.853606361011813,14.48349074794531,0.39704359543155854,1,0,1,1,5,grocery,0
145.17914085543202,21,3.310781528117195,1.6266493137167746,0.8980347890423906,1,1,1,0,5,retail,0
62.59256665661968,21,42.34942480225247,1.7485638090849465,0.7306682636330173,1,1,0,1,1,retail,0
307.2710097802092,8,27.459508182962335,0.2255630108352883,0.8499285724600789,1,0,0,0,4,grocery,0
110.1140610636723,20,5.104719322259657,3.8338894200514995,1.4662262419582643,1,0,0,1,5,entertainment,0
47.90504019735017,22,17.53763468765602,0.5647891629830758,0.21119035656766505,1,1,1,0,5,entertainment,0
5.854594900499267,16,9.46759984077986,7.54957963281555,1.1870769112576707,1,0,1,0,3,retail,0
129.78594620263755,21,0.21392647272552595,4.984709678707323,0.4665535047874597,1,0,1,0,5,restaurant,0
89.00168353609885,11,4.4513741178503095,0.14629539262272928,0.9571972816155595,1,1,1,0,5,restaurant,0
62.35488138125063,15,9.699243130761557,10.02052663715547,1.4265811954578167,1,0,1,1,3,grocery,0
40.58198190914767,10,8.574761744181117,0.137167679446714,1.2373447839821081,1,0,1,0,3,retail,0
223.02936727549093,16,6.017733785150937,5.792889554984043,0.8364762479166579,1,1,1,0,3,restaurant,0
6.159591847209997,20,21.338127552875118,2.7510804690556103,1.3406691247604765,1,0,0,0,5,retail,0
233.39013794473112,15,5.016634598409259,7.378078377364401,0.7942712507440469,0,1,0,0,2,grocery,0
97.67955747085665,9,17.04086892376662,10.913945829154644,1.3403993490583357,1,1,0,1,2,grocery,0
8.195129083695766,7,3.6764577272439154,1.6922849324479896,1.6843684274203894,1,1,1,1,5,grocery,0
3.5295198894801514,22,8.641144294880963,4.543488375661886,0.7269717882705888,1,1,1,0,1,travel,0
106.21965367897671,11,9.74057233624766,4.258905057423835,1.062894213891838,0,1,1,0,5,travel,0
8.22530265371266,10,9.883623468162462,4.214768523971796,1.1265134387801459,0,0,1,0,2,grocery,0
68.31929756518618,7,7.019306286268042,1.2202220812907203,0.7186661957096592,1,0,1,0,2,grocery,0
12.748085072372461,22,15.27416288344334,4.450204612892389,0.5474552182166046,1,1,1,1,3,grocery,0
158.31594626369122,18,5.350895758946929,5.734778410834172,0.9189934389107735,1,1,1,0,5,grocery,0
1108.1949356916882,4,13.605259024812293,3.584347424136393,2.938147572005631,0,0,0,1,10,restaurant,1
20.180047330691792,14,15.14246214984394,0.2665961065979271,0.5985002034193241,1,1,1,0,4,restaurant,0
138.6520250728125,14,0.3283513386204723,1.7544851603293168,1.1792458897245768,1,1,0,0,1,online,0
37.724703437827316,17,24.901053627052168,25.130738479545627,1.2463868990465348,1,1,1,0,5,retail,0
96.89217346680367,14,3.5482080868804804,1.4904650075362822,1.059715179893636,0,1,1,1,3,grocery,0
34.74955387145624,19,0.8886668264375917,5.384219542843237,0.9071155451705055,1,1,0,0,2,restaurant,0
159.2521462724027,23,99.96373678108627,40.221748361585405,2.1575115620808205,0,0,0,1,9,online,1
68.03467333702848,15,18.447719077130735,2.6534261725846116,1.2693035145663425,0,0,1,0,1,restaurant,0
84.50887368844222,9,1.9605080866535922,0.9136887195325089,0.9728148320222966,0,1,1,0,1,online,0
70.52257413954813,7,18.923701642021413,5.859615526781029,1.0752187819098162,1,1,1,0,3,grocery,0
44.65757975136816,20,9.357864132677207,6.9761088962739315,0.8811858947502299,1,1,1,1,2,grocery,0
158.26114166972576,18,40.99263556648147,1.6647642254092507,0.7845556734793084,1,0,0,0,4,travel,0
29.027812688347332,7,4.036990431982545,1.974103654390137,0.8498900246885839,0,1,1,0,2,restaurant,0
18.205819907682418,14,6.171803776574354,1.7215919928615266,1.1176721348661498,1,1,0,0,2,restaurant,0
82.08391252232538,13,5.577075589881292,10.02091329235142,0.9935718176556738,0,1,1,0,5,grocery,0
359.63742616942284,14,6.711770669431244,10.779766916468812,1.1107710457783926,1,1,1,0,3,restaurant,0
5.722854155234392,15,7.988181328989564,15.237408782204431,1.1763075600558475,1,0,1,0,3,restaurant,0
54.393459692103185,8,12.914912283725034,4.339359254070433,0.6125059236048469,1,1,1,1,1,restaurant,0
17.866906716583838,9,7.671492369487303,4.161523324854613,0.8505877066754606,1,0,1,0,5,restaurant,0
42.33721506739242,11,19.780933270305372,4.210898541331432,0.8767016785543519,0,1,0,0,3,retail,0
135.19174219889007,14,4.463198185612415,5.160458277626676,1.0607935951294913,1,0,1,0,1,grocery,0
52.91021252094603,21,4.802764756283287,2.3224891807422514,1.2399404535494682,1,1,0,0,3,entertainment,0
52.822542648660544,8,2.014146988729789,10.725646544032267,1.0204838207892577,1,1,0,0,2,restaurant,0
132.37931933895266,16,9.710031126204726,1.9310037189029503,0.777869029831178,1,0,1,1,2,travel,0
190.5413160657818,5,31.185876762449816,36.451663384509395,3.4563003145798823,1,0,0,1,6,retail,1
278.16673732214196,21,9.878047824318566,0.1,1.002103803804332,1,1,0,0,2,restaurant,0
110.26681112286848,23,99.4086876220133,23.87064732181779,3.8644743527208685,0,1,1,1,5,travel,1
111.9707741019674,9,7.187962133773241,7.969597584952343,0.711096653936061,1,1,1,0,4,grocery,0
1.0,21,3.768990949917572,6.123719236754647,0.7438360996540684,1,0,1,0,5,entertainment,0
334.15452377844275,16,0.8702882469186047,15.425197903689513,0.3764911117092836,1,1,1,1,4,entertainment,0
178.4650724188449,21,9.065843111361648,5.326398630300542,1.13000820727285,1,0,1,0,4,restaurant,0
220.94451623352953,19,6.106925171871519,6.963901998975438,0.9268289078235664,1,1,0,0,2,grocery,0
616.7883649417948,3,73.06158071173849,74.74312286434557,1.1706872184241157,0,0,0,1,4,online,1
240.90456707015034,18,13.945157757461015,5.305198855160994,1.131882260281654,1,1,1,0,1,retail,0
75.02715424301867,18,0.2753698798339056,3.082555161450564,0.8055628536429542,1,0,1,0,4,entertainment,0
41.25007449728702,10,3.1910646265176945,19.432221870381397,0.533170126919815,1,1,1,0,5,grocery,0
65.46797054270043,10,9.598618001316018,4.713873624019092,1.1328706142363663,1,1,0,0,4,travel,0
33.562503557404725,10,49.629938300251396,0.7845273456994152,1.3730517049263635,1,1,0,1,3,restaurant,0
25.534867893899175,7,5.782030535886551,0.381996549737244,0.5091945017920042,1,1,1,0,1,retail,0
340.8003732690404,22,158.36320281556877,2.571921475657414,4.458383307829347,0,0,0,0,12,entertainment,1
21.125429279911742,20,3.5398649447988255,1.8198132604892199,0.6715460952531284,1,0,0,0,2,restaurant,0
43.105892017061684,12,4.600536382035088,1.3633084941492493,1.2091677673697978,1,1,1,1,1,travel,0
231.2356999334426,20,0.1,0.10883904653317708,1.0511268735646926,1,1,0,1,2,grocery,0
5.159463095006672,13,4.507167815713891,9.431795084152672,1.0285017297814731,1,0,1,1,4,grocery,0
17.47693394460354,17,0.502936765613226,0.3348212267205971,0.75332491610001,1,1,0,1,2,retail,0
110.3791445735801,16,4.5286289661736205,3.677039459602786,0.9858367786508248,0,0,1,0,3,retail,0
66.38939775013779,13,41.20409391859265,2.6519520640897127,1.24826113032778,0,1,0,1,3,restaurant,0
27.45609063123712,22,2.8576086184830825,0.45912544212339523,0.679592186989244,1,0,1,0,3,restaurant,0
8.398973235759774,8,11.443025927739715,6.232153203986095,1.287963359309273,0,1,0,0,3,grocery,0
39.11669607848814,22,6.954831639722746,6.667890759330185,1.224412241580962,1,1,1,0,4,grocery,0
78.16518788973846,16,2.2551643454226666,1.679731341056954,0.9402645892506107,1,1,1,0,4,online,0
50.0,1,156.65566028759446,51.12316552929925,1.8064488951391944,0,0,0,1,11,retail,1
5.894727708547283,12,11.929223120857044,1.9551281195302825,1.273286200916036,1,1,1,0,4,restaurant,0
22.719757599549638,10,15.118047350225385,8.593140097421712,1.3907903066637282,1,1,0,0,5,travel,0
12.275348898686795,9,38.98151829254172,1.6646754011732736,1.1836163314486374,1,0,0,1,4,grocery,0
46.68705227382159,22,18.836286784764688,5.005263875243261,1.3608751925789262,1,0,1,0,3,grocery,0
5.476457448182414,20,2.1627001668348393,5.770704196354722,0.7066940333815799,1,0,1,1,4,grocery,0
74.73389030122311,8,1.3339804521927867,17.31400278775371,0.8593555532844265,1,1,1,0,4,restaurant,0
81.19114871408159,8,26.54313403018302,3.714311040508109,1.527251464531533,1,1,0,0,4,online,0
66.42262727614188,17,4.8063468800166165,11.90912129888334,0.9545852296793239,1,1,1,0,3,retail,0
7.2762561594873265,16,3.588493117191243,4.469526666619465,1.5882868237602228,1,1,0,0,1,restaurant,0
140.1066046018664,19,2.3356987082643133,0.9491129661571536,0.5458449932195626,0,0,0,0,5,grocery,0
50.0,1,104.52603808990447,61.44520083814156,5.638901040177931,0,0,0,1,5,entertainment,1
25.82856932632521,8,5.9622092706145,7.069177661296411,1.5341478416246077,0,1,1,0,4,travel,0
13.618400893217075,18,30.283395373585567,4.504414640242352,0.4373024113599179,1,1,0,0,1,online,0
175.33517533747897,6,15.984500309448242,4.644369286722175,0.9639602778283399,1,1,0,1,1,grocery,0
46.96525387543224,15,12.592567284267425,2.2710551124908394,0.6992251703197849,0,1,1,0,2,online,0
89.70061256536545,13,3.0094243905303655,0.1,1.4726204924945268,1,1,1,1,5,grocery,0
103.76632417317465,7,3.4084065633143963,9.07011338922542,1.2931366925489511,1,0,1,0,3,retail,0
148.9141818639263,21,28.25934193790198,1.7638311567612732,0.7356160355994981,1,1,1,0,1,restaurant,0
786.9308025864291,23,59.91484042885315,87.01711293233427,4.947138792463485,0,1,0,1,14,online,1
56.61780030170761,7,11.310990800903241,4.9342740247968075,1.3332891294571176,1,0,1,0,2,entertainment,0
38.957257856796815,13,21.941916257177358,0.18010111983630944,0.9076555387965256,0,1,0,1,4,retail,0
33.00937902162775,18,12.219168969265876,7.68440543743381,0.7458929450035048,1,1,1,0,2,online,0
322.217320481381,5,110.57769302047402,5.824193276748918,3.0384405696390036,0,0,0,0,7,online,1
12.298312173844689,21,12.789066796946653,0.8096738277163531,1.0699059048111108,1,1,0,0,1,entertainment,0
128.13881440399302,8,0.7476333687822184,14.022467081927728,0.9315821628785513,0,1,1,1,1,restaurant,0
18.433030417291686,20,5.664852581597367,9.098233837278622,1.1092300228318044,1,1,1,0,2,restaurant,0
106.88838789686633,18,33.684519852337274,11.99185108345832,0.9506764449977744,0,1,0,0,1,travel,0
164.91571464924743,20,0.12808967370769603,2.1998146963705922,0.5043110649674378,1,0,1,1,2,online,0
331.2317629473047,20,4.684038967413293,5.358613677112649,0.8192766633902218,1,1,0,0,5,grocery,0
17.500949887629822,18,10.335913194670391,8.519432810322074,1.0521392823240616,1,0,1,0,3,restaurant,0
70.93692904029099,21,13.733776719456436,1.6860733622776267,0.6514750220335179,1,0,1,0,5,grocery,0
6.964900405773394,13,1.4781563725675737,11.433152742932194,0.826770357668772,1,1,1,0,4,entertainment,0
186.49300562350186,1,47.937860551210676,146.4665855407092,3.219081264240027,1,0,0,0,8,online,1
2.078124315361158,10,5.777433963395121,1.0665922590812809,1.4186531164655898,1,1,1,0,4,restaurant,0
47.55989699550548,21,16.961312564818392,2.950301539034681,0.6083195062555407,1,1,1,1,2,restaurant,0
861.660105168897,23,168.50595040069203,87.38848025480262,3.4379707796244703,0,1,0,0,6,travel,1
55.94421859359602,16,19.05111634398584,9.04033277155112,1.059854982455091,1,1,1,0,4,retail,0
59.90479019625944,10,3.3318025688467006,21.31282888633006,1.2195557472213419,1,0,1,0,4,restaurant,0
114.11054951145647,19,39.16669476538881,0.797622776398347,0.8817992490704945,1,1,1,1,3,retail,0
279.1247731301372,18,6.306913235112374,10.478527899868102,1.0892616814071912,1,1,1,0,5,grocery,0
76.19204193542535,6,2.073279658079045,16.584310572702673,0.942876437863132,1,1,1,0,5,restaurant,0
269.69965509149824,12,8.27751685687677,7.849465986722912,0.5097372650787413,1,1,1,0,3,restaurant,0
137.46952154111347,17,0.5094462454921684,0.7199712193906997,1.1971298201735536,0,1,1,0,5,grocery,0
30.191736703607987,15,11.448739013267042,0.4355533216531111,0.630211690869452,1,1,1,1,2,grocery,0
3.8483731433581774,19,0.12242985815091753,2.420138742065047,0.6137844543546784,0,0,1,0,3,travel,0
5.556043750338217,7,13.549223005001886,7.594020757262998,0.6751255660581683,0,1,1,0,2,restaurant,0
8.825781550390051,19,3.5806950933662796,7.3872337329841145,1.1901290656969363,1,0,1,0,3,grocery,0
230.16752836161868,3,222.80753882612112,106.75938046967144,4.374892827955545,0,0,0,1,7,retail,1
110.81583596263819,6,4.009971222997767,5.713955666457807,1.145409588182239,0,0,0,0,5,grocery,0
77.27839757410041,18,23.50446782412826,5.558217623834388,0.899504237091593,1,1,1,0,3,entertainment,0
45.35347000580393,16,14.51597283269276,1.7360793805487482,1.4063379652995824,0,1,1,0,3,grocery,0
83.58834825016987,10,17.142454142792467,0.5995940319670013,1.0589519632030742,1,1,0,0,3,grocery,0
159.30944258772166,9,0.4274879218962657,11.86678728010264,1.5275696050404162,1,1,1,0,3,retail,0
104.41002445011178,18,46.38323175857697,7.830110588659465,0.5429235290740826,1,1,1,0,1,entertainment,0
32.27395590193843,20,25.871877309204336,2.9196639747058843,0.7346611077516259,1,1,1,0,2,entertainment,0
32.543119195464094,11,16.50726611700315,1.2951366069445114,0.6024906051851935,0,1,1,0,5,grocery,0
214.5205586657058,3,54.98049146335252,13.798281728197336,6.44482321531585,0,0,0,1,14,online,1
87.09991398668565,16,31.736813498259107,4.212828843675091,1.2339653583499508,1,1,1,1,3,travel,0
21.404678345413476,19,10.24673264672944,1.000601658577502,1.1204863968075884,1,1,1,0,2,retail,0
12.762110738150627,8,0.3101810399882772,14.36806736910187,0.796575339885442,1,0,1,0,4,retail,0
230.25924157125726,19,6.90975287407471,5.433891005690353,1.034351501284802,1,0,0,1,5,grocery,0
33.10325147240247,17,4.105529250463594,8.965052343493994,0.9830303095851062,1,1,0,1,1,restaurant,0
137.511584908556,21,7.779281332377204,0.958458235706844,1.1944727241692341,1,1,1,1,1,restaurant,0
68.24008603393993,15,8.167683640768288,1.3705490768662911,1.16471090774056,1,1,1,0,3,entertainment,0
68.74464033472671,11,2.8316796130661794,3.6300013763256573,1.0058208486870672,1,1,0,0,2,restaurant,0
163.23300653444164,12,10.089889294981091,7.590314973231495,0.8899300002141036,1,1,1,1,2,grocery,0
33.7892773203095,14,4.886438846399696,1.2551748490026784,0.9730551309358939,0,1,1,0,5,online,0
6.6079692369395095,15,2.2242987891889268,6.823693732565293,1.3532349547107616,1,1,0,0,4,entertainment,0
4.642157107586897,8,7.280615977465348,0.11586141070364417,0.964876356876917,1,1,1,0,3,restaurant,0
2.5303239276444,14,9.872903779180628,0.24305014498899485,1.119758683376286,1,1,1,0,3,restaurant,0
81.98753669899126,19,0.38722347156849835,0.3030479829326933,0.9905629105955942,0,1,0,0,4,restaurant,0
70.66750675708582,14,6.198001586585726,0.4569887798786797,1.128611889921066,1,0,0,0,1,grocery,0
241.9687725945944,19,4.454870069342977,3.1579667136892726,0.8988134541350599,1,1,1,0,1,grocery,0
115.10780951451883,21,18.55110165812993,1.089928161550877,1.0596673607176794,0,1,0,0,3,entertainment,0
119.84870030924742,21,1.572184718921503,1.107926811910436,0.647884724042654,1,1,1,0,1,restaurant,0
81.89008340971084,17,7.653482175111293,1.8543104398845385,0.9818456403802964,1,0,1,0,3,grocery,0
41.47093419103836,9,7.827833957413295,3.887591600281323,0.5767582793342974,1,1,1,1,3,grocery,0
133.68218968557397,12,12.521929373910671,17.46250060937758,0.927053479666239,1,1,0,1,3,grocery,0
37.96453766537073,12,2.4690967379508715,1.7379869257594318,0.829444473810702,1,1,1,1,3,travel,0
75.37488103334776,19,9.052288933124483,0.45502802023788835,0.699991983831937,1,1,0,0,1,travel,0
7.476502735535804,10,10.960837802083816,3.3703600939040874,1.1184468224028608,1,1,1,0,2,grocery,0
196.0195454443038,12,9.983099070848755,8.929250630209305,0.8579929185347122,1,1,1,0,3,retail,0
179.02209901309647,17,8.147467309943256,0.17465187913929398,0.9490155846221984,1,1,1,1,2,entertainment,0
32.63849004510022,7,5.968226031423991,15.278077003694111,1.0363232804505051,1,1,0,0,4,grocery,0
23.65941623760046,18,24.534084130691625,5.668591155254001,0.9394512473709455,1,1,1,1,1,restaurant,0
266.0030377519821,13,3.0195585711502493,6.407856723155648,0.9100771048368196,1,0,0,0,5,restaurant,0
116.24846107059602,20,8.43759503370507,19.151203671381197,0.649430438765177,1,0,1,0,2,entertainment,0
209.2824293524385,20,0.8327226812555559,2.416826588246897,0.8212472275039261,1,1,1,0,4,grocery,0
50.0,23,13.284063197964954,416.38408335275676,1.8858701800598514,1,0,0,0,10,online,1
45.09417525484739,18,38.167034420901174,6.030946389837225,0.81488106254534,1,1,0,1,2,retail,0
114.22296970764,10,35.9792285460155,0.4425941069068624,0.8654948288466429,1,1,0,0,2,travel,0
34.08922308430157,7,19.395192070418265,14.654414321470933,1.1904965786490176,1,1,1,1,5,retail,0
21.347091342804468,22,20.236505216004442,1.694774120462309,1.0767662446978667,1,1,1,0,3,entertainment,0
30.706368563212717,16,1.5449977102725219,2.628601342788579,1.3433268204225346,0,1,1,1,2,travel,0
37.660335711776135,7,3.9914029852350783,4.879977590443135,0.9216615474359667,1,0,1,0,4,restaurant,0
4.146209354870138,19,1.2848019082867277,14.456144775378055,1.456131741955409,0,0,0,0,4,grocery,0
95.26604782063498,16,6.749286493458384,22.43876071284706,0.9161296961847178,1,1,1,0,3,grocery,0
62.97582905029448,18,19.05462174431267,6.384287780708182,0.991500378384986,1,0,1,0,4,grocery,0
254.2334652067069,14,1.7117162312350953,5.566019988024889,0.3784092663736295,1,0,1,0,2,retail,0
23.38810351973054,8,6.727037106405286,4.095388313488371,1.1190590515737404,0,1,0,1,3,restaurant,0
1.344966803216534,21,1.9693806353958885,12.202953283749187,1.2081297603203043,1,0,1,0,5,grocery,0
38.29707695737474,19,16.857675220131835,5.4136773850842115,1.0131619627048885,0,1,1,0,2,restaurant,0
82.78792034682525,16,30.24069121660589,11.72028584454332,0.2749421278329732,1,0,0,0,2,entertainment,0
134.47257339903973,14,5.022640451741242,2.061244976689242,1.5897076889662864,0,1,1,1,1,travel,0
57.49611317208759,11,1.8815029852888763,3.834052084947605,0.7871245513490265,1,1,1,0,5,restaurant,0
85.04907795923685,9,4.094824113240988,3.482850465013456,1.3373906273049645,1,0,1,0,2,online,0
44.33948635259311,9,1.8465243873730028,9.918716329797912,0.8916701613105368,1,0,0,1,5,online,0
12.215864859751823,16,24.598013898739765,3.9811044415841934,0.26974538793405944,1,1,1,0,5,restaurant,0
53.83398197547163,22,13.861147816615588,1.0887969208400499,0.9411969043020942,0,1,0,0,2,entertainment,0
73.09922060349643,19,6.584779954220638,3.9956970059438444,1.028698918807984,1,1,0,0,5,grocery,0
22.203089481154326,16,2.3970299948859717,2.531160800984061,0.40113640073535217,1,0,1,0,1,restaurant,0
7.936400932460331,21,12.634673107331606,4.333562879088372,0.8057980030340487,1,0,1,1,2,restaurant,0
232.0116404597005,22,5.015142754702535,4.088235050692898,0.8359423891635834,1,1,0,1,2,restaurant,0
19.745285083001633,11,1.2280376448078085,3.445778185274773,1.001917739719343,1,1,1,0,2,retail,0
47.789127909204566,15,4.187651386513849,8.265716033443598,0.7974900731947646,1,1,1,0,2,online,0
33.29113666658466,22,3.8539823161247773,8.095984221159751,1.2498543127926873,1,0,1,0,1,grocery,0
186.7240026696835,22,6.846883151715274,7.863048192408726,1.0738878759443518,0,1,0,0,1,retail,0
56.386691780933816,21,0.2308515351047391,3.3807210695782377,0.4398464796565221,0,0,1,0,5,travel,0
130.95802040779185,11,3.442898028630201,9.757617987191075,0.7629652420973058,1,1,0,0,3,restaurant,0
14.796493726884716,14,20.175195291574624,3.169836787462758,1.3562833881385052,1,1,0,1,1,grocery,0
39.68707927747111,7,0.5842517343616904,6.63762726685891,0.9850974240085358,0,0,1,0,3,restaurant,0
11.770435905561602,8,15.992241058601566,11.91922582684419,1.1493111874654403,1,1,0,1,2,entertainment,0
7.965162791277996,12,1.26489101882966,4.63663848116137,1.622628655761456,1,1,0,0,5,restaurant,0
5.545743648290778,15,40.50584832458444,6.389970295269592,0.9298900296806127,1,1,1,1,4,travel,0
121.07401841035724,7,3.780457182159649,0.1,1.4275083735008294,1,0,0,0,4,restaurant,0
152.94160890467873,17,21.620708876569683,1.3263746435734645,1.0385827108485655,0,0,1,0,3,retail,0
21.13940247976522,17,3.9594816858640893,5.280194573663887,1.003452912868114,1,1,0,0,2,entertainment,0
28.79461390911366,20,6.583904631229797,0.2077945257596076,1.1827015857850274,1,0,1,0,1,grocery,0
49.075719386322774,21,11.445331929367896,5.240071385882377,0.7794471614473377,1,1,1,0,2,retail,0
15.411259476666148,17,7.386894742862728,1.3640751286181494,0.3665203248288956,1,1,1,0,3,restaurant,0
7.0080867038677965,12,12.754124176148306,7.968126998532977,1.3428989214457838,1,0,1,0,5,grocery,0
83.67527767856575,6,5.6030648386278346,1.2841716741504037,1.3160599201408363,1,1,1,1,5,retail,0
40.60053007961565,13,0.7327932307371656,1.229935163392684,1.0678611525985966,1,1,0,0,5,grocery,0
47.66006019188978,16,8.629676160443518,0.7804208137201984,1.29239862942165,1,0,1,0,4,retail,0
47.59570785630298,11,21.022531395627198,10.408693082337443,0.8590825322103323,1,0,0,0,5,travel,0
23.29088315576813,19,0.5787006359541914,4.896229911887689,1.2948183191611808,1,1,1,0,4,online,0
84.73403843251289,2,112.17207218597339,21.024309231597638,3.3005546073384444,0,1,0,1,5,online,1
94.57712768593659,16,3.9472151822978008,4.37110685674136,0.9288641789382304,1,1,0,0,2,entertainment,0
153.55862047102872,10,24.989291522260086,14.781232897382761,0.5655717672756788,0,1,1,0,2,grocery,0
50.0,2,50.32663752514853,11.384526116816977,5.930181343530068,1,0,0,0,14,entertainment,1
235.13404244073612,15,5.381756850090083,1.5070049552527307,0.9049695311583367,1,1,0,1,3,retail,0
22.20900668556847,18,0.3614893935228418,2.937128937351963,1.1075440311733478,1,0,1,0,4,grocery,0
1.1534983790409217,15,12.583217927113306,3.31505688598974,1.2365163414467897,1,1,0,0,1,travel,0
155.56495738772284,6,3.6497618119380535,1.772375359392448,1.3070392178749195,1,1,1,1,3,travel,0
9.01751318117424,21,14.35646229249574,0.27862501983124743,1.181066393769839,0,0,1,0,4,grocery,0
57.91606686287382,13,0.11115952610314958,0.13343895713138446,0.6902199072712965,0,1,1,1,5,retail,0
9.852008368355973,7,12.040862806469816,0.5403692435726376,0.9595389377528698,1,0,1,1,1,grocery,0
64.98882373693525,9,1.4352710614263018,2.142000586080492,0.8651588989873862,1,1,0,1,5,retail,0
144.7733384042944,6,0.29884645509873076,1.9059771805171017,0.5152977092652884,1,1,1,0,5,grocery,0
655.7545493404147,3,114.09494477162205,14.063820764343523,6.028403491802831,1,0,0,1,5,retail,1
709.083316799951,22,98.04785529733444,173.59879096073954,2.4108047127972823,0,0,0,1,14,online,1
1.0,22,1.9717180630553588,7.885919616900171,0.3089987853041767,1,1,0,0,2,restaurant,0
67.68101273900503,12,2.1269083170786662,4.431917427446913,1.2313629815099656,0,1,0,0,2,grocery,0
49.394626135020374,11,3.71420882407941,1.949945615961715,0.6926398731008336,0,0,1,0,5,grocery,0
10.85971851722358,15,9.932412123793016,1.6763269788817425,1.2770241367841486,1,1,1,1,1,travel,0
99.096955464965,12,2.17669804950496,0.9153175956602073,1.2032825806511867,1,1,1,0,4,grocery,0
35.92431312821059,15,7.994179841340996,1.5205659403599883,1.2317289353210084,1,1,1,0,5,retail,0
21.68524157732902,18,11.205467124824725,1.228819006123119,1.3410244114735546,1,1,1,0,3,grocery,0
235.3731630370595,9,4.3968506132146405,1.7649737937407872,1.0142804033630888,1,1,1,0,3,retail,0
15.891554422942484,12,17.391613515836642,1.1607459568308112,1.0196402595519165,1,0,1,0,3,travel,0
11.418208348003347,15,2.0129493338097055,0.7072728815792759,0.4392090854769308,1,1,1,0,1,travel,0
321.4703026513871,0,50.11844854696149,11.213209057229449,1.6413312353295684,1,0,0,0,4,travel,1
87.67293275586518,14,10.639312844713917,6.513265467521935,0.9117469341780062,0,0,0,1,5,grocery,0
52.930232752801956,12,6.303045246141517,3.652320790239771,1.211130114956657,1,1,1,0,1,retail,0
45.32086328065999,22,6.154672715260925,0.5421340726466889,1.4765244371367205,1,1,0,1,4,travel,0
18.929207298899883,21,29.991047692920276,0.2789896183086242,1.1234988900809035,1,1,1,1,1,restaurant,0
6.198069504904721,11,3.940008132643607,5.134540530147263,1.1927089544113518,1,0,1,1,2,grocery,0
1.0,9,4.0002227727950315,0.1824050033433958,1.0854564287509447,1,1,1,0,1,retail,0
63.2979038385438,8,1.7043766810788066,1.0834224878206757,0.7049407898435652,1,1,1,1,3,retail,0
128.26980184185,12,2.5536000458369528,3.5081136448017505,1.0295075452411224,1,0,0,0,5,restaurant,0
35.762303351647496,22,6.603909003425011,1.104716902187484,0.8409945709085054,1,0,1,1,1,grocery,0
21.02092631607448,6,6.454434668472821,3.601586698265593,0.8501912074768063,1,1,1,0,3,retail,0
36.79883620473361,7,13.628921186700609,8.009625287507989,0.2014872769103062,1,1,1,0,3,restaurant,0
17.49640480275961,10,5.130160672762799,4.467554899820923,0.9231463611403815,1,1,1,1,1,restaurant,0
13.392590392950927,7,14.90219322671887,1.111716043231969,0.7648258203676704,1,1,1,0,4,retail,0
4.070283767261472,21,6.97633174980095,0.36082451151447115,0.5920595148252514,1,0,0,0,3,travel,0
41.79245459636778,8,0.233335082633721,0.5754237703487739,0.6346382294350552,1,0,1,0,1,restaurant,0
8.975595988327042,6,1.543145029735491,4.216091143766722,0.5694964095422133,1,1,0,0,4,grocery,0
38.208988000060984,11,3.5978156922772464,3.244382295630355,1.5430441049890287,0,1,1,0,3,restaurant,0
62.41934304716102,16,12.072515268732191,5.6439541790018755,0.9270282355818129,1,1,1,0,5,grocery,0
114.50534085005613,17,2.059147823047971,4.82333769280136,1.2626794731109137,1,1,1,0,4,grocery,0
126.70602021507199,19,10.205456048499453,5.45019969064104,1.1356535894860937,0,1,0,0,4,restaurant,0
22.70617260319331,20,16.427115128169785,1.7030718106310094,0.7083617113018135,1,1,1,0,1,restaurant,0
54.68377825073201,15,2.610202184562152,15.892337139505246,1.4829062730052958,1,1,1,0,3,entertainment,0
102.48344781159244,17,20.968620679165532,32.2420526757362,1.0625264581066622,1,1,0,0,2,restaurant,0
25.676452988642797,10,9.988509196391096,7.694691633457675,0.9236329621390805,1,1,0,1,5,grocery,0
48.48166564794117,13,1.5974680814681232,3.505144336298714,0.5857403276582881,1,0,0,0,4,online,0
76.40656612958989,16,4.750627537829578,3.2443586611811552,1.1745456303739656,0,1,1,0,4,entertainment,0
3.204900569818139,16,9.432562212370444,4.82336542973963,1.260688929374815,1,1,0,0,5,retail,0
23.89883634811166,18,12.867338877979357,0.24939664096185632,0.8235988085567969,0,1,1,0,2,grocery,0
222.87402099426075,2,60.322370430165876,1.0,3.7995677695649337,0,0,0,1,11,retail,1
79.54422102219438,10,7.011429127726734,0.2692964507875759,1.0434061523853613,0,1,1,0,5,restaurant,0
9.139763900623402,18,15.652554850679927,7.749220711989839,0.5472897266855864,1,1,1,0,3,grocery,0
166.3608913642918,10,14.85205429185174,0.12634229969022603,1.2021221955952666,1,0,0,0,5,retail,0
37.3768320440541,7,3.5757092598028657,1.6995932091267183,1.3503908566820417,1,0,0,0,5,restaurant,0
50.0,2,31.178511044996355,7.5754687925024875,2.227977460376189,0,0,0,1,8,restaurant,1
6.407412574374217,14,15.643536952519714,4.792631398246109,1.25057184998662,1,1,1,0,1,grocery,0
25.324835456706055,8,6.249723218876699,1.4934076790296804,0.9365525263735602,1,1,0,0,2,grocery,0
30.014373849500924,20,13.055088909548989,0.1,1.0570496888001704,1,1,1,0,2,grocery,0
52.93507067997149,15,29.53876029445521,2.4209683109827953,1.150841688328186,1,0,1,0,2,grocery,0
185.52255185009653,22,0.4007610841537729,4.4642908798025065,1.124885597131858,1,1,0,1,2,retail,0
56.29659918054035,7,6.136495212717723,15.7958980537797,0.9899940751270979,1,0,1,1,5,grocery,0
1.1598463776643422,11,5.668783830355887,5.207117337764169,0.6092745403587595,1,1,1,1,4,entertainment,0
61.89684688031364,21,1.9695971888951802,3.1483496960572004,0.964271123552881,1,1,0,0,5,entertainment,0
177.2528077587007,1,48.14641271716074,70.16528194012346,2.878045858515393,0,0,0,1,4,online,1
7.570332704929676,17,22.907661430323934,2.676774379106603,1.3331686825993803,1,1,1,0,2,entertainment,0
56.36848569246147,22,56.70572533093149,1.0138973431565783,1.1620544752407675,1,1,1,1,5,travel,0
28.511201912896563,12,0.8134176777574615,0.6633068368119933,0.8280985392160742,0,0,1,0,5,online,0
140.84099962551667,11,4.141169402087836,1.0839449323920949,0.927864356376142,0,0,0,0,5,retail,0
48.55033365409531,17,33.211540985869235,1.127006005540096,0.8126160984282846,1,0,1,0,3,retail,0
42.36593430460399,11,10.545537614888428,2.672378888704648,1.210529574471292,1,1,1,0,3,retail,0
104.60499022636282,18,3.5373706192775205,22.24278452888647,1.103652473452583,1,1,1,0,1,restaurant,0
294.45119823120757,20,3.2465731884526927,3.9544191061432983,1.6391221733879182,0,1,0,0,4,restaurant,0
50.96744796327254,16,19.15794636908988,0.659538389988053,0.7814424388971775,0,0,1,0,2,online,0
47.42108817941042,21,22.8542959010342,3.9444835680867234,0.34718778576000286,0,1,1,0,4,grocery,0
108.27255498112561,8,16.37461235513293,2.4540715228261973,1.175301483350626,1,1,1,0,3,grocery,0
32.62610524410475,20,12.513840622720721,3.91730593387128,1.0692133021829942,1,1,1,0,2,retail,0
88.48821910246606,18,9.502875547134456,3.729704863937486,0.40415942367309443,0,0,1,1,2,grocery,0
31.13040180155362,7,1.737108528840956,4.041496341589165,1.04303735832484,1,1,1,0,3,retail,0
77.6792804110609,15,29.596473375900704,8.434195088751627,1.0891961871053457,1,1,1,0,2,grocery,0
118.28392575247405,22,21.507549139882233,3.1267064753328935,1.637552274290488,0,0,1,0,5,retail,0
419.42123039804926,1,5.0,4.25440960679784,4.611432517776999,0,1,0,1,3,retail,1
169.31280110830778,2,23.943392101100955,85.83113614335896,1.7113958676139807,0,0,0,0,12,online,1
10.542161336479527,8,5.264008378764889,0.7250536510337429,1.0126503464829668,0,1,0,0,1,grocery,0
216.49423195893107,4,42.397743459465204,165.40197896710788,3.593031025585182,0,0,0,1,11,online,1
64.49231739558701,17,5.608722399674592,0.1,1.1023832962392803,1,1,1,0,3,restaurant,0
133.60716270751016,22,1.4959798435705092,0.6195693923364709,0.5855636195324381,1,1,1,0,1,retail,0
13.688997110104879,20,9.756985268002493,3.60133801815382,0.7815326007228702,1,1,0,1,3,restaurant,0
22.123680888541987,6,15.18823761432903,0.9200537972952101,0.8144451884695155,1,1,1,0,3,grocery,0
21.052752624006494,13,9.320798859471747,1.8667348484783317,1.4407581195913712,1,1,1,1,5,travel,0
58.438674428241185,21,6.532866391790315,2.211767912223215,0.6221600784839627,1,1,0,0,1,online,0
8.978310902471051,15,11.025680157384256,4.480690506757306,1.0501336213930403,1,1,1,1,5,travel,0
126.41525874739823,4,100.21252449013566,1.2065710462072228,3.535251178831501,0,0,0,1,7,online,1
26.783231627909927,16,1.0586733641811543,5.102215174750252,1.1265901369409224,0,1,0,0,4,entertainment,0
22.376615120194288,14,11.558519000560977,2.270763006883413,1.7340939126535462,1,1,1,0,5,retail,0
37.222759233414,16,15.727736319917405,0.5469624040515155,1.4703457843587104,0,1,1,1,5,retail,0
669.0909490399465,0,159.9067199658087,1.0810387931412875,6.822957200983792,0,0,0,1,5,travel,1
5.260498572202521,10,1.5801772667135663,0.40915092537908476,1.1646953561297269,1,1,1,1,5,retail,0
43.43009730048056,9,1.5984430760418122,3.428650367730375,0.8829102568575862,1,1,0,0,4,retail,0
124.15384048954519,17,3.708205581058204,3.462579452492081,0.1267491769239112,1,1,1,0,4,entertainment,0
50.0,22,96.25687929404883,70.2507555569828,2.052509794328215,0,0,1,1,8,online,1
77.0324543798428,12,2.664004657084526,2.493209750631671,1.2816232753063566,1,1,1,1,4,online,0
7.402997520406384,6,0.5931679544100487,17.083003777721466,0.6678545665855884,1,1,1,0,3,retail,0
215.65489977794257,6,14.916133198408101,1.2005336251366716,0.9934904998746997,1,1,1,1,5,restaurant,0
75.03621193383003,15,8.734110180410234,0.48364144954470495,0.94488465141091,1,0,1,0,4,grocery,0
174.6768387412806,2,124.63955433868514,10.720739457650145,5.138993704178661,0,0,0,0,9,travel,1
53.31773502600542,12,2.9058107806442117,1.6820875084067928,0.35244918796696667,1,1,1,1,2,retail,0
77.59969523798678,6,0.6041854959305295,0.3840184379719518,0.7343267301263547,0,1,1,1,3,retail,0
235.94402304778282,14,5.8814667548380335,12.60241689641225,1.1244264131438797,1,1,0,0,5,entertainment,0
22.129761761039234,16,1.1443710840107548,1.657850482701929,0.9517954805058437,1,1,0,1,3,restaurant,0
75.33020465534558,18,5.7665830561123705,3.4118601878651713,0.7566181803397193,1,1,1,0,2,grocery,0
107.11775058941666,13,1.5923311147752255,13.940852572968714,1.0413966411816429,1,1,0,1,4,retail,0
1.463223465325212,11,21.198198252637525,3.684426362799071,1.338686354744178,1,1,0,0,2,grocery,0
52.94383076474936,16,17.830202240231273,15.451182690856257,1.1186271287797913,0,1,1,0,1,entertainment,0
46.713839066767136,9,4.072066246855669,1.226158157638633,1.1221407907668584,1,1,1,1,2,online,0
8.528696979630835,10,0.5514508619046715,0.8825770685479571,0.751491527357236,1,1,0,0,1,restaurant,0
102.82725807915187,13,1.6381407274512216,2.1025038403807157,1.188693603705708,1,1,0,0,1,retail,0
16.539553239637378,21,16.2478572263434,2.3762196515944733,0.9441849556907328,1,1,1,0,4,entertainment,0
151.52769758254135,22,126.0178587287206,17.96242127128176,3.7611008618728623,0,0,0,1,11,online,1
190.50124238767805,21,11.849282382173689,1.2079397581210902,1.1192683910115353,1,1,1,0,5,grocery,0
86.70206091769897,6,16.32821395203547,4.596111731884316,1.336697254959987,1,0,1,0,2,grocery,0
64.55944150105452,11,24.78258921414458,6.200947221193621,0.4899301949856426,1,1,0,0,5,online,0
25.464939376643684,11,12.76383332509937,12.113129875721656,0.7835678207480655,1,1,1,0,5,restaurant,0
25.238171458080174,7,3.9395338368757744,3.9649441860097756,0.8815347500971299,1,1,1,1,1,grocery,0
34.004385262309604,18,4.420919605053338,2.696638379334026,0.4857403865039035,1,0,1,0,3,restaurant,0
88.95136763089427,2,165.54637980570604,26.487200245629065,3.4380795562132653,0,0,0,0,6,online,1
53.09839675931257,17,7.6440253299730845,5.2267162121262505,0.6925999544224228,0,1,0,0,1,online,0
46.92302718057388,11,14.956498790238804,0.10844462885923749,0.8815179395652916,1,0,0,0,5,grocery,0
99.6333831118831,15,8.298656186039224,0.27348109875149756,0.6417547575081397,0,1,1,1,5,entertainment,0
14.825625696623117,6,10.052541303724375,10.289687652087505,1.5638817382237429,1,0,1,0,1,retail,0
327.84387855836496,22,17.12831599005522,64.12003821109307,4.336862494886402,0,1,0,1,4,entertainment,1
63.12854934101202,6,8.3620199069287,2.6475464261184167,0.8949045332277955,0,1,0,0,2,restaurant,0
117.48599493335459,13,6.695526534027607,5.5274123044887915,0.4908994989520373,1,1,1,1,4,grocery,0
217.29669231007958,13,5.868028038387986,0.8532988524672345,1.202480899682119,1,1,0,0,1,retail,0
86.0588250995645,2,14.93851664876271,29.617601500839104,5.97934347870005,1,1,0,1,7,online,1
93.04305512854079,13,0.6513445928810219,3.086074967320248,1.523692905117876,1,1,1,0,3,retail,0
9.635542802959714,16,3.871633279181424,10.017737994297821,1.2571086210457687,0,1,1,0,4,entertainment,0
42.774099930310285,17,0.1675582477818224,12.219854117841429,0.9133986644053206,0,1,0,1,3,entertainment,0
210.37679765438693,9,4.373464141859743,2.0343903765493696,1.1196009257202735,0,1,0,0,3,grocery,0
24.016536723370983,12,3.6527814378733305,5.414723236313987,1.0504386597671802,1,1,1,1,4,grocery,0
26.170211213218572,10,12.257266641150572,1.7044982217174243,0.4325456434828233,1,1,0,0,4,online,0
8.495788720158531,14,0.1,0.7392188316392151,1.7607486309462697,1,1,0,0,4,grocery,0
12.461227252949008,16,5.311120520869713,6.723953792526517,1.2083709769823154,1,1,1,1,2,grocery,0
31.59215776402146,9,1.110272023449793,2.556917913446763,0.664653533557495,1,1,0,0,1,grocery,0
32.39125148704542,13,1.785538051300795,1.5725056009723624,1.9443598333973569,1,1,0,1,3,online,0
203.8038672022847,10,2.058563802356225,1.8827062621666548,0.872713715955846,1,0,0,1,5,grocery,0
216.4902692321309,10,0.6025890629041669,1.0366608241876576,0.9396577562575972,1,1,1,0,3,retail,0
118.35870209932091,18,4.917808695487571,11.43003810481121,0.7508262795555646,0,1,0,0,2,retail,0
77.01363477944574,7,8.53107987277166,0.4010745886245005,0.6939491751083766,0,0,1,1,5,restaurant,0
53.655013993734414,14,1.8766943122204256,5.945934097343853,1.1292791048052409,1,0,1,0,2,retail,0
13.45726774904776,16,0.919576087155448,1.2078628345248663,1.0978131819033925,1,1,1,0,3,entertainment,0
139.2309018868459,23,19.858046846709748,59.55098252897226,3.3055905328585906,0,0,0,1,8,travel,1
111.04339380612407,1,100.02687085906842,9.346645158027869,3.635810647369519,0,0,0,1,6,travel,1
846.3293395033877,1,31.958726064152593,15.36078747021893,2.1081884895725658,0,0,0,0,8,online,1
72.01300262933805,12,5.757091612587923,8.048412632458996,1.0234867463459054,1,0,1,0,5,travel,0
49.976716518508766,16,4.0234684543458785,3.496679410385157,1.271666000212419,1,1,1,0,4,grocery,0
64.30237221035074,13,32.87479670984283,5.135191711832288,1.2910157161376787,1,1,1,0,2,entertainment,0
42.00148028431152,18,23.114230225756238,1.7083512786680577,0.514288944153418,1,1,0,1,1,grocery,0
44.49260809656583,13,1.3330055296851095,4.767481118898079,0.8788061075251243,1,1,1,0,1,grocery,0
86.05198258540285,18,30.488373412102785,7.505924115500396,0.6123343616807081,0,0,1,0,5,travel,0
79.92485520076653,21,5.494935525118413,1.5945072173966723,0.6042113297831316,0,1,1,0,5,retail,0
103.55723437816945,13,14.987845982639751,2.2294114658625848,1.4460452388910623,0,1,1,0,4,online,0
160.1013249599136,5,59.30910937192198,122.00311043432379,4.216902907541735,0,0,0,1,3,entertainment,1
2.823045483362373,8,13.333866353787334,13.702052640321924,0.41320486694859304,1,1,0,0,5,entertainment,0
160.10650738980686,5,78.32578084961983,306.1956362398967,3.7491954082075623,0,0,0,1,4,online,1
189.2513654594312,11,14.409345239609584,0.1455252302674941,0.24712874322963274,1,0,1,0,4,retail,0
93.96757137203856,14,8.267307885009899,3.4545789154725046,1.035283080047984,1,1,1,0,5,retail,0
50.0,23,12.413203175484389,20.669342106201537,5.054479190565302,0,0,0,1,12,retail,1
26.66582481957946,13,20.88638504077988,0.3952065346355862,0.7855273243024617,1,1,1,0,3,grocery,0
195.89615433880968,0,531.8875870525538,7.911317022443097,4.452059920959963,0,0,0,1,9,online,1
144.66960554680676,18,4.909679871721054,15.033699089383783,0.3855062654776771,1,1,1,0,3,entertainment,0
245.2973223259935,12,2.6160309296623567,4.970451687997633,1.2785293915809137,1,1,0,0,1,restaurant,0
67.67663545022845,19,11.133030346325691,2.3967363628266662,0.8784008740561549,1,1,1,0,3,retail,0
4.659976305911847,13,0.4292690753189877,2.7623679308134137,0.9880003400708921,1,1,1,0,1,entertainment,0
150.2171998899753,18,30.62214666919552,0.10037886187957389,1.2351274184558891,1,0,0,0,4,retail,0
47.66882156653854,6,38.616039995865926,5.600877822839997,1.2346656137196796,1,1,0,1,1,entertainment,0
38.16104763053858,6,10.78847880362444,25.312153229177127,1.662417976908762,0,1,1,1,3,travel,0
135.99511137394828,12,0.1,8.681145419276465,1.281986306983394,1,1,1,0,4,restaurant,0
124.58204843709062,9,1.2925792221467456,6.6695212297549675,1.0553915741054352,1,0,1,0,3,grocery,0
76.62961362839403,6,0.11438537348016863,6.766868681315543,0.7870774214079155,0,1,0,1,1,restaurant,0
14.06443259626166,7,1.9951740746954,1.70547081682598,1.1284988218617154,1,1,1,0,5,retail,0
1.1841924555553365,9,7.442095179467501,1.6556057150996273,0.4908457666143745,1,1,1,0,3,retail,0
89.44615149508643,8,2.3701820614172595,7.937512839098156,1.214916741385471,1,1,1,1,2,retail,0
149.26291486842288,21,2.3734572455658975,3.263146850330716,0.9931061082640105,1,1,0,0,3,grocery,0
5.673181886962966,10,33.44936892892043,11.285758363490292,0.7902919576756765,1,1,1,0,1,entertainment,0
116.37521557411486,16,35.11703198097037,21.567302433244123,0.851489642970121,1,1,1,0,1,travel,0
83.90190514422144,8,9.363842201819132,1.2299027903787072,0.4311982333676341,1,1,1,0,4,grocery,0
55.72410400148195,18,4.984064161518791,2.1411071117043052,0.5826787337820646,1,1,1,0,4,retail,0
189.21469077460037,1,12.189484291042724,24.99763276102839,4.219410142292078,0,0,0,0,4,online,1
156.0741758437783,8,15.177152782729346,9.91071835128184,0.5285651150240662,0,0,1,0,2,restaurant,0
76.07142594503443,7,3.278485671531855,4.096478191665251,1.288708119966645,1,1,1,0,3,retail,0
179.61649819044166,7,59.31140877301814,4.197105679881606,0.972797890422967,0,0,1,0,3,grocery,0
114.51136900829816,19,7.079431679576317,0.26808369218310235,1.024982212242901,1,1,1,0,3,grocery,0
125.45563329769189,22,5.63301321271859,0.2545423897554078,0.9999064657726102,0,1,0,0,4,grocery,0
341.1205383431778,7,7.747713579966452,4.293862292943485,0.8404617698103543,1,0,1,0,3,retail,0
84.20858674512468,13,14.825125306050339,2.601944268969383,1.2593431712485934,1,1,1,0,2,restaurant,0
223.19928819832657,22,4.886568188696764,3.4542346614295476,1.3739967223839773,0,1,0,0,2,travel,0
119.20897242828477,12,11.564381769322097,6.066661645353754,0.9498920822182056,1,1,0,0,1,retail,0
114.94055567275373,8,3.604042045790658,2.1276931019633625,0.812813571350343,1,0,0,1,1,grocery,0
15.332488721347389,14,0.5631576602533229,7.50066817547819,0.9283453267158732,1,1,1,0,5,restaurant,0
142.7672237609779,11,7.073344190554733,10.466107560707705,1.2465846474477211,1,1,0,0,1,grocery,0
14.857489303660383,16,25.125008080527536,6.7630160697100274,0.8469690340458497,1,1,1,1,2,retail,0
47.601173089828606,17,18.88735186384947,1.4465871733885485,0.6538327496440548,1,1,1,0,4,grocery,0
67.25514625218216,3,324.29813669243754,41.761517860456614,3.1296496735991504,0,0,0,1,8,restaurant,1
14.880194977784097,17,0.7197713360060058,2.932604347563758,0.9932718805253606,1,1,1,1,2,grocery,0
18.386563429707,22,11.264405264262656,1.5015658908431098,1.297609754893335,0,1,0,0,3,grocery,0
124.31920109568577,8,16.703072768432822,1.8227346299529403,1.1140676889786276,1,1,1,0,5,travel,0
31.465936351114166,20,45.19177326949443,7.039428494477976,0.998417501085305,1,0,1,0,1,retail,0
45.202771950638564,18,5.543102655444145,2.6974839061014437,0.993518530781975,1,1,1,1,5,retail,0
1.991537782600905,13,3.9326105083181337,12.128816337964125,1.251696990689529,1,0,1,0,4,restaurant,0
2.233836993834025,17,14.938606483088478,1.6419890158635297,1.1280481366856894,1,1,1,0,4,retail,0
46.26138460375975,20,23.405982881125954,25.411029723701386,1.1956522879566658,0,1,0,1,3,grocery,0
55.286815708232275,16,5.135268923745246,8.640141678299543,1.5895667933204962,1,1,0,0,2,restaurant,0
119.14970222553826,10,26.582833566352292,10.776775671963438,0.807110613416277,0,1,0,0,1,grocery,0
276.71628554450524,9,4.878709977569958,5.696797526188244,1.1131974224649241,1,1,1,1,1,retail,0
52.451180370864456,8,14.65268307553336,15.732621532753194,1.6391071295583264,1,1,1,1,3,restaurant,0
38.309693254573666,9,5.775203324884867,0.21630424206068907,0.8716449003617617,1,1,1,1,4,retail,0
43.52302924256411,6,9.137106539492517,3.1365521344605947,1.2958774414577179,1,0,1,0,4,restaurant,0
83.70406906448736,17,8.079178673658454,2.4085400556598273,0.7038869103598351,1,1,0,0,1,restaurant,0
5.9962638530887835,19,5.331581540663156,1.2042478937674246,1.1544117500432765,1,1,1,0,4,restaurant,0
82.98004547905357,20,7.743751050394986,11.131518253237502,1.0469458116488846,0,1,0,0,3,retail,0
49.1823596105784,17,21.632906775444454,2.776317543104478,0.5347780368370658,1,1,1,0,3,grocery,0
23.984166620042416,20,4.971011217794152,0.3215511289712028,0.8214223238291358,0,0,1,1,3,restaurant,0
353.4455509286292,4,9.95633567515869,49.801006244771095,4.212223142674681,1,0,0,1,8,travel,1
366.7171415338601,2,46.424188272918734,11.105746252243124,3.38936528003148,0,1,1,1,14,online,1
117.24817993586335,16,7.815197868995369,15.681716375679374,0.9297210227322833,1,1,1,0,4,retail,0
127.76678034638742,8,4.505726288309411,15.832950286848568,0.3997990028964249,1,1,0,1,3,grocery,0
96.97786518861905,17,1.2008957609015232,2.487650859395553,0.9245762741161766,1,1,1,0,2,online,0
45.299487971302845,10,11.676187217798859,0.2649386675400666,0.8898824266869859,0,0,1,0,5,retail,0
270.6234352832433,18,0.4631446081759537,3.7962799548770167,0.892968369193627,1,1,1,0,2,travel,0
12.096024614753926,15,7.032556421168527,2.095155058729886,0.7291278930944267,1,0,1,0,5,entertainment,0
64.36275722457216,14,5.45484667921047,5.5504894792938035,1.7092424404802733,0,1,1,0,5,retail,0
65.63203241894507,20,28.074152513613516,5.823486489131218,1.1455877401454342,1,1,1,0,5,restaurant,0
5.63467542772252,14,19.039874876388673,1.9684911632360114,0.782439363118425,1,1,0,0,2,grocery,0
86.00360843280245,21,12.824762391214456,11.327736388646237,0.4712175357042263,1,1,0,0,1,restaurant,0
90.60990227067558,16,3.4730598433960296,2.15051660081989,0.5890133013859031,1,1,1,0,3,travel,0
165.43619240921768,21,5.514301826119297,1.6043688565562708,1.1909009878995698,1,1,1,0,5,entertainment,0
65.61459392304884,22,1.1478659942892875,0.22160520211062795,0.785116055933714,0,1,1,0,4,retail,0
104.43297035283922,11,4.391695713745499,24.548617901450157,0.5657314036535617,1,1,1,0,1,grocery,0
78.03371661596604,22,15.49796036349015,5.946202373511349,1.4823076080165074,0,1,1,0,4,retail,0
97.57586780326716,20,28.393483071713646,8.074460045475051,1.3666363177482133,1,1,1,0,3,travel,0
248.06927651858308,2,86.11152628356591,28.168280631067717,4.552086372028524,0,1,1,1,8,online,1
60.00745539896581,15,30.83268813903996,0.38611131097084667,1.1008734109906786,0,1,0,1,5,entertainment,0
7.41243671624925,13,4.912868351288962,4.638004665391303,1.1978724701007342,1,1,1,0,2,retail,0
21.14065239344945,9,14.466220027504447,2.3761335213463757,1.0149124433659933,1,1,1,1,5,retail,0
250.2883996003483,21,10.838283889734166,8.482437241626196,0.8107406648780171,1,1,1,1,4,travel,0
370.72814041842696,18,7.866648901585601,6.16148685015411,1.12658780541446,1,1,1,0,5,online,0
229.28283070241565,9,0.6595925472961044,4.970544670767353,0.658245770643272,1,1,1,0,5,grocery,0
119.64491248728031,6,5.580911016532668,0.5216770803967142,0.8268720096882223,1,1,0,1,1,entertainment,0
25.021351029227734,12,7.289244585436434,10.222086217451242,0.5729638467305006,1,1,1,0,2,grocery,0
294.3462771060813,9,7.2748139794937225,5.180583364505291,0.27413006785425975,1,1,1,0,4,retail,0
32.22525356583347,7,2.572784433595556,0.1,1.2892037054143646,1,1,0,0,3,retail,0
1.0,12,3.417436703881038,12.34421340341186,0.5290608589465728,1,0,1,0,2,grocery,0
156.3648895483091,20,6.883302082355388,5.531963353235948,0.9400998019940875,1,1,1,0,2,retail,0
8.131158830673044,22,10.555388356947287,6.481380676427401,1.0666899735801054,0,1,1,1,2,grocery,0
5.273626832572541,10,8.671059638338416,1.8063911376242343,1.0912282981413555,1,1,1,1,1,retail,0
51.787843540638995,22,4.141074751892102,1.0385210633619895,1.367971552450925,1,1,0,1,5,retail,0
49.692884791968204,18,3.634066081002656,3.0382219955763996,0.9961603990386748,1,0,1,0,2,grocery,0
418.96087041273756,23,5.106454631871814,1.9519948725223766,4.840136504278628,0,0,0,1,6,entertainment,1
15.419133035256284,19,9.632259503793914,1.9636951369584434,1.1380411012435017,1,0,0,0,5,grocery,0
145.77520371758857,15,0.5014850283624394,1.0054315601322705,1.3604687860459994,1,1,0,0,3,entertainment,0
8.828086203894394,13,0.5978244854526469,0.41427452186353547,1.258980276437558,0,1,1,1,2,retail,0
15.591922328376672,11,4.363449343031284,1.030511560686879,1.013215853425347,0,1,1,0,2,grocery,0
327.58326132880546,7,13.448180759826045,5.80070893086145,0.8712989356125873,1,0,1,0,2,grocery,0
6.0413797302864145,7,3.08279249057207,0.30042580357825593,1.0699417206926525,0,0,1,0,2,restaurant,0
348.04277027367397,19,5.797526929674101,7.531553057671962,1.0037768803516725,1,1,0,1,5,retail,0
96.57667773224799,22,15.521369777001068,7.3895849316579145,0.6574651048896805,1,0,1,0,2,travel,0
17.376954551922662,9,45.74919175467521,16.099987414493324,0.6514983954416669,1,1,1,0,5,travel,0
126.85231837861491,20,13.261118157758771,13.843908673218516,1.3023254298240516,1,1,1,0,1,grocery,0
44.09546406043282,14,7.686728236170927,5.312653191004381,1.4085827989400181,0,1,1,1,1,grocery,0
97.35305141080994,21,0.7620998417331053,3.8771963510810252,1.259991561066768,0,0,0,1,5,retail,0
91.78515252638061,18,7.407568997327595,0.13509742858736923,0.912678937026242,1,1,1,1,3,grocery,0
166.2050092517733,22,31.906862640038447,1.0,3.043394698716814,0,0,0,0,9,online,1
186.27565446941054,20,31.58028428367208,10.361119066886877,1.4993306666525061,1,1,0,0,4,retail,0
50.292660984867425,10,10.427585228587118,0.23769712597992704,0.66583896356232,1,1,1,0,3,retail,0
89.15317782622814,10,19.428025445568387,0.2003719891776361,0.7014086850852,1,1,1,0,5,restaurant,0
40.145612309686214,7,7.574803487022919,13.286772408639308,1.2749722745125007,0,1,0,0,5,grocery,0
94.36135743877011,13,4.381188909017486,0.5568642571049283,0.8360680910974481,1,1,0,0,3,grocery,0
5.72362492234976,12,9.776536709695511,12.661436627948477,0.5463754083665475,1,1,0,0,3,restaurant,0
1.0,22,21.70356026189806,0.48347783830242624,0.7256880520830755,1,0,1,0,5,retail,0
45.0181643648947,19,22.049047808140045,2.5032728133759012,0.9507749291134192,1,1,1,0,3,restaurant,0
79.26692261717575,17,22.948367091500405,2.0876671036527075,0.5147169049797145,1,1,1,1,2,restaurant,0
144.1320754441667,20,3.3436927109077628,9.929075259404396,0.9073431128962237,0,1,1,0,3,online,0
27.0104528251618,15,3.395213816745746,0.1898449799674175,0.8817046057557153,1,1,0,1,1,grocery,0
213.51280802168534,20,9.769688457618601,10.6059099964801,0.990507908013639,1,0,1,0,1,grocery,0
5.376767479152697,9,1.8370903183995138,3.3545651085485284,1.0459642955911612,1,1,1,0,1,grocery,0
192.58512585289571,6,1.6144864214052457,10.300880047941988,0.31523049140813464,1,1,0,1,3,restaurant,0
77.83512590743246,20,4.167848468131074,4.402553072994348,0.6749608410970216,0,1,1,0,1,travel,0
6.132910076356395,21,5.434124220008771,4.98988123155336,1.2712920793787823,1,1,1,1,2,restaurant,0
1.0,11,0.9497355407501761,1.4527907693927542,0.7371273430172745,0,1,1,0,3,grocery,0
569.2651917384737,2,104.6629080350801,25.967859442385993,5.975548463700775,0,0,0,1,4,restaurant,1
125.82524870927877,15,4.271400232435213,3.0658995333194343,0.869595344384146,1,0,1,1,5,restaurant,0
22.16808184211213,10,9.331356802059753,4.280323203273869,0.6130548598821948,1,1,1,0,4,grocery,0
71.82854089514124,23,19.233981119249506,3.0229020828842255,2.124855225081203,1,0,0,1,10,entertainment,1
135.68661302784557,6,4.17868561668428,4.056177251862359,1.1253604468416238,1,1,0,0,4,retail,0
62.865565428002824,9,0.7355322997499586,7.145106251089144,0.9385238070219044,1,0,0,0,5,retail,0
2.5336950515024164,15,14.123893762147755,10.34730153804605,1.1343907765427486,1,1,1,0,3,retail,0
59.02326333728959,16,7.073004420031833,4.327927968772428,1.7200606853138303,1,0,1,0,3,retail,0
46.87829483099126,17,5.960735485263236,1.7830455890550634,0.8277241688381856,1,1,1,1,5,travel,0
26.18376929200963,9,16.848996667206645,6.67085420953792,0.913784184072407,0,1,1,1,3,grocery,0
46.323067082762094,15,1.695259524042757,4.211560461176313,0.7115733395302937,1,1,0,0,1,retail,0
20.985538620048313,10,10.176862797145244,13.431769722763336,1.0043253131040184,1,1,0,1,5,retail,0
113.43157396589866,19,1.1372800453562655,2.644918570221333,1.3076145965916548,0,1,0,0,3,grocery,0
156.54853545306432,22,6.65509629664469,4.989864580023677,0.8324026740326717,1,1,0,0,1,grocery,0
1.547306317831321,20,2.2320434460412475,1.5451791405352782,1.153050621148955,0,0,1,1,1,travel,0
20.21149473229115,16,4.732444760275937,11.369349544100345,0.9486335143761218,1,1,1,1,5,restaurant,0
20.351711029675513,14,7.701885312719856,2.347792323269689,0.613362700986863,1,1,1,0,3,grocery,0
85.59152804927551,13,4.3127153679015064,0.7834004394981635,0.907358845516399,1,1,1,0,5,restaurant,0
81.0466706397456,11,6.659381047643263,7.615930763869639,1.0288151311441383,1,1,1,0,1,travel,0
4.300156294286495,9,4.132659891720907,0.6172733807585163,0.7498757298301628,1,1,1,0,3,grocery,0
74.58324828664163,23,42.26599637374062,76.82527854575174,2.109996998983046,0,0,0,1,5,online,1
100.3424028734061,10,2.213061034377383,6.136753583357335,0.9743935957093915,1,1,1,0,2,grocery,0
49.88017708127897,21,0.1,3.000394820462477,1.4905324243906986,1,1,1,1,3,travel,0
98.27179627140146,19,17.113035308902113,3.4978219109749453,1.0198184032974351,1,1,1,0,1,grocery,0
1.0,22,2.488283083426461,11.534633894504474,1.064646848976673,1,1,1,0,2,online,0
221.8715556211867,14,14.048916868802113,10.825545069297666,1.0365045779529782,0,0,1,0,5,grocery,0
51.49233357082342,16,0.5776851664301447,1.7397870267427398,1.0402515427982748,1,1,1,0,3,restaurant,0
7.419970752063788,10,0.9806241366396141,3.399206947163789,1.248176630043648,1,1,1,0,5,travel,0
346.7317071669856,7,6.443889349826087,2.2998262083406305,0.5333101438509036,1,0,1,0,3,online,0
1015.473081251957,1,5.0,1.7121845713820028,4.6953430183753095,0,0,0,1,5,online,1
5.13776099792582,15,11.231357274412996,6.0423887213129674,1.6064879920061097,1,1,1,1,5,retail,0
118.03563021805225,18,7.68692801155769,5.027829951937292,1.2136260072469685,1,0,1,0,1,grocery,0
95.03340499363709,13,1.0228128128803107,8.42583513016751,1.1064343209794558,1,0,1,0,4,restaurant,0
32.2774525216331,11,6.989147362978722,2.652486106603942,0.6952444758306195,1,1,1,0,1,restaurant,0
90.42649554950279,16,26.260700829266792,1.9482186740937073,1.0824120588200223,1,1,0,0,5,grocery,0
351.99823832898414,8,3.03689364105161,1.0738264043797465,0.6470986560279852,1,1,1,0,5,restaurant,0
78.17859770404671,9,2.9911348079948095,0.8169228937363605,1.2009221876986844,1,1,1,1,1,retail,0
38.709907361707046,14,16.901043363889322,2.103180058011344,1.3642683203284403,0,1,1,0,1,entertainment,0
43.88112401575361,19,10.588218516313102,4.163846248233935,1.8230948376967138,0,0,1,0,4,retail,0
215.35496967421494,23,5.0,43.179015062780074,2.2342154347094954,1,0,0,0,3,travel,1
30.569594604311725,7,32.49538692854727,3.3757660225594894,1.0967024906218517,0,1,1,0,1,retail,0
87.55516124150205,11,9.59765217530596,1.1011978486159153,1.130072338735963,1,1,0,0,5,grocery,0
63.295633070685255,18,1.3146711105521418,7.846946386755028,1.0236773803399368,0,0,0,0,2,entertainment,0
65.3466212633484,9,17.214469157408104,1.2922918014388718,1.0654463795262352,1,1,1,0,4,restaurant,0
121.3849160489071,14,7.079837871518904,2.651930923607224,1.1463558438309565,0,1,0,1,4,grocery,0
28.810990074223138,14,44.471916435472366,1.9395743609014673,1.0939256841820293,1,1,1,0,2,restaurant,0
7.658048843878021,20,0.6655970525204546,7.995031528997329,0.6409261111756084,1,1,1,0,4,retail,0
6.8096687755881256,22,3.7492990407956595,16.75415879480936,1.151076277277178,0,1,0,0,2,retail,0
92.69221075215418,7,15.661148827133616,2.727564079948921,1.4777170875162802,1,1,0,0,4,grocery,0
30.345024169332703,6,13.280775617527894,11.756128395909432,0.7370607769715376,1,1,1,1,2,restaurant,0
43.48645841087476,7,4.403627549064551,14.922430863847087,1.3205153619742516,1,0,1,1,4,retail,0
66.88850592179206,18,1.673077821595589,0.503774503930277,0.7860113675363208,0,1,1,1,5,restaurant,0
5.43617525074167,14,11.037153289144792,0.4454057352055366,1.441819739356835,1,1,1,0,3,restaurant,0
64.5687730986679,21,3.4422325784877508,0.6986320536690817,0.8529065594850133,1,1,0,1,1,restaurant,0
55.1636086978747,18,9.576385379353653,8.600371534792124,1.4307391090575399,1,0,1,0,5,retail,0
356.6849316015023,17,3.7216081665202294,0.24584440072756514,0.7716462742715565,1,1,1,0,4,grocery,0
205.31965765179493,23,76.99230680380667,192.6918174631372,0.567376714694726,0,0,0,1,5,online,1
46.04379946919151,15,17.658520857599907,2.654822421914263,1.265594376511494,1,0,1,0,1,online,0
4.295618624464855,7,6.477351360197564,3.3249350664978614,0.7009864385247478,1,0,0,1,1,restaurant,0
224.84933471457674,8,3.8408389718377665,2.5185290657040897,0.9803475034241524,1,1,1,0,2,retail,0
269.22465680243295,6,2.5489054255614536,2.4769451231346,0.6395269677144265,0,1,0,0,2,retail,0
27.858848123663876,17,8.558677913172485,3.4877534470826266,0.6028453525997504,1,1,1,0,1,grocery,0
103.46626235994408,22,24.283818753972955,8.779828700984526,3.7714594392712515,1,0,1,0,9,online,1
78.07006545700249,11,0.6655025631110879,0.9234132728448147,0.9999662881054825,0,1,0,0,3,grocery,0
243.36558025723872,10,3.2808056410228263,0.1,0.8283195319475207,1,1,1,0,1,retail,0
61.214822238701,4,60.25980883414738,4.919981680857957,3.369537997879798,0,0,0,1,12,online,1
50.0,4,140.51598921626126,57.12948570561361,3.60040735804548,0,0,0,1,6,retail,1
1157.9155701607187,2,151.75710750863533,5.727708808079301,5.056051217054467,0,0,0,1,8,retail,1
18.031180597041768,9,16.82329487113439,2.43802091832365,1.2779813216177494,1,1,0,0,5,restaurant,0
20.246565418548272,10,31.580525844471946,1.1032379330132138,1.2557596362654864,1,1,1,0,2,restaurant,0
52.86146970614457,10,8.699231098066697,3.4344724049102595,1.7408501184033585,0,1,1,0,5,retail,0
59.42981561299888,21,11.85559866134004,4.230709526527096,0.9921361970549952,1,1,0,0,3,entertainment,0
38.12605245237657,18,2.343195637405407,11.469258194759727,1.012134403103293,1,1,1,0,5,online,0
71.7022666792763,15,17.436345028827226,11.203411142175458,1.3099086245387817,1,1,1,0,2,grocery,0
18.869714248299264,21,9.627759972388466,2.0225079721669914,0.7461614510711982,1,1,0,0,2,retail,0
51.42891241587666,20,4.699199803262663,7.3368122553376915,0.5165551684373281,1,1,1,0,5,retail,0
73.46184550042264,9,21.14187251651802,0.10729549998658675,0.4845042187768932,0,1,1,0,4,travel,0
85.40307179329913,8,26.66307985136268,15.279762638455681,0.6947981430209537,1,1,1,1,2,online,0
118.3261328174645,6,5.115004134020442,0.9468822453719548,0.971645315451589,1,1,0,0,2,grocery,0
102.98054343257286,20,7.3718569502507005,3.4069433503275115,0.9972439833745845,0,0,1,0,2,travel,0
113.63270267273552,14,75.06543626603944,0.6611389646359832,1.1257839158875085,1,1,1,0,3,entertainment,0
16.39191561365592,17,8.019229652740606,6.023365497213705,0.8589394224645098,1,1,1,0,1,retail,0
40.50517049678915,16,3.234879815288259,14.971164088946738,0.6517424794010702,1,0,1,1,5,restaurant,0
14.40010607279444,13,9.060541505490951,6.509420729659439,0.7518846337249664,1,0,1,0,1,retail,0
10.49176140445416,22,3.904290834276919,0.4326309525326338,0.988101180058599,1,1,1,1,1,retail,0
2.5315633169043044,22,1.4296846091148805,1.9372637862426547,1.3126739041298232,1,0,1,1,4,grocery,0
31.09798090049086,13,18.614721578708277,6.456614121780784,0.5069574992908416,0,0,1,0,4,travel,0
193.83498516548553,12,0.1,10.637978273229582,0.9373547289004989,0,1,1,1,5,grocery,0
68.95021803365849,6,23.600509204061577,1.5208726793465457,0.2001864065378789,1,1,1,0,4,retail,0
28.07043027111543,15,11.759659573350568,1.8422492243689368,1.0726131682957267,0,0,1,0,5,grocery,0
50.0,2,77.47212660535172,15.393251181045798,4.3715285003673054,0,0,0,0,3,online,1
95.263632193707,16,6.19861079430183,2.1743007492734376,1.377357891442763,1,1,1,0,1,grocery,0
113.93382434412436,20,9.918827028299944,2.491617912113914,1.4469482035519066,1,1,1,1,3,retail,0
18.9826264647481,19,2.510749080159098,4.574630483563026,0.6996614004122261,1,1,0,0,1,entertainment,0
30.40204888454296,16,22.887986407022947,9.592140053336635,1.2367093618990659,1,1,1,0,4,retail,0
66.75632860347731,15,12.125984651548542,10.46193427776178,0.7696976252395216,1,0,1,0,5,retail,0
105.1882851578396,8,3.5049205721300822,8.536550335497546,0.9496685420996899,1,0,1,1,3,restaurant,0
63.59684167858235,21,21.47261787841192,7.392312849545155,0.14539101049165926,1,1,1,0,3,restaurant,0
74.65790362665336,8,6.40746136784538,5.461466437720821,0.9076767867801288,1,1,0,1,3,retail,0
114.89747472671114,7,5.017380321869021,0.2757314791028463,0.6314586199835258,0,1,1,0,5,restaurant,0
8.255210976138152,11,1.6145819165488953,0.4481113087327288,1.1857357150924053,1,0,1,0,4,travel,0
8.73118399807005,12,1.138883543459859,6.485643927835297,0.8972848061468921,1,0,1,1,2,entertainment,0
33.98403409704851,20,17.652883795589943,5.295701526139725,0.6436621387458754,1,0,1,0,5,grocery,0
42.906132546720094,9,29.9148333923379,0.4673079420904481,0.9252437006237528,0,1,0,1,5,grocery,0
60.762360188245516,8,6.259359502560523,2.923059420179051,0.9613551930098243,0,1,0,0,2,entertainment,0
211.86340756347423,15,7.984832123268753,5.010412900598725,1.0134963530728303,0,1,1,0,2,online,0
166.58813530132437,11,3.292050186611293,2.7513873629981207,0.8958664262988136,1,1,1,0,3,restaurant,0
80.44083016078181,6,8.94281715132586,0.6237897162368231,1.2641903048574492,1,1,0,1,4,entertainment,0
17.332551086348975,21,2.364617132286178,7.910832084893249,1.1517467220001192,1,1,1,0,5,grocery,0
105.47728930506543,12,0.1,3.556623492076553,1.1261782955658957,1,1,1,0,4,travel,0
150.73213614033003,19,7.668332574855205,0.5971210506329347,0.811374520227901,1,0,1,1,1,travel,0
74.51173379457327,20,11.078996359375772,0.8872107371747551,0.7568546217761166,1,1,1,0,1,entertainment,0
107.92282141429361,14,14.262255908239682,1.954733657436625,0.8479295974731643,0,0,0,0,2,restaurant,0
58.23911540841952,22,24.22294420048063,4.977904591350175,1.1637821317601929,1,1,1,0,5,restaurant,0
182.59487409744986,7,3.601887957642664,3.5726237209588367,1.5134477279964083,0,1,1,1,1,retail,0
885.3099111124875,5,189.10195663019687,52.628553991823246,4.258321072738809,0,0,0,1,12,online,1
23.010190581331504,15,3.7274148918261627,1.8098132318905087,0.5230499832211661,1,1,1,0,2,grocery,0
484.6584984625036,1,30.679397656416086,317.0084871426616,2.6435278721169793,1,0,0,1,3,online,1
28.058167401894476,14,1.7374718262769147,4.281310733474416,0.8595579143474305,1,1,1,1,2,restaurant,0
79.93325992712508,12,12.11042905935824,1.2407188678541914,1.003636366927635,1,1,1,1,1,restaurant,0
23.252052264418044,10,37.90711739386283,3.2110432549146433,1.112421642448759,0,0,1,0,5,restaurant,0
182.57186310623626,15,2.0761392612571132,3.587335082331045,1.1208976561386401,0,1,0,0,1,grocery,0
63.35706073649214,21,24.300614812212462,2.0446083197184612,1.2137601398230877,1,1,1,0,4,entertainment,0
308.98671743810576,18,5.835451039941199,11.827884819658266,0.8410135819987881,1,1,1,0,1,entertainment,0
104.60108810520303,20,1.352765445917234,10.630939930716037,0.9384062836491956,1,1,1,1,4,travel,0
42.6651229070142,8,8.638103444919741,10.919781060393392,0.7801453464667496,0,1,1,0,4,grocery,0
174.1434952083896,7,15.760782649590618,6.586979993478746,0.5430320073241293,1,1,0,1,1,entertainment,0
22.680015905164147,14,2.3563047353715394,3.329732114994031,1.7109714797127613,0,1,1,0,4,retail,0
75.44091675416398,8,23.553758200351705,4.988911093927988,1.0971516711634255,0,0,1,0,1,restaurant,0
6.393014810729854,17,7.1560611801535625,3.1068037258394927,0.443937676745641,1,1,1,0,4,grocery,0
54.468093458492255,15,1.193444565804366,1.188645988464922,1.1330191538821877,1,1,1,1,1,restaurant,0
30.2922316573486,22,6.454234034136366,5.9133514027697744,0.978156016647225,1,1,0,0,1,restaurant,0
18.437748029645885,14,0.7367631241049819,8.585910750044576,0.9134952820744678,1,1,0,1,3,restaurant,0
317.1895651355758,6,3.9099763238987597,5.20024665221594,0.9283210656316355,0,1,0,1,4,retail,0
7.962550794519029,7,1.7734017179044277,2.3787529130621317,1.2172791216642862,1,1,1,0,4,restaurant,0
70.6717992713391,19,23.15212454638403,0.8906562784802351,0.9288930438638567,0,0,1,0,5,restaurant,0
27.107086527362277,17,8.983789100024296,4.033229484917195,0.7832337662711046,0,1,1,0,2,online,0
99.8658289512094,20,10.66009232964011,0.1,0.596336838289999,1,1,1,0,5,grocery,0
58.524110877491935,14,1.045756529618191,3.6265525827559726,0.8910616576812787,0,1,1,0,1,grocery,0
90.43812185269613,14,0.182754201046906,11.142355659461174,1.0550872455803821,1,0,1,0,5,retail,0
48.98442697043514,18,0.1,3.3375578556065566,1.4125705146523082,1,1,1,1,4,entertainment,0
214.6463771651496,1,151.66584493267493,40.500253425751026,4.248942089597315,0,0,0,1,13,restaurant,1
1.01501352983485,10,0.5140596382921729,0.29712195107276607,1.3880878889763566,1,1,1,0,4,retail,0
5.985154370770108,12,0.2247123718057833,2.469411666072067,1.3556489232857944,1,1,0,0,2,travel,0
47.863949867816025,16,9.0511396351713,1.926526854892662,1.376750927642786,1,0,0,1,4,retail,0
11.436676684075556,22,10.45498177304227,5.531076423777844,0.24106068565650163,1,1,1,0,3,retail,0
21.021556422643872,14,15.427995536367876,2.196907042526613,0.6060978810485855,1,1,1,0,4,grocery,0
28.851783379006154,18,3.3193944770689905,0.18545589920832312,1.3442158254665424,1,1,1,0,3,restaurant,0
163.3387982447269,22,11.471186901069865,0.38955552016666983,0.9813761234840939,1,1,1,0,3,restaurant,0
30.618457313465477,20,8.09326431303269,4.393791163512405,0.7617694043648823,0,0,1,0,4,grocery,0
11.835553075142315,15,1.116212345242365,1.570174444398615,0.9324138777004201,1,1,0,0,1,grocery,0
463.0450674112028,5,45.01535583590989,48.44881726820176,4.187916789345645,0,1,1,1,10,online,1
188.58174445079,19,16.111414009162825,5.332537441302994,0.8967721815888041,1,1,0,1,2,grocery,0
71.48498591554615,12,6.178355909244897,3.515418226786375,0.7833565969626644,1,1,1,0,4,entertainment,0
126.02003712092859,0,354.48904358775076,29.489655552686894,2.6602367184089317,1,0,0,1,6,retail,1
33.440405992174234,20,5.30452145358667,8.130914833477501,1.2221918768585602,1,1,1,0,2,retail,0
170.20370544417227,18,15.150531464056005,0.1852437034560971,1.0192239740162103,1,1,1,0,3,travel,0
279.02583992583004,5,47.29152710875287,30.165392212631335,4.721081382211077,0,0,0,1,9,online,1
100.74493797184812,9,14.311811245131418,8.324543606772094,1.205544577687991,1,1,0,0,5,restaurant,0
33.28789611307636,21,2.398916687638852,1.279999558207249,0.8624146917637814,1,1,1,0,2,online,0
17.521023395766612,17,3.043942597587521,3.3635918975541617,1.071695780701802,1,0,1,0,3,grocery,0
166.6628717292298,1,40.47609106354595,44.45716610341768,3.14501662411225,0,0,0,1,11,online,1
10.398316761712042,12,0.34406825911279204,7.061642360129136,1.0635173817172783,1,1,0,0,5,grocery,0
141.6831423080202,4,14.810397303111849,14.456158184615889,4.984680866230108,0,1,0,0,10,travel,1
116.80030742684357,19,17.687859567486115,0.24353154277879072,0.4702946248706842,0,1,1,1,4,retail,0
57.25255302435562,8,12.363848327821943,2.270025568749128,0.7288330769271911,1,1,1,0,4,grocery,0
28.54166250024305,14,0.1,5.1175811531570545,1.0604957254302243,0,1,1,0,4,retail,0
467.30382716354615,4,20.624553643384765,29.162052177117147,4.50202715721162,0,0,0,1,9,entertainment,1
20.412760914037122,7,7.331509588111681,4.249685376497808,0.9713229879388804,0,1,1,1,1,entertainment,0
82.3751014200188,17,12.690797192360632,0.20726316436241937,1.2687812183623453,1,1,1,1,5,restaurant,0
85.08488614634845,11,32.717084093455846,3.040507788050136,1.1201939050856067,1,1,0,0,5,retail,0
195.612068763185,13,41.03983213118869,1.1931048599615355,1.1289372177301606,1,1,1,0,4,retail,0
55.8084780356905,1,62.41901387206393,133.45192929927873,3.971181240669627,0,0,1,1,9,restaurant,1
471.34111872818823,8,27.421070093467694,2.706081806008065,0.850309923161206,1,0,1,0,4,retail,0
101.65278757976752,20,13.912272635341624,5.942182446305423,1.304483354310196,0,1,1,1,4,restaurant,0
136.22704851086905,14,4.03735479633235,7.713538119443447,0.9580107788700948,1,1,0,0,2,retail,0
24.03888579938556,21,7.627643634457463,10.33571276892922,1.001745696103896,1,1,0,1,4,retail,0
3.5245200041937825,7,8.741059386505395,6.290109167985097,0.49178771640716834,1,1,1,0,2,restaurant,0
264.9765805848533,0,31.181824406572044,48.21306426511522,2.978211402666325,0,0,0,0,8,retail,1
50.0,2,238.42571582180176,14.720054667350446,2.835539959549728,0,0,0,1,12,retail,1
112.37927216291078,17,27.429422551598567,5.431084193360176,1.2766889165952962,1,1,1,0,4,retail,0
53.305626483785545,16,2.155181976032581,0.155897781717656,1.0279913604369288,1,1,1,1,4,entertainment,0
10.875703657563463,9,19.32372836721885,12.369936753738674,1.0129701626297387,1,0,1,0,3,retail,0
410.36146069820177,5,5.0,175.16641505930312,2.3136996171434414,0,1,0,1,9,retail,1
83.87360399088769,19,7.606399150198449,0.4618556764640449,0.5620802520467956,1,1,1,1,3,retail,0
23.255229705788075,14,22.90253697937114,19.44147398151729,0.974373407278861,0,1,0,0,5,retail,0
78.40250852000918,22,31.381029256404837,6.571841874899178,1.2266794586674032,1,1,0,1,1,restaurant,0
89.36604267518467,17,2.520036688846437,5.667253449938902,0.4861383857096726,0,0,0,0,2,online,0
72.94910243670087,18,18.582604445574972,1.1420310152338535,1.0298967853284522,1,1,0,0,1,restaurant,0
41.331785119049364,11,0.7969591853323623,3.014297519218952,1.332254254248426,1,1,1,0,2,travel,0
86.23192912614206,20,11.28951738807417,0.9698341478225669,1.4493795233264124,1,0,1,1,3,grocery,0
108.85270425285933,20,13.84780130400679,3.656701042019125,0.8126943552220176,0,0,1,1,4,restaurant,0
352.4106530705061,13,1.5113475421440508,8.736220208482132,0.9674336135122212,1,1,0,0,4,grocery,0
62.16009761285946,14,2.3469070479090846,0.1,1.4011314531423988,1,1,1,0,3,online,0
287.21496413031946,23,237.3618018571197,90.17070855009399,5.174826559200097,0,0,0,1,12,online,1
42.338525270108995,14,10.837759619845826,5.398512754824405,0.7357446456260438,1,1,0,0,1,restaurant,0
140.10989764193152,6,18.965297264036188,10.25865005645819,0.9461830660374131,1,1,1,0,4,restaurant,0
36.7409362168081,16,2.3719236280479947,1.9785342042949086,1.3332516894651048,0,1,1,1,4,entertainment,0
4.04450948160779,20,1.3575389665959545,0.9619038834201216,0.9155412838891676,1,0,0,1,3,grocery,0
279.7229087776853,22,82.82402312721372,4.834755865192774,4.6538131053645255,0,0,0,1,4,online,1
7.164069685112635,6,2.2897744750054376,1.5195378268582618,0.5780104377903899,0,1,1,0,5,entertainment,0
121.16077853201068,20,12.24093117503603,4.806830420053189,1.227974889495507,1,1,0,1,1,retail,0
4.245207672824752,21,14.897023393960227,1.2816400161446808,1.0993406310031515,1,1,1,1,1,travel,0
289.96000780411356,4,153.8293854953471,21.189404560020737,1.860409755253758,0,0,0,1,6,entertainment,1
20.77119644553317,20,1.896254142777194,1.1504114181787422,1.144360324032147,1,1,0,0,3,retail,0
2.6385121670842433,21,14.169571239345565,6.328728774636886,1.0993024703592877,1,1,1,1,5,retail,0
21.856732609018877,15,21.802591287218462,6.514726871620641,1.1431151787896334,1,1,1,0,2,grocery,0
4.488845743051883,9,2.6113157122864203,1.5277085575097376,1.0252014362444355,1,1,1,1,4,grocery,0
2.934680448906168,16,20.081463724118215,0.5314240404351294,1.0761427414719222,1,1,1,0,1,grocery,0
112.4634451779093,21,12.18855743360145,0.6598325319492169,0.7983638393471605,0,0,1,1,2,grocery,0
70.25197690984653,17,14.977510286059356,2.167835639848891,1.5016799247582,0,1,1,0,2,restaurant,0
71.78776975527273,19,5.638236027684984,2.1194761232869195,1.1507264197296545,1,0,1,1,3,retail,0
29.270570233178987,13,6.726072396759994,0.1,0.8415599700585726,0,0,0,0,2,retail,0
571.0001940203183,23,121.33060096435159,45.89160858555808,4.512158663701675,0,0,1,0,3,online,1
194.23836290848038,8,13.132906707122988,6.306394420499326,0.8866462155256613,1,1,0,0,3,grocery,0
3.720916939478478,17,14.649619251324914,1.510200271277242,1.07498807031448,1,0,1,0,3,retail,0
74.4513049440259,6,4.947831327096345,3.471361201190595,0.924514607261945,1,1,1,0,1,restaurant,0
786.0146186195565,4,5.0,1.0,6.206446411278766,0,0,0,1,6,travel,1
79.87480041642051,19,34.66249300748088,5.793340227456298,0.8511223351467931,1,1,1,0,4,travel,0
105.07414473002777,21,16.1667249236034,0.12284452953240088,0.9041371703830763,0,1,0,0,2,restaurant,0
62.22863367479957,17,20.448131550293027,2.341353875274363,1.089873243141865,1,1,1,0,5,travel,0
95.6463731497587,7,51.45388864430246,0.5382662850165113,1.058755193082235,0,1,1,0,1,retail,0
24.1802705194899,11,3.0356970255016567,15.826626895383654,0.9003093497988401,1,1,1,0,5,restaurant,0
330.346806686101,2,49.75387499754491,77.48861945715258,0.6025511868533471,0,0,0,1,6,online,1
47.061582394271745,16,18.777824179431583,1.9055920774002757,0.39717427267563143,0,1,1,0,3,online,0
116.83348941125246,18,15.484638897273053,0.6825270923379234,1.4210344898555252,1,1,1,1,4,grocery,0
90.31348975348772,21,38.776214539477905,8.067964106462258,0.8838591830490585,0,1,1,1,4,online,0
38.237696791969185,22,4.099773535249585,1.7469560503968093,1.225814303746871,1,1,1,0,5,restaurant,0
12.591147182852518,12,4.155294848297919,16.21788692237545,0.9483726484555495,1,0,0,0,1,grocery,0
226.11717210161618,23,69.6041603376258,21.44807571430842,5.067550635888224,0,1,1,0,9,retail,1
95.26647163017643,10,11.593217523913172,3.824373805764003,1.2845391811369395,1,1,1,1,2,online,0
56.89821871503237,19,2.944508657593739,1.8172877126064735,0.8333545094992041,1,1,1,0,4,retail,0
173.65775342785238,23,135.4168406621016,32.860920635308375,1.6901702637367877,0,0,0,0,6,online,1
13.27106340718607,12,10.490591263911817,6.419344048763108,0.6617491726052454,1,1,1,0,1,restaurant,0
56.58936796469057,14,8.599571565993694,23.967322868711477,1.0824985996106191,1,1,1,0,3,grocery,0
50.83498715388952,8,2.54082811012706,0.15249095404823504,1.1482181950440582,1,1,1,0,4,restaurant,0
23.777499274128363,12,14.26967443000052,6.700050537001484,1.0849135821276406,0,1,1,0,5,retail,0
19.00455484989039,18,11.208004523836921,7.017145316214679,0.9461982641699891,1,1,1,0,5,grocery,0
423.4790974170848,1,94.15780445267616,19.347949773372598,2.5747867227035375,0,0,1,1,8,entertainment,1
93.93700220541753,13,13.131768388048677,3.047492694267682,0.8846644726611351,1,0,1,0,1,retail,0
226.79653233233526,11,3.4849479008244435,0.8048463120407063,0.8135971883907207,0,1,0,0,2,online,0
62.62340325785171,22,23.68072962938564,58.95439457400249,2.9523714543680923,0,0,0,1,6,entertainment,1
210.68972032929875,7,20.99223795775515,3.054178252066144,0.8766499853718246,0,1,0,1,4,grocery,0
70.04872437092789,18,24.52503729668965,11.43667723473644,0.6703480595368292,1,1,1,0,2,grocery,0
42.709189869534185,9,2.1366756713406647,5.4346196566178815,1.2899820767673873,1,1,1,0,3,restaurant,0
153.92535659208843,2,120.0338454007098,99.69964766740172,1.9504482613548912,0,0,0,1,7,entertainment,1
498.5100959135711,5,138.65391942422477,39.42133284926888,3.9117073737164683,0,1,0,1,4,grocery,1
17.240132800654195,19,12.095715044553303,9.835792435735062,0.8391995609276044,1,1,1,0,2,restaurant,0
16.870401177334237,12,4.960501197236364,1.515633571176982,1.3115567062329272,1,0,0,0,3,travel,0
48.654618929847246,7,1.4222376754154062,2.4585789822108763,1.3949884159561123,0,1,0,0,2,retail,0
36.143486007881435,18,18.22295015478688,3.5169883059372737,0.7709600857035601,1,0,1,0,4,travel,0
99.93010754532796,10,3.0893792844517582,10.108884110168397,1.395291182988456,1,1,1,1,5,retail,0
226.08032007355956,15,27.6094688610906,3.4640477131935397,0.3823171483938558,1,1,0,1,3,grocery,0
235.66474616747072,1,235.87188368012679,14.985929976209134,2.458991672385647,0,0,0,0,11,online,1
50.0,23,5.0,6.128475286967478,1.5292175965711954,1,1,0,1,14,travel,1
125.88837511295878,6,0.8857295222244137,17.511557799638368,0.89838168577795,1,1,0,0,2,grocery,0
142.55916897113116,21,12.298185571806314,2.1780734295990407,1.2183200495775803,1,1,1,0,3,restaurant,0
4.494685532519753,12,7.713913059604004,9.612633569582725,0.7498718960802875,1,1,1,1,1,retail,0
134.08939513999383,22,1.3913888675819617,0.1836299006690753,1.2348520089434964,1,1,1,0,3,travel,0
53.26287264330409,6,14.404966012093304,0.20772988863842015,1.365682446369361,1,1,1,0,5,grocery,0
199.41598748301132,11,0.1,2.5889475902198136,0.5073129413074652,1,0,0,0,2,travel,0
152.6174895433432,22,21.162847336939453,8.514384662424053,1.1724332020213175,1,1,0,0,2,grocery,0
36.30805957497593,20,24.36776953721442,2.9376473136827865,0.8720252191560465,1,1,1,0,1,grocery,0
167.72406523483681,18,10.530437224266034,0.1,1.123225538423935,1,1,0,0,5,grocery,0
54.42583397247624,9,1.1175342675612023,0.6506671676237574,1.0997696068508929,1,1,1,0,5,retail,0
8.485526087847074,12,0.7181038996697244,3.450537467843505,1.1223002305733034,1,1,1,1,3,restaurant,0
255.28504327541935,7,8.860656290661796,1.7700433942279967,0.849907219193687,0,1,1,1,5,retail,0
242.61126389430524,19,22.073410489589854,0.4873052951604475,1.1502434763829381,0,1,0,0,4,grocery,0
89.72254750639713,14,0.9416834969877973,2.55515316281485,0.688808634965921,1,0,0,1,4,retail,0
124.43915761290809,15,11.215952266282393,1.688973785377716,0.7174507344249061,0,1,1,1,1,restaurant,0
53.81175252340576,19,66.10557580700433,5.744168886679733,0.4721815154268948,0,0,1,0,4,grocery,0
68.84073689834129,18,4.9851952273012685,3.3318783697703895,1.2471774186149642,1,0,1,1,1,retail,0
91.18271890793422,17,15.370994528371398,4.637275565758387,1.1014897382375344,1,1,1,1,4,grocery,0
21.282041855361115,7,6.397541684097412,4.5462573203821295,1.2030956064915699,1,1,1,0,1,grocery,0
50.0,4,114.86538623420162,10.106342162234345,2.2087871213438746,1,1,0,1,10,travel,1
13.725821180200182,12,6.510122481654664,5.812437012401576,1.0156513570005128,1,1,1,1,1,retail,0
160.1569568095902,23,5.673519509119274,14.594512340725089,2.8428763867459796,0,0,0,0,6,travel,1
487.9917849816838,1,110.85194265217561,22.35000794352044,2.275928269657073,0,0,0,0,13,restaurant,1
34.87628276933867,6,7.2703596501079755,2.155891084940509,0.953289600559749,1,1,0,0,2,online,0
172.73898489347476,18,11.592759670890674,9.129645498181919,1.7557104753284953,1,1,1,0,3,retail,0
100.15020929355403,13,3.134116644628419,3.2102482990831556,1.280148165468208,0,1,1,0,1,grocery,0
5.073215608859129,19,6.486325717723665,1.8614690792569064,1.087702088469011,1,1,0,0,3,retail,0
131.46648941852757,13,6.498635680023774,14.96227642089356,1.4382157592725333,1,1,0,0,4,travel,0
21.908844171366162,14,25.41939478743659,5.664589364275882,1.2111415364091354,1,1,0,0,4,retail,0
184.93630763208304,22,7.249267934578633,1.2243255193669462,0.8816954738714571,1,1,1,1,2,retail,0
9.758661771530836,15,30.12696032526585,1.8636701483057116,0.8736093470844772,1,1,1,0,4,retail,0
1.9438289184684052,16,0.1,1.2112117847432937,0.8039011458804187,1,1,0,1,4,travel,0
41.59895369153308,20,11.08072014839546,4.301914621066323,0.8856490547533356,1,1,1,1,1,retail,0
36.67881467063482,16,12.606390200966583,2.820821255362821,0.5947972085699988,1,1,1,0,2,grocery,0
127.43848466485126,12,5.478334073482421,3.7930149163162215,1.4106780452264958,1,1,0,0,5,grocery,0
16.514568528604524,20,26.198163936762423,0.15821931077655296,1.147009472898773,0,1,1,1,2,grocery,0
37.76164710964985,13,1.9011600425853188,6.25947419738443,1.031984298557412,1,1,1,0,1,entertainment,0
12.691069397508866,14,1.018246149903674,11.278125847619506,1.0929275452714209,1,1,0,1,1,restaurant,0
69.41696809552826,7,6.240412923461292,3.398307014762377,1.0050711071669904,1,0,0,0,4,grocery,0
40.6071148237009,19,23.37195742148206,2.845121325796079,0.9545281395447186,1,1,1,0,5,retail,0
87.0485132834888,11,4.704962978325633,13.195340326066766,0.8623081026072337,1,1,1,1,1,restaurant,0
5.905354960242102,9,22.42031139811488,8.49260957195224,0.694884161581354,1,1,1,0,4,grocery,0
43.34869164087138,19,9.396778673086953,1.1486657167664809,0.5037831083100199,0,1,0,0,4,entertainment,0
437.85877358296693,14,1.209769461532095,2.279541162091989,0.6656967124316353,1,1,1,0,5,restaurant,0
112.47815308578161,12,3.970205251202067,0.49821607722086403,0.9890458864290924,1,0,1,1,1,travel,0
91.16625757730586,10,4.7121456774696355,10.048731087789172,0.6211235524666966,1,1,1,0,2,restaurant,0
54.5561365198522,20,8.606601057356603,2.653648277555662,1.3771755487183395,1,1,1,0,2,retail,0
126.64817784852374,20,7.582977224458584,3.0274554304532773,0.6095768148287734,1,1,1,1,4,retail,0
62.473559857599966,12,15.336969546270288,8.052446897057466,0.7326442720030941,1,0,1,0,2,travel,0
108.87942610852735,16,30.69525363105946,0.9572158074372026,1.4150993551630917,1,1,1,0,4,entertainment,0
89.009860492653,21,2.8750201228940737,13.656379778135374,1.0210435435308551,0,1,1,0,4,travel,0
24.705436508624878,7,12.790038665777386,2.1117468688390013,1.174964619645336,0,1,1,0,5,entertainment,0
191.25872020863284,17,10.350045460488262,0.20497966766605732,1.0242651608269493,0,1,0,0,5,retail,0
3.2126005456000097,8,22.579473549500406,3.25139039187865,0.9173651459963982,1,1,1,0,5,grocery,0
141.02515779575043,19,3.6709328563489088,4.091124340867158,0.916327162535592,1,1,1,0,2,grocery,0
98.46582535948754,7,0.1,5.223015102652848,0.9555452949205694,1,0,1,1,4,entertainment,0
34.575329557430805,21,2.0292622911129827,23.51510757951082,0.5454503600184716,1,1,1,1,3,grocery,0
13.458599468489998,15,20.857476310091343,9.353878825393148,0.731662909592584,1,1,1,0,4,entertainment,0
48.62592879756111,9,4.89480742893837,11.567442812337127,1.268155618458913,1,0,0,0,4,retail,0
137.21388078772546,12,0.15865810079294534,0.10312342395852754,1.1359427493012466,1,1,1,1,1,restaurant,0
46.60442199898269,12,10.592672892756546,0.9933909161945466,1.0375379285976596,1,1,1,1,4,grocery,0
22.15454679106411,8,2.0327684048395005,5.057278324801253,1.3593937507090104,1,1,1,0,1,restaurant,0
2.554694503444306,8,0.7984386733428127,3.4884568373004345,1.2790145725885431,0,1,0,0,3,entertainment,0
92.42814479318767,23,77.77701631365973,2.6108163924673202,4.829683711533434,0,0,0,1,10,online,1
5.695080501011604,18,8.021738218024995,6.672859620070957,1.06314373715083,1,1,0,0,4,restaurant,0
79.73973654411932,11,3.178036865969032,2.2860855338362924,0.8490075031635402,1,1,0,0,5,grocery,0
1.0,16,38.08180652815642,3.4238803309592445,0.890072713287539,1,0,1,0,4,restaurant,0
37.57788379458441,6,3.537856253948938,4.994025281979742,0.8605990289264405,0,1,1,0,4,restaurant,0
93.50887274889712,18,14.593775414974623,3.372050664320565,0.9792116837113339,1,1,0,0,4,restaurant,0
369.17255391217253,23,52.25380442032056,25.61829154236195,3.041936024859294,0,1,1,0,8,online,1
39.25910960281196,15,7.888679231394766,6.343966368646816,1.1374039423434419,0,0,1,0,4,grocery,0
21.64716062015252,14,13.986222230626336,3.299957761344068,1.284832802668964,1,1,1,1,2,online,0
35.433567155869376,22,5.813915767808422,2.9670863598196155,0.8670770191142326,1,1,1,0,5,entertainment,0
32.52272014411846,19,6.037310001126066,0.6600777815961166,0.720765596795821,1,1,1,0,3,retail,0
1046.4470997223573,23,49.28391424005304,43.69978578855927,3.6370730712131163,0,0,0,1,10,online,1
53.772332715198054,21,25.290165183842987,1.2625897293933153,1.0679852312379783,0,1,0,1,5,grocery,0
3.953039911544055,12,0.9794494394192689,3.3258732874508907,0.9473229289916313,0,1,0,0,5,online,0
68.99669849219418,14,4.331189114998518,3.4323896697376597,0.9069035238299936,1,1,1,0,5,grocery,0
88.16257436107296,22,1.4219599825776663,2.409094823448658,0.3421485143861369,1,1,1,1,2,grocery,0
43.04944211527803,13,22.08697402387871,4.428516391991254,0.8280116938640305,1,0,1,0,2,restaurant,0
52.73175039351517,22,62.33071993115012,76.33694173663515,1.1184721664871793,0,1,1,0,8,online,1
18.350963394994075,21,7.635896392778144,0.28292432406457524,1.0696030312479383,0,1,1,0,1,entertainment,0
156.091851210682,19,13.146137084378376,6.7148561697587725,0.7946009401627162,1,1,1,0,5,entertainment,0
159.51126529683845,3,269.16697744046337,4.673456239930206,3.412613613716884,1,0,0,0,4,retail,1
45.96284445957204,17,21.266590406437842,0.7020531324350134,1.185634370689948,1,1,1,0,3,grocery,0
4.341855135882476,15,7.587374153323702,0.917935703759674,0.9912381738744632,0,1,0,0,3,online,0
280.88421715872084,0,34.7958406923896,83.12060366078029,3.721103195942563,0,1,0,1,5,online,1
8.450672117499732,8,62.50885016757667,3.692075358752196,0.8598896015307153,1,1,1,0,5,restaurant,0
253.16362234292893,22,6.116909313099127,2.287068614874614,0.5675604396691762,1,1,1,0,4,retail,0
105.68859745869722,10,15.980229630731335,8.413548676004902,1.6321364374944722,1,0,0,0,4,restaurant,0
386.7831564074243,0,261.7966798118066,9.016609722148242,1.817931049112729,0,0,0,1,9,online,1
56.28922624654689,9,13.392123532412674,0.6159239150382866,1.189573526089076,0,1,0,0,4,restaurant,0
59.56354836348832,11,16.914703637279068,3.53590155337006,0.7600300925448193,1,0,0,0,2,entertainment,0
90.55975623063273,15,15.889703796543904,20.477510570301934,1.2420529191110028,1,1,1,0,1,retail,0
129.14827808500144,13,0.11771641511952242,2.1969326056377527,1.256783489727972,1,0,1,0,2,restaurant,0
77.407002833515,19,13.859641039476728,6.809808978568702,1.339548248592432,1,1,0,1,3,grocery,0
27.903998020986652,7,1.7467081733063132,7.8838859470596825,0.7214293564599077,1,0,1,0,5,grocery,0
223.00591299816048,5,65.99843283864261,115.11863348703466,4.710670249793746,1,0,0,0,8,retail,1
24.661818505626165,8,1.9361891566085947,6.179500552862812,0.9904841154883287,0,1,0,0,2,entertainment,0
81.00054691109781,18,2.355398191456033,2.2861663804502483,0.9165639237451607,1,1,1,0,1,retail,0
47.23087647052275,7,2.533093631591614,4.655052197032247,1.00508929200026,1,1,1,0,5,travel,0
35.470770077504234,19,0.1,4.956061120307294,0.9996849168032679,1,1,1,0,1,travel,0
32.612084671486095,11,10.521022698270489,3.5380276099688817,0.7325201874393974,1,0,1,0,2,restaurant,0
23.249834299691447,12,64.28346026682702,3.3652638930608743,0.602351265732522,1,1,1,0,5,restaurant,0
294.80461430551094,18,28.40530778700473,3.477578388632704,1.6294255566525582,1,1,0,0,1,grocery,0
132.91750387907763,7,6.245044593598399,2.9594745786665575,1.4676013251864588,1,1,1,0,3,grocery,0
31.278861617378414,20,17.958091365131683,4.028883447951897,1.474208060897022,1,0,1,0,3,grocery,0
14.368949297465083,20,8.54716560327097,14.1800160153011,1.1119915262250306,1,1,1,0,5,travel,0
303.38490445424554,12,13.431258046315662,12.464729600268388,1.5104622400962295,1,1,0,0,1,retail,0
75.90425346466344,17,0.9690355261201483,4.697589476057579,0.1432973616609844,0,1,1,0,3,grocery,0
70.97783915022694,15,3.3742790292343012,0.7189863855057892,0.9109369169854541,0,1,0,0,1,restaurant,0
17.778551007151872,18,24.199479821222347,1.685788540704847,1.153382722474228,1,0,1,0,2,grocery,0
8.907150256962872,11,0.6403184989342914,0.5702996844378705,1.5745646903866093,1,1,0,0,5,restaurant,0
1.933923453828642,13,7.484894342035489,8.993057745082194,0.9866955055618207,1,1,1,0,4,travel,0
97.5251925905616,19,5.337950846288476,6.030555453761998,1.2487844297978496,1,1,1,0,5,restaurant,0
5.718821598409573,16,23.30130352329748,0.620846432333169,1.5481086987416883,1,1,0,0,5,grocery,0
30.05488124984226,9,0.6953534384313,0.18051481429205568,1.100341810774801,1,0,1,0,3,grocery,0
22.653104680074666,9,0.5113212223380025,19.51903986521406,1.092805350837805,0,0,1,0,5,restaurant,0
158.26228082068778,4,14.81898964319851,3.8711538852374536,1.8798540771957133,0,0,0,1,9,online,1
13.29801608868535,7,27.93144324705466,6.1767533146182245,1.182145843450155,1,1,1,0,2,grocery,0
43.06738452437527,20,12.615949585142994,1.9689912953441893,0.6734429805147557,1,1,1,0,1,grocery,0
33.72507586553536,17,23.11359400259598,4.499065261588427,0.539012665327685,1,1,0,0,1,online,0
95.56502860264649,13,4.479442535044627,0.7146223500436005,1.0056607524670522,1,1,0,0,4,online,0
7.482419344988921,22,1.1369672547039917,2.7886223271854034,1.6483192867557244,1,1,1,0,1,entertainment,0
86.75345856142327,15,1.7542939208358077,2.484785336826728,0.778553237245267,1,0,0,0,2,travel,0
157.2059233103107,9,0.9790195324920516,8.250086050422873,1.0561237049606993,1,0,1,0,1,retail,0
115.66542626289913,5,180.15443972037875,19.085404516836434,3.269100596766681,1,1,0,1,7,travel,1
106.67922431067137,9,7.992557487436236,4.466183097256449,0.8678352076323093,1,1,0,0,2,grocery,0
11.815064865752563,18,1.761692279997535,2.199713772082315,1.3993630699195714,1,1,0,1,4,grocery,0
159.8237729572801,12,0.6152850680559564,10.60223561570005,0.6337839482839399,0,1,1,0,2,restaurant,0
95.43972457936938,21,5.188500768467704,3.0309826237873816,1.1973675077203598,0,1,1,1,5,grocery,0
48.640799393125256,22,7.030919922643148,1.6363074987506934,0.9717523441241848,1,0,1,1,4,retail,0
116.3135265805725,16,28.203815001906904,1.9864035712503698,0.5281480620833773,0,0,1,1,1,grocery,0
1.123777642844098,14,6.290166582050363,4.557714360058574,1.2439002449534964,1,1,1,1,3,retail,0
63.63006003601253,6,7.249307025018315,0.3462339597482819,0.8280548827894448,1,0,0,0,5,entertainment,0
117.8953635112029,17,6.737396480804385,1.4889007693842313,1.0262682919979362,1,0,1,0,5,grocery,0
115.27522136941886,18,11.239457539514577,2.60934076746187,0.9931963951435082,1,1,1,0,4,retail,0
177.29342683652393,7,22.313378826038527,6.9063094087658605,1.9525091591032893,1,1,0,0,1,retail,0
69.12277754255284,22,3.5144613955361774,21.28824256725949,0.7887425966581902,1,1,0,0,1,entertainment,0
89.07530268152817,13,14.311382566554617,0.1,1.1342907941763523,1,1,0,0,4,retail,0
92.52742296254607,8,7.679245234120571,10.364291058889716,0.9129356765119124,1,1,1,0,5,grocery,0
220.130785861454,18,15.650268476737676,15.24520872652631,1.5342747892618513,1,0,0,0,2,entertainment,0
25.247459714679646,15,3.9381026289097205,12.08216796873849,1.3473827415944126,1,1,1,1,4,grocery,0
17.818868970295224,9,3.269370301258951,3.333818353126482,0.916968269746582,1,1,1,0,3,restaurant,0
41.116611371748505,19,1.1316866617237906,10.726516130048154,1.0286697195561332,0,1,1,0,4,grocery,0
191.59927754074417,16,13.673488743820046,3.7829977890869255,0.6122893440725475,1,1,1,0,2,travel,0
150.16910488260746,9,1.080776662510836,0.165352526414122,0.9262128845897802,0,1,1,0,3,grocery,0
87.93641896524667,6,0.4099681599916152,0.12203910841836688,0.8324040391757421,0,1,1,1,5,retail,0
55.94673457625877,8,22.591591029529276,8.453224570362055,1.3730335205949102,1,1,0,1,4,online,0
4.269638854320642,21,4.870486824865678,3.3234400963764483,1.195748384868611,1,1,0,0,5,retail,0
137.56210440302902,11,4.684132136246609,11.046526385930562,1.5411803777353037,1,0,0,0,1,restaurant,0
225.9307733129594,21,4.804913167870933,1.6645002627144483,1.1352854400670858,0,1,1,0,1,retail,0
53.12287723148597,12,5.574568025650818,0.1,0.6666645578343493,1,1,0,0,2,entertainment,0
25.14864164639399,22,2.7432885002629903,7.872591578318238,0.6582433461705244,1,1,1,0,1,entertainment,0
13.101142655572069,21,32.077730469487115,4.214709561173442,0.7321335019272304,0,0,1,0,3,travel,0
181.64549062097305,11,8.496116844675418,4.299462829475795,0.3076439795836511,1,1,1,0,5,restaurant,0
41.81923784405049,9,30.534585428885734,5.982470857071754,1.3672510126846993,1,1,1,0,5,retail,0
9.94516926862238,18,1.8204008840484696,4.333580986512677,0.904108134847371,0,1,1,0,1,restaurant,0
138.0148683046865,21,19.718068209810028,1.3103236957593236,0.7873901907315182,1,0,1,0,4,grocery,0
39.11300584733824,7,0.1218925819218014,3.0928483727967166,1.3730207026449548,1,1,1,0,1,retail,0
32.54040087479161,14,0.29625370166441667,0.1,1.684089291600587,1,1,1,0,5,online,0
23.121451382301824,11,17.93945158070763,2.3375557809817504,0.9322280725673335,1,1,1,0,5,grocery,0
24.067175760809363,8,11.784850269739477,18.70243024417373,0.9742448844893794,1,1,1,0,2,grocery,0
6.526156261504148,9,1.26781000427019,6.09490996772231,1.1248516064804404,1,1,1,1,5,restaurant,0
118.59675411917439,7,3.6873192798645538,9.974371823713815,0.8296207344965983,1,1,1,0,2,grocery,0
191.30871363616708,23,18.891468237382668,37.58282035755851,4.883724074338996,0,0,1,1,8,online,1
214.30452507292907,22,18.110288079030575,1.5121936611579985,3.1676928803515025,1,0,0,1,12,entertainment,1
26.04634851415438,8,14.799062762292847,7.859335871166367,0.7636703051222348,0,1,1,0,4,restaurant,0
167.70461007603592,19,9.258380831652719,7.709486823115005,1.4233061101817448,1,0,0,0,5,retail,0
36.54221491385586,11,9.916798917482284,13.572405459212497,1.3555790305413766,0,1,1,0,5,restaurant,0
15.842841907001379,8,0.2346735745961605,8.72664632222779,0.6021019704417458,0,0,1,0,3,grocery,0
10.245510950277652,15,6.132530964697885,0.382145943522934,0.6789264838793523,1,1,1,0,3,grocery,0
74.17053915351026,22,12.667068257426397,14.480906936812945,0.9840529458351871,1,1,1,0,5,grocery,0
64.6584385545065,18,9.5304199919145,17.653237755610718,1.2158107711210624,0,1,1,0,3,restaurant,0
30.300830513414255,20,37.471708317006794,19.4899842635786,1.0896651331238976,1,1,1,0,2,grocery,0
114.51598862053925,15,2.2542065218886362,7.57206482893229,0.8336417466850583,1,1,1,0,2,online,0
244.8133259091478,10,0.5211851819818322,1.2539843503705674,1.2188705668063635,1,1,1,1,5,grocery,0
41.88372321989335,16,1.3979365851079504,2.563032940009813,1.1954080147026713,1,1,1,0,3,entertainment,0
131.42350608590058,19,18.401988116622633,1.4726363347474,0.5921232312317948,0,1,1,0,5,restaurant,0
26.556216533443955,22,0.6692832492682499,0.2240969791578799,1.0341922316775736,1,0,0,0,2,restaurant,0
4.757257023014523,16,35.50680888756457,1.6609916634617163,0.6523557935757064,1,1,0,0,5,retail,0
136.2055824556677,15,2.670583266843636,1.0855157849658874,1.141469838176262,1,1,0,0,1,entertainment,0
218.33771772274164,6,29.522137221887608,0.5038431894584594,0.8938822419021981,1,1,1,0,2,travel,0
83.79262383931834,18,3.787032861402029,5.7816404918148425,1.13874458448239,1,1,1,0,1,retail,0
54.10544319642523,9,17.28741721727302,7.650721833823679,0.9846553126058152,1,1,1,0,3,online,0
117.22264721650086,13,6.277172499626264,8.409523514969196,1.0797636716464314,0,1,1,0,1,restaurant,0
50.0,23,27.101178193255116,1.6602819978192938,3.797037781637876,1,1,0,1,14,entertainment,1
46.82094503746799,7,14.708908476226888,1.1054400740892287,1.3849365147637638,1,1,0,0,3,retail,0
37.37116202226107,21,4.347324625893732,5.31073649765061,0.7168189625894082,0,1,1,1,3,travel,0
21.970277417248237,18,12.330704798057324,6.272426148787092,1.2865379571697226,1,0,1,0,1,entertainment,0
717.5868703752413,4,26.10184646096971,144.940714644947,4.125797185254285,0,0,1,1,13,online,1
25.87237930464816,7,1.8131803174109071,4.3603544444428985,0.7714991555432816,1,1,1,0,1,restaurant,0
15.781656441906824,8,3.687210750597309,5.304809973982989,1.0288360535289485,1,0,1,1,5,entertainment,0
3.6832487966122045,21,12.941335383437398,2.899838629189753,1.0859656754507276,0,1,0,1,1,grocery,0
56.440557982183975,10,4.371580190978984,2.8678805170657373,1.3054170022177294,0,1,1,0,1,retail,0
28.11518533859518,17,4.254123955228915,0.3427987939391738,0.5425152922951155,1,1,0,1,5,grocery,0
12.426453584712307,16,1.9775943656838062,2.683403690861587,1.3529537386925803,1,1,1,0,1,entertainment,0
77.43464229911818,13,1.6065023351895216,0.1799539443079447,0.8684140634462946,1,1,0,0,3,grocery,0
43.82327213460675,13,20.749714307323707,1.68134825142341,1.0260168715923759,0,0,1,0,5,online,0
253.50379531455584,13,18.295987646848808,7.319509024105113,0.81954877418367,1,1,1,0,3,travel,0
399.91648607218804,22,3.498539752679954,1.0976069380036841,1.4938986475187523,0,1,1,0,5,restaurant,0
71.65969045276103,17,19.11543396334348,4.332794197182172,1.0989369121583752,0,1,1,0,1,grocery,0
44.39518071468716,17,17.768815689183562,5.800089950660344,0.9820815012690116,1,1,0,0,2,retail,0
224.8446943124029,22,13.677467259189179,6.939533300656031,4.507961728417436,0,1,0,1,8,travel,1
129.29769264521263,8,1.4787310403497416,2.8565949048009642,0.808265137883341,1,0,1,1,5,restaurant,0
17.42389286788262,15,4.64622323977725,1.2521434246386183,1.3153581176592768,1,1,0,1,2,grocery,0
451.2462860279449,4,233.71507487912362,20.976115386313378,3.1018053641978125,0,0,0,0,10,online,1
10.94504926773312,13,0.40956158809730714,3.3932201230645314,1.0659445944821835,1,1,1,0,3,retail,0
364.30528126170844,1,5.0,10.43642632570433,4.718442576932588,0,1,0,1,10,grocery,1
113.83842119278782,10,1.1965165874585224,5.413831687595044,0.5563974587193106,1,1,1,0,1,grocery,0
173.86205435704113,16,55.59887484269049,4.663382021456663,0.988443532575436,1,1,0,0,4,entertainment,0
61.35276663518752,14,19.68739407539848,2.4486893417812006,1.2326399797320173,1,1,1,0,2,retail,0
25.950500514613587,17,22.13200538760603,20.520818013323,1.002180950003296,0,0,1,0,2,retail,0
325.0963757251913,1,5.0,26.376463726302212,4.983680623937717,0,0,0,1,12,entertainment,1
64.29734605292478,12,1.0210950387790918,2.290109050682084,0.5409865450623692,1,1,1,0,3,retail,0
23.10839144998038,11,12.767768839018949,0.38771738229555625,0.9474967932679742,1,1,1,0,3,grocery,0
240.26850338471039,16,7.179082724943157,4.137646966506454,0.6539741068774039,1,1,1,0,5,grocery,0
83.68529571424733,6,4.9508095829280885,0.9847809403214737,1.1434080809930292,0,0,1,0,4,travel,0
62.47671227260135,17,4.749893243391434,7.119152500094867,1.1554001604757074,0,1,1,0,4,restaurant,0
93.10892785069268,16,4.381971324876463,4.656524506288667,0.9974849655910412,1,1,1,0,2,grocery,0
44.828448755372776,22,35.57046963265721,7.600560480621929,0.825379341577402,1,0,1,0,5,entertainment,0
105.21902679895365,11,26.045198918720395,3.755016404839344,1.5368863935586576,1,1,1,1,5,retail,0
101.88225555715889,15,9.954055454407648,0.29172558142202365,0.7175035807232847,1,1,1,0,3,grocery,0
181.1394119428985,17,2.04783064929335,0.6544032829581702,0.9713979873320095,1,1,0,1,3,travel,0
33.538511873359184,7,0.6678600279219999,2.1054164064117806,1.2085616208256,1,1,1,1,3,entertainment,0
10.622677100465497,7,8.244617705183,0.8091043653128484,1.139204717442484,1,1,1,1,4,grocery,0
108.47991357719721,19,4.1730500578836125,4.240443141721154,1.070584922216777,0,0,1,0,2,entertainment,0
88.10124025642962,20,6.569328431391171,15.224105688363974,0.5006465776387601,1,1,1,0,5,travel,0
11.461604551832211,10,7.085857370411725,1.1517609942570741,0.8747301822957677,1,1,0,0,4,grocery,0
82.61620701790378,15,4.025764314460833,6.5430556803195605,0.9136612828181988,1,1,0,0,3,entertainment,0
170.05598116975108,18,25.237434160370086,4.960979724028717,0.7521346779887326,0,1,0,0,3,grocery,0
50.0,3,37.71340751777399,40.70196968347178,2.7892033217852026,0,0,0,1,8,online,1
88.95845764391504,15,3.7815795433969908,13.810863492023518,1.0397317913077313,0,1,0,0,1,travel,0
154.88952408145042,17,8.26304534326931,1.5952899735746624,1.4229414917094894,1,1,1,0,4,grocery,0
171.34613318677583,14,7.113205637819348,7.0059414886245825,0.8006667917010286,1,1,1,1,1,grocery,0
305.3131159441971,9,0.39726406249942087,6.118698726342466,1.0919589929924807,0,1,0,0,3,retail,0
49.82223120445846,12,2.8127535979029568,4.3340188038207845,0.8367887380451686,1,1,0,0,5,restaurant,0
92.81942123558083,15,7.518683537990642,5.520939744888823,0.9343814799350341,1,1,1,0,4,grocery,0
77.84723802824684,22,7.754922475739122,6.132789509010891,1.2425716039914143,1,1,1,1,5,restaurant,0
57.044159404779016,20,4.7769757021068155,0.3125531051789947,1.4227266911684264,0,1,1,1,3,grocery,0
50.0,22,28.967324056159573,52.94518846964643,2.975835654440178,1,0,0,1,13,online,1
117.89199673173877,21,4.753838418871474,12.765248238294827,0.9281443835900492,1,1,1,1,4,online,0
224.89159461769103,5,304.7845166549995,78.43786705325336,3.2060549730973644,1,0,0,1,11,entertainment,1
131.0558656935481,11,9.681896109983864,3.2019288155024004,0.6438564201015993,1,1,1,0,5,grocery,0
231.69373462995486,9,33.3707586782133,3.2145665976868476,0.6557805652514959,1,1,0,1,4,retail,0
15.598850934499415,9,5.973543919026892,15.056064845932385,0.889860018234775,1,1,1,0,3,grocery,0
41.57926780930736,19,0.1,0.2142612760698957,1.0464569337623009,1,1,1,0,1,retail,0
55.86043350926528,6,1.4651714667405216,18.128324590312527,0.6296573687294635,1,1,0,0,2,restaurant,0
18.84693600542402,16,4.424878892560191,6.779011018338807,1.2030268448179777,1,1,0,0,5,grocery,0
12.033396336756574,20,5.066937575959832,2.0881125637924596,0.927298100422274,1,1,0,0,2,restaurant,0
211.05330031632184,19,5.784435073557573,1.6368907730581352,0.958578746302947,1,0,1,0,5,entertainment,0
83.4884494780387,16,18.9520877627842,1.1756340836384256,1.0352309708827545,0,1,1,0,4,travel,0
171.01467294176632,0,185.2281542521777,12.44407353319434,0.5,0,1,0,0,12,online,1
93.34228768457515,13,9.01354714610296,1.5117892893299003,1.2524615437975988,1,1,1,0,5,retail,0
162.30722452746028,1,8.287523867658857,6.625302405432801,2.735016064728958,1,0,1,0,3,online,1
217.1448883793567,15,4.949430441231091,2.123830571472091,1.2977339950086872,0,1,0,0,5,grocery,0
14.408144092060393,10,6.822120967073333,1.6862539912855337,0.9631145116102865,0,0,1,0,3,entertainment,0
2.4686654187124155,9,37.33675129569186,5.933243955377142,1.0464686159297558,1,1,1,0,1,retail,0
80.9954313603417,12,11.302289239027852,4.4816058403892605,0.486897019972233,1,1,1,0,3,grocery,0
1016.5012012884844,0,15.315043025359213,64.82651140331218,3.5557013298705873,0,0,0,1,4,entertainment,1
71.81380915321506,11,10.109093081993901,2.9071071426475252,0.6281393453486392,0,1,0,0,2,grocery,0
11.549836447624745,8,0.6523124304798904,6.95175112135076,1.4620392009581207,1,1,0,0,5,restaurant,0
22.02555931026292,19,6.254922947599249,7.043385671179559,1.523193382647543,0,1,1,1,5,entertainment,0
18.422241516472283,17,32.694291240163764,1.8014345891317465,1.2037548864719916,1,1,0,1,3,retail,0
146.0282802629526,22,2.250678227721475,32.13132406210934,1.1907687216351386,1,1,1,0,3,grocery,0
39.96384983069315,8,14.501225095518615,2.456359320907492,1.4314377024713847,1,1,1,1,1,restaurant,0
119.37963017105126,13,3.834536181226601,6.538730251021118,0.9971010767215744,0,1,0,0,1,travel,0
197.20976910422775,20,5.072620113773537,12.003061360997695,0.9231778337930484,1,1,1,0,1,retail,0
16.690206069834147,21,10.324404505859972,2.1425463166380165,0.9706114845927818,0,1,1,0,3,grocery,0
56.40556567524956,20,17.503758944626572,0.4613535394801078,0.7725763750643196,0,1,1,1,4,grocery,0
264.22960850015284,12,30.548353611002707,4.429138601036244,0.9485672531591584,1,1,1,0,4,grocery,0
39.23594510100105,21,12.881817021379785,3.162714370986742,0.8547992605298105,1,1,0,0,4,retail,0
128.3887311912258,16,7.868533760778468,0.3265817350321906,0.7216112060796649,0,1,1,0,2,grocery,0
84.16616080962953,11,12.529618539624558,1.2127365634201868,0.6635077312117283,1,1,1,0,2,entertainment,0
1.3385342190093221,10,18.22905837530272,3.7750005588762026,1.273592838629149,0,0,0,0,4,restaurant,0
7.581696052041181,21,9.80864584612002,2.334542330908119,1.5655605876939376,1,1,1,0,3,restaurant,0
42.86763611208074,17,18.351262963629928,12.169261286908844,1.15656701656909,1,1,1,0,3,grocery,0
147.61208696587613,12,58.0478612553551,0.3645558653440363,0.9760050538034004,1,1,1,0,2,grocery,0
271.023627260583,3,68.69814445903256,58.21283236014263,4.3707310601057,1,0,1,0,14,online,1
65.61307657102998,10,0.9395717784973134,1.872720276585942,0.8270647593036341,0,0,0,1,3,restaurant,0
7.3817015761945495,18,12.72750143139795,12.833098446482383,1.1395431581095328,1,1,1,0,2,entertainment,0
24.871677550310878,7,8.80089539808425,3.223626215244747,0.4328906506666782,0,1,1,0,2,online,0
107.13080978980032,15,8.570735677483556,9.638777285796369,1.0982158571509104,0,0,0,0,1,online,0
355.59469170659315,21,8.620523434483058,12.852890938903984,0.7896393699790966,1,1,0,0,3,travel,0
4.969349088974306,9,10.744264791901951,7.710911426360219,0.7438291890085567,0,1,1,0,5,retail,0
52.597272302588564,15,2.536703023587348,1.1836895802459293,1.1744648595443694,1,1,1,0,1,retail,0
49.86131009021263,8,8.86847757567683,4.562105439067042,2.289657271689628,1,1,0,1,4,travel,0
92.34484199549557,19,7.169397677868895,1.1914830331218798,0.6414626517574977,1,1,1,0,1,restaurant,0
63.79690525563143,12,4.4367010587445,25.66594993918634,0.881357854697457,0,1,0,0,3,retail,0
60.34235281551568,10,15.83917650266135,1.0985770314361303,0.7320476197349455,1,1,1,1,1,retail,0
7.663909295038284,8,1.5832367325601404,4.929288355155462,0.901749266499348,1,1,1,1,1,travel,0
16.349512053561273,11,7.469883004770925,7.482689761133039,0.6290772810070095,1,1,0,0,2,travel,0
178.08441689988183,8,6.8692138448380415,0.773238850083885,0.697445874608726,1,1,1,0,1,grocery,0
170.77422489099334,9,5.345992105586359,12.81386081972009,0.6163093229487688,1,1,0,1,4,restaurant,0
267.4882103870292,17,32.57533668759412,14.430230958256256,1.4803842140451846,0,0,1,0,1,grocery,0
20.430746351887286,8,10.555265175583584,6.316911179119956,0.9761737116505714,1,1,1,1,3,online,0
125.127786667039,15,12.647577054869707,4.59857264207292,0.6898131680017772,1,1,1,0,3,grocery,0
68.52092644897455,13,0.21208296177343125,0.914898361578509,0.39952781598783527,1,1,1,0,3,grocery,0
229.08999255204787,3,42.80022043178892,71.24481404087936,3.0884256183047905,0,0,0,1,9,travel,1
24.635929476020696,15,19.47642836401698,0.6367930277638969,0.9461569912109693,1,0,1,0,2,grocery,0
3.081347822731699,11,2.4162267950384693,5.004276226999541,0.5378305458490014,1,0,1,0,3,retail,0
280.20215383035855,16,13.149997709569611,0.25052242076041353,1.1967588473507096,1,1,1,0,2,entertainment,0
99.75636287939386,9,2.7966559896735266,4.6591504910003145,1.0642846390133733,0,1,1,0,3,grocery,0
18.099925492149772,20,22.62248051893146,5.93658838578561,0.7980640927076368,1,1,1,0,2,grocery,0
7.9753936779781585,10,1.97778802317403,0.1,0.7525306395519991,1,1,1,0,1,online,0
13.240840729929737,10,0.453214887858509,0.1,0.517148461702604,1,0,1,1,5,grocery,0
95.11812016249154,19,3.6543312819425515,6.160954060557918,0.7811123277326452,1,1,0,1,3,grocery,0
18.538133550587194,16,7.221164151873084,2.622474890063212,0.8167138165310399,1,0,0,1,4,travel,0
39.9509997632019,19,13.716271307159841,1.7212568603150689,1.1751588230406294,1,0,0,0,1,travel,0
13.04816307053158,15,9.313695232483454,5.6621763593234995,1.0934828325460084,1,0,1,0,4,retail,0
37.30496629044929,6,2.4982878745265165,4.631550717699006,1.2661402837464242,0,1,1,0,5,grocery,0
64.38260974585589,8,9.239312698353162,8.637820628145331,1.307901415126664,0,1,1,0,1,grocery,0
111.08874260910748,1,171.9485364953993,2.1146543597777545,3.2051118958535545,0,0,0,0,5,retail,1
27.649557433463947,11,0.8163143157840336,8.197949830048014,1.0550992279384421,0,1,1,1,3,retail,0
30.24836621503738,16,10.59793164678159,17.572584889001927,1.1198265427853824,0,1,1,0,3,grocery,0
142.70331285113528,1,36.40596171673414,39.81225943477269,7.157053647162151,0,0,0,1,4,entertainment,1
248.39942716805552,13,5.698591366423543,7.258094734078766,1.3060638982430093,0,1,1,0,2,restaurant,0
50.0,1,44.615251518850094,47.947769659478304,3.8401691939839475,0,0,0,1,10,entertainment,1
44.63356490578899,17,5.173192734229151,7.319071041835025,1.2920894889515173,1,1,1,0,3,retail,0
142.05014919141271,14,14.910340415209324,12.293606428877865,0.8278868789529279,1,1,1,0,2,retail,0
234.0646425559836,19,6.690459405887065,6.223468385988365,1.032355157559274,1,1,0,1,4,grocery,0
152.56524862381528,6,5.6355800254007,3.4908010744144797,0.6588204271211725,1,1,1,1,3,restaurant,0
130.033397305935,18,6.182311646196643,1.3760539205909468,1.3916602009619092,1,1,1,0,1,entertainment,0
50.0,5,78.28767828133677,2.7847057245582305,4.484148514873963,0,0,0,0,14,travel,1
50.96674294315693,22,5.449480256818051,4.417102857238966,1.3349687122931744,0,1,1,1,4,grocery,0
47.3467636534982,10,21.59101444885003,8.82641993597577,0.5219672408997807,1,1,0,0,4,travel,0
313.1698826155364,11,3.4953248913782624,0.5953030494746401,0.8897326204673852,1,1,0,0,3,restaurant,0
89.4154432884492,22,7.308867070402096,1.2894723077665506,0.7651722197141859,1,1,1,0,1,retail,0
74.00494606480768,12,22.069124481182882,3.1518339687864168,0.5285972277332136,0,1,1,0,3,retail,0
87.46890183008708,6,5.1191788969301015,2.466247992528514,0.8787615997550867,1,1,1,0,5,restaurant,0
82.97150822623112,21,10.098856168461701,0.22895469957605677,0.5105621320066949,1,0,1,0,1,grocery,0
9.145441533021298,14,6.285092071219038,0.11331230567223988,1.0372806213343984,1,1,1,1,1,restaurant,0
73.41998305977997,21,12.917960117976303,0.1,0.9791258750750146,1,1,0,1,2,retail,0
89.21240082378347,22,32.23597705669543,5.805976604481059,0.6684297410042612,1,1,1,0,3,restaurant,0
98.34949031628732,8,49.873414337655255,4.975096023589148,1.8469186091888572,1,1,1,0,2,retail,0
212.6514393370012,15,10.116068896546137,11.834672778873594,1.1232608485401325,1,1,1,0,4,travel,0
22.113064650747653,12,3.455668668676709,12.708730115507352,0.7273439500361798,1,1,1,0,4,restaurant,0
16.47695019794646,6,10.213636113567102,9.940625483554227,0.8561127146462632,1,0,1,0,4,retail,0
35.75633940202663,14,6.5205698324268475,1.0189531903978162,0.8605705255469073,1,1,0,1,5,retail,0
8.691150349803966,8,3.0123001211965947,2.8932822553267865,1.2956341214829354,1,1,1,1,3,travel,0
96.4810564675917,18,9.396575099247531,1.544403092754586,0.9242407478915601,1,1,1,0,4,restaurant,0
50.0,1,198.5267989783418,32.74194941788265,1.6080160500553313,0,0,0,1,11,online,1
364.1126295000178,2,165.4141249009072,15.363802858016898,3.4395450117757966,0,1,0,1,8,online,1
196.5899579618767,14,8.29207305000134,5.878403482545678,1.0356223902245385,1,1,1,0,4,grocery,0
40.49184462798802,21,21.82990459310133,9.862647305572326,1.2290502845791451,1,1,1,0,4,retail,0
42.47499451954903,10,1.653970489693175,0.20574413209151454,0.7636624443215194,1,0,1,0,1,grocery,0
96.57208490207817,3,140.00901571891814,25.739149271708158,8.015555814386142,0,1,0,1,4,travel,1
254.97089823203845,23,11.265616579847697,3.1799203825556575,3.0778894233468748,0,1,0,0,14,travel,1
28.313294645133627,17,4.899753260367488,9.5194669037148,1.420703455724238,0,1,0,0,4,grocery,0
10.784074519606186,9,8.374174003896039,4.440215528895003,0.6178967111696982,1,1,0,0,5,grocery,0
54.23317963271273,13,24.938294529726935,1.1423327565273058,0.8178437911133031,1,1,1,0,5,retail,0
3.3145838019381375,10,12.87999676259097,11.260208526475639,1.1256057854497854,1,1,1,0,5,entertainment,0
94.3405491282158,13,7.3478664660435635,9.090737513383257,1.440508195943989,1,1,1,0,2,retail,0
33.401231274577384,13,13.399692688113484,7.4071463931184,0.7164228465067123,1,1,1,0,3,grocery,0
187.02398285660507,2,13.626327112001075,19.804965031184167,2.0624492452045287,0,0,0,0,9,retail,1
13.58780511767658,19,1.927488249073618,21.06706463754385,1.00935302260822,0,1,0,0,5,retail,0
61.009116040422164,20,2.881200934383445,13.621404542617839,1.0267288412075615,1,1,1,0,3,travel,0
67.3701069147314,21,18.72605420489339,0.9782643110456178,1.0163591636037577,1,0,0,1,2,entertainment,0
38.02993243453919,7,22.976250158556354,2.6937374548724695,0.5990895096525009,1,1,1,0,4,restaurant,0
47.532470951163745,15,6.161459800658923,0.8684594359174246,0.7851981395848724,1,1,1,0,5,retail,0
77.04648617407928,19,0.6380886083848892,0.1793531830827072,1.3736383440464939,0,1,0,0,3,retail,0
1.0,11,3.854463849413646,1.1760106882806163,0.5425467488278732,0,1,1,0,1,grocery,0
34.317599783950456,17,9.308254424278589,7.062792929749838,1.1658302198751975,1,1,0,1,5,grocery,0
30.95359612892626,11,32.853598682726414,3.5581093404803332,0.8482770285544035,1,1,1,0,3,restaurant,0
461.44652921206074,20,1.8896984080698322,0.1635982339850983,0.7540834715387399,1,1,1,0,1,grocery,0
51.38434446533517,14,2.0612320065972485,0.9512639565802706,0.9951148725003629,1,0,0,0,3,grocery,0
10.02248350769624,17,6.31457518624877,1.0413563805700834,0.8122016590520404,0,1,0,0,5,restaurant,0
13.936820683095268,16,7.4567511617034725,13.825436196909555,1.3636704597556917,1,1,1,0,1,retail,0
161.43205515142972,1,210.1449867379532,29.61885739504429,3.0963020051935546,0,0,0,1,7,online,1
76.49080566541701,14,3.1737291927401627,31.46795365649695,0.924727886544625,1,1,0,1,1,retail,0
43.320877864221885,18,8.088305925090415,2.836979228135923,0.8068251104771372,1,1,1,0,3,restaurant,0
60.96952667155725,18,40.629935633336814,2.6013457902310404,1.2072838158825847,1,1,1,0,1,grocery,0
94.57104442731773,22,11.820888043969479,0.14075817032280297,1.086432452708617,0,1,0,0,4,grocery,0
50.0,2,76.143080916579,16.243721611264476,3.5618922736210403,0,0,0,1,7,online,1
77.42204060502819,22,15.134124476857686,0.7987032866068031,0.7318802725151681,1,1,0,0,4,retail,0
33.3922202997467,6,1.8036826234035939,1.5857547296320114,1.0111501796889057,1,1,0,0,1,grocery,0
3.9508523561233595,20,2.177996242218593,1.297560180126607,1.5629780400366395,1,1,0,0,2,grocery,0
63.68047542026909,11,9.60860312461576,2.8332292718093215,1.4394108999562836,1,1,1,0,3,restaurant,0
101.4393142025867,6,5.6518280412345065,11.952367542001843,1.5080812439925029,0,1,0,0,4,restaurant,0
54.03962828511797,12,4.493450102161794,0.6522308775086351,0.8877717097184602,1,1,1,0,3,grocery,0
2.094293019332821,8,11.747059103656152,2.170195799102178,0.9610415375377716,1,1,1,0,4,travel,0
215.37440475565862,20,14.682182873368037,5.756281549502206,0.8054224653508972,1,1,1,1,4,grocery,0
140.4969393375709,9,7.956750194798525,2.135017820877166,0.7252060679831789,1,1,0,0,3,entertainment,0
93.21034201107602,22,7.7337169606314085,1.9725197643805235,1.7414152148432005,1,1,1,0,2,grocery,0
16.552811954258775,15,2.9259565983496834,10.824811663912126,1.112514550474158,1,1,0,0,4,entertainment,0
21.119137471340395,11,0.5548378069851536,5.679168482299199,0.6683626255744964,0,1,0,1,4,restaurant,0
404.3757853159177,0,18.800623208829816,5.790498829205993,1.6662950315935183,0,1,0,1,12,online,1
57.47763375472283,15,19.139287566238245,11.43470269179142,1.2984866862921929,0,1,1,0,1,retail,0
118.3845664768412,21,0.7007398770997708,4.130368885860587,1.017186904196991,1,1,1,1,2,grocery,0
130.43885568268382,21,1.5011520268129952,3.710427039915452,1.2633324284586442,1,1,1,1,2,retail,0
87.87309964151703,15,4.563258645508014,0.2384384135647582,0.6906705328377238,0,0,1,0,5,retail,0
20.975560892395446,6,10.025103954671694,4.998983877930888,1.5679545451364318,1,1,0,0,1,grocery,0
57.876882262809424,22,10.1568071747098,2.6989528439454373,1.096344616089783,1,1,0,0,3,restaurant,0
5.463150445884061,7,9.260767090996705,3.118079697524416,0.21672854237941563,1,0,1,0,3,retail,0
21.833477858252927,17,20.99358164795001,6.520773677545762,1.1361190098990992,1,0,1,0,2,travel,0
42.16602886378601,16,0.13110853162318942,4.2075706877952666,0.650475788258946,1,1,0,0,1,grocery,0
53.93804184311236,7,5.026933687283494,9.74545458668028,0.8764385707966247,1,1,0,0,1,restaurant,0
29.720868549817855,12,4.4753849976675895,4.612333934640772,0.4339055806661124,0,1,1,0,4,retail,0
574.9967754855777,5,6.511680356441227,68.63687168671075,4.302440604391441,0,0,0,1,8,travel,1
69.77643458599604,21,5.132254376820987,2.3494505893166124,0.8905355899672889,1,1,1,0,1,entertainment,0
87.2814730492656,11,0.5925118910241655,0.6972790774598719,0.9370976324021467,0,0,1,0,2,entertainment,0
55.656138391676215,17,9.125803226309907,8.504173411082258,0.9129641854504311,1,0,0,1,2,grocery,0
15.725063968387127,9,12.228667179799196,2.103450454096453,0.7142599076177745,0,1,1,0,1,restaurant,0
230.97389449927795,12,4.685738316001332,5.032191871566127,1.0832958377530675,1,1,1,0,3,entertainment,0
19.470908958243328,6,21.53497569002822,0.6031259837074315,1.0018002302154212,1,1,1,0,5,restaurant,0
79.0461543147861,19,5.659283669583083,8.017540638686595,0.7063271660031835,1,1,0,1,3,restaurant,0
7.030263463968752,7,10.212166372051126,1.7307113408483015,1.3086261040975378,0,1,1,0,5,retail,0
1.0,10,0.7650361514511992,0.42911683613403706,0.5214926870335637,1,1,0,1,1,grocery,0
127.39357936121539,4,69.0627678303681,59.343426937722434,0.5333782407761243,0,0,0,1,12,travel,1
19.93969775844904,8,17.236618226559347,8.960040728359008,1.1577147668391667,1,0,1,1,5,grocery,0
26.005553869795484,19,2.538012378034628,4.960212159581113,1.1595023890797698,1,1,1,0,1,restaurant,0
155.3079562540351,16,1.2529567631633174,5.574603118800182,0.7847528899367108,0,1,1,0,4,travel,0
101.30277950651127,6,11.850363365559833,8.650328049115885,0.7719907274555315,1,1,1,0,3,retail,0
55.98879375129145,11,2.022673091082808,0.7601068479188102,0.9151371338023182,0,1,1,1,3,restaurant,0
421.01146523953565,3,6.773783995384788,20.976230937483713,0.5,0,0,0,0,13,online,1
87.1381798397865,10,3.162117928760726,0.6523289623887323,1.2039589763890184,0,1,1,0,2,restaurant,0
14.304200430395275,19,27.267067783838787,10.981865643431043,0.9454835665639921,1,1,1,1,2,retail,0
4.2571721165697065,13,4.774335088294296,5.212645355608775,0.8934671037846038,1,1,0,1,3,entertainment,0
21.37031017952248,9,15.255823411999778,6.358164509541857,1.0128484361139272,1,1,1,0,4,grocery,0
22.85896478286151,21,5.764399049216281,2.8753092515832073,1.6216161732704686,1,1,1,0,4,restaurant,0
56.92336839340313,18,1.9569395564979417,3.8043679724877,0.4820080106770689,0,1,1,0,2,retail,0
19.158519479475476,8,7.745503244887671,1.997445589404347,1.0035383259188306,1,1,0,0,3,grocery,0
43.83073484171712,17,3.2567218765637627,2.815543573775922,0.9037313695278084,1,1,1,0,3,grocery,0
1.0,11,6.703480321247532,0.7863662766478123,1.0877922985782893,1,1,0,0,2,grocery,0
3.250047725087203,7,3.237443187002373,4.959580512545121,1.128179536060174,1,1,1,0,3,grocery,0
79.59365258840174,9,8.254316766200349,19.187627809681192,0.9145863891833026,1,1,0,0,4,retail,0
47.68712022356343,12,7.479409652820774,1.4261975776826565,0.7399351654330665,0,1,1,0,5,retail,0
72.44385603544667,19,24.30809075251725,7.287255228023985,0.9494979496025415,1,1,0,1,3,travel,0
28.81635808597903,14,5.430585977474104,2.1997992993203583,0.9534669541383873,1,1,0,0,4,entertainment,0
91.79037605121582,13,2.9664300039843376,3.48171139686084,1.1338423890314346,1,0,0,0,3,grocery,0
54.266262895170186,20,0.14471569039602752,4.455466841327452,0.7365615709290676,1,1,0,0,4,restaurant,0
194.6224011972592,6,12.072879399512765,13.108098400298363,1.1384389056727504,1,0,0,0,3,travel,0
344.81810820088367,6,3.096718390075042,0.3092391835056987,0.69239315136824,1,1,1,1,4,travel,0
1.9762730995324178,22,1.7098148671950826,0.5799590963893189,0.7749327442228052,1,1,1,1,1,travel,0
3.467872841769,7,5.823199983337441,0.3889031141416622,1.367464574759271,1,1,1,1,1,retail,0
15.303430516401752,22,13.700940496678825,0.5760661510051883,0.8525355673764321,1,1,1,0,2,grocery,0
209.50499608996626,9,3.7727145797295734,0.51640258703407,0.9893170533524567,0,1,0,1,1,retail,0
79.93840643124197,20,9.870810492960098,0.4102250885005575,1.0681534689164938,0,1,1,0,1,entertainment,0
23.838300251111725,12,53.04581949342428,8.681430205607763,0.9269771961866555,1,1,1,0,4,restaurant,0
189.72173741389207,1,5.0,79.19609797950733,2.106884656407731,0,0,0,1,6,entertainment,1
74.05783481348519,11,19.652186139715536,4.889491349965604,0.4542898638044025,1,1,0,1,1,grocery,0
216.08718661321657,8,4.114763044517213,3.702441127864844,1.3129493550003,1,1,1,0,2,restaurant,0
158.1034722730243,22,7.377040812596636,3.955310956707442,0.7265947347223493,1,0,1,0,3,entertainment,0
37.815163020632525,9,8.517344700089442,0.12708832380802418,1.0169103893098204,1,1,1,1,4,grocery,0
54.37860372007317,13,39.387350308971165,1.7123816889801557,1.49183531561401,1,1,1,0,1,grocery,0
122.0024045547434,6,12.005832307955666,2.2937147227096197,0.9495824007575796,1,1,0,0,5,grocery,0
13.192316124355713,12,4.782067812299476,14.743041271424914,1.299022450494164,1,1,0,0,2,online,0
34.46347864240781,8,44.188871700254744,1.2182449082983895,0.7963861115425379,1,1,1,0,5,grocery,0
23.23565895924333,22,6.953859193287269,5.802290368924695,0.6360083618773802,1,0,0,1,5,retail,0
38.82709899992477,18,2.268076129243911,21.260633837271627,0.9690425392216823,1,0,1,0,2,restaurant,0
54.93613719935327,14,19.68618384077223,4.175997235102489,1.3388741598621154,1,1,0,0,3,grocery,0
25.14942445824864,18,0.8934065816741972,6.554570643349061,0.8848568613961604,1,0,1,1,4,retail,0
55.4963524957471,10,9.171778390100677,3.638387415775279,0.5509409646221664,0,1,1,0,5,restaurant,0
6.085335489608089,18,0.9037246613780938,15.352056669963668,0.9600339830478748,1,1,1,0,3,grocery,0
130.05031184892184,14,7.252000028935574,1.8116808257593666,0.9702485406889422,0,1,1,0,3,entertainment,0
28.909176475288785,18,9.060089052999746,2.8122962364461146,1.1707837052035202,1,1,0,0,2,retail,0
43.41190818378369,18,5.856521590282916,4.413705196688634,0.9521792897264602,0,1,1,1,4,travel,0
1.453651713133157,17,1.8965485258937076,0.39777693399018543,1.693084838363901,1,1,1,0,2,retail,0
61.01736834822951,7,6.25654270893964,7.884080066713936,1.3086915729906479,1,1,0,0,5,restaurant,0
45.507093803463704,18,4.868229696082947,1.6175940724274618,1.1748639188433123,0,1,0,0,4,restaurant,0
26.483360930401716,20,20.95668155514259,5.16304628082427,0.6279981913942199,0,1,1,0,4,restaurant,0
414.4503360418717,0,211.6099669411846,217.75829917166578,4.0382916124654,0,0,0,0,13,online,1
13.904918921212005,15,0.10256606908988906,8.285724427505334,1.041689259558931,0,0,0,0,1,retail,0
15.684691215939857,14,10.779408687259666,4.64280958861927,0.21220164779338901,0,1,0,0,3,travel,0
127.73201070021861,10,0.51471040182018,6.187644453026801,0.2956797638981714,1,1,1,1,5,retail,0
22.979261879370565,17,8.882077406640862,7.4208292313038715,0.7335912730625326,1,1,0,0,2,restaurant,0
14.202084140571134,20,0.130213026619181,2.7057187591762433,0.9935209234147363,1,0,1,0,3,grocery,0
371.05255458368345,22,6.306393578885189,11.056247533282523,0.7522135041959941,0,0,0,0,5,online,1
37.73375086294694,22,1.1382786782972925,7.482516332860123,0.8864584704320374,1,1,0,0,4,retail,0
22.885793623154782,9,2.7933262137419135,0.998191847483665,0.9229108985198474,1,1,0,0,3,entertainment,0
70.04430217622948,7,0.8515671595680521,5.980097601754584,0.7824753481682227,1,1,1,0,1,grocery,0
297.95640185143026,21,2.201447831685851,6.461751266646456,1.2478195001156807,0,1,1,1,2,grocery,0
43.19199295514334,7,7.6073616636553485,4.0650879097590495,1.4349397434826012,1,1,0,0,5,online,0
32.90280511977089,6,15.165793382673575,0.9329000889381455,0.8452041126466209,1,1,1,1,3,retail,0
52.850154569519525,22,125.47584752311653,35.021038674365656,3.7370044822977926,1,0,0,1,6,online,1
58.47817389100581,10,1.756449910455127,13.559852269715458,0.45889859406966105,0,1,1,1,2,retail,0
23.011674207742956,15,12.794859481294463,11.748566081655492,1.2117720818493485,0,1,1,0,2,restaurant,0
18.22408980611907,9,11.13264846080549,6.22005424341169,0.7976061976392969,1,1,1,0,4,restaurant,0
134.76244049487667,7,8.37802916039257,3.7161566811682056,1.0769355201509254,1,1,0,1,1,retail,0
102.82846015648475,8,2.890245448639281,4.98673514107031,0.8942785504605926,1,1,1,0,4,restaurant,0
56.506699374303,22,6.221981303485058,8.333291960901857,0.944568822651084,1,1,1,1,3,grocery,0
84.06024721060454,8,24.81866293563737,2.9388538131136537,0.6259442452398676,0,1,0,0,3,online,0
230.04547462397238,16,1.1721017019303996,2.7063212723367,1.1508015896990982,0,0,1,0,2,grocery,0
100.35206212198682,22,0.1,0.5198447477603523,0.7272746483878884,0,0,1,0,4,grocery,0
83.18040692484139,12,4.421529905836625,6.005375300283035,0.8714393656783679,1,1,1,0,5,restaurant,0
77.22196719388906,8,6.077948608853908,8.047031863069765,0.9550716744524224,1,1,0,0,3,retail,0
100.23249630604397,17,19.427717024211503,14.381754872648223,0.9955243282579254,1,1,1,0,2,travel,0
161.4114393404591,18,1.4348966791307527,13.238784867141762,1.1949690415076972,0,1,0,0,5,retail,0
43.24518192267118,15,6.200078809366062,3.9489787409641446,0.8406902921167043,1,1,0,0,4,grocery,0
30.888152363643627,8,17.38719616163014,32.89078346287702,0.6999138903768756,1,0,1,0,2,online,0
115.64030393789727,13,7.078923597204357,0.19185958122376306,1.2081469205151933,0,1,0,0,5,grocery,0
59.634486895206834,13,8.60316092196992,3.414940866057119,1.2288223470524746,1,1,1,0,4,online,0
69.14813930821299,14,14.776126523754234,1.1124418618956522,1.1077776455069641,1,1,1,0,5,entertainment,0
225.79248578508708,21,29.1344037383174,5.722666473952175,0.6031926143084512,1,1,0,1,3,travel,0
11.784154117802615,19,2.8612535898036464,5.1345727223969835,1.1009081694756238,1,0,1,0,1,restaurant,0
64.78975298780925,6,8.688515360201528,2.413319540762548,1.4849354128023693,1,0,0,0,2,online,0
47.79845469653425,8,61.93196717964536,6.016436564935285,0.8163276625432246,1,1,1,0,3,retail,0
71.31179005319557,18,5.618483296893233,1.110390074250083,1.4500232926310153,0,1,0,0,2,grocery,0
23.139384991296197,21,1.2811951868082827,2.217145081448862,0.9191058058272323,1,0,1,0,2,online,0
1.0,19,19.980873817834286,3.196481227138197,1.155760480559554,0,0,1,1,1,travel,0
9.466024608892024,20,2.8158150824201593,4.118601420015558,1.4448343255544258,0,1,1,0,1,grocery,0
6.6797228616571935,6,6.820731265261521,3.383590836058196,1.370392843674365,0,1,1,0,3,retail,0
3.8247764696025524,16,1.998575461970529,1.031763557042461,1.2666113760997284,1,1,1,0,1,grocery,0
14.294143396364456,20,9.311732877899864,1.1979321551144075,1.8301097114260498,0,1,1,0,5,restaurant,0
98.52727960970499,12,4.555039840533683,1.817503800443217,1.5852203922348944,0,1,1,0,1,restaurant,0
162.2448506501774,13,0.6474722439339033,8.615951468843553,0.8057630855431067,1,1,1,0,1,retail,0
1.0469750717028001,19,2.0767388592370577,5.116834762361048,1.001892339855109,0,1,1,0,2,retail,0
166.93658186364274,11,11.79488315877526,0.7832928885395972,1.0433457990624986,0,1,1,0,4,retail,0
70.52468512251382,12,7.536745305401809,19.4044955227616,0.9490907307411302,1,1,1,0,5,travel,0
191.97411976349707,20,6.425740813442547,0.3927884151526514,1.3031639278204357,0,1,1,0,1,grocery,0
31.09814726027586,12,6.344538527764181,2.394839465838862,0.8938100501365625,1,1,0,1,5,entertainment,0
227.36125959612383,8,6.275830966187781,0.37481169224848043,1.1037463948625774,1,1,0,0,1,entertainment,0
280.32893891617454,21,17.461307509819907,14.96943082640033,0.7455735749771113,1,1,1,1,4,travel,0
38.885271661232,20,15.142645946919481,6.866596901942577,0.9389858051406328,1,1,1,0,2,retail,0
130.41585224058574,21,5.733985391814405,4.846509570450298,1.3346489436881166,1,1,1,0,5,retail,0
219.9593965341769,4,69.95367039499516,1.0,3.4142882673813233,0,0,0,1,12,entertainment,1
12.8229653919677,17,1.3406340733989808,14.758016021736754,0.4714948117926647,1,1,1,0,5,grocery,0
31.468441635198946,8,45.43571220350597,0.3607454877498607,1.2097423548210702,1,1,0,0,2,retail,0
107.1378855257514,20,21.2078615772755,7.6818116931108555,0.47251057357095205,1,1,1,1,5,grocery,0
15.991600329309259,14,6.952901164223104,5.140276931747608,0.9317312086550987,1,1,0,1,2,travel,0
74.06597345030336,15,6.925285777063906,1.7226597289958838,1.0351645883190004,1,1,1,1,2,restaurant,0
25.694148445481563,9,5.478034275767763,3.6463484301346716,0.9673522390802536,1,0,0,0,5,grocery,0
178.43848845034688,6,9.920928699120505,1.8473363924377126,0.5054320349317152,0,1,1,1,3,retail,0
109.66922974337726,3,270.7666333389574,9.826097152666824,1.230461558809473,0,0,0,0,9,retail,1
41.56202083187835,18,0.807426020764723,5.5480128710898455,1.4671377914095933,0,1,1,1,1,restaurant,0
119.45556061099425,18,5.8576472206927175,0.6892966115212855,0.3452149898971091,1,1,1,1,2,retail,0
36.838201513097836,20,21.11158889948505,1.1746122341188128,0.9277850497294333,1,1,1,1,3,restaurant,0
69.26957408785832,21,17.34855326036222,6.888144299999985,0.7946260365182262,1,1,1,0,5,restaurant,0
47.04151950506895,22,3.0933098192035096,1.6269196054845114,1.3904623100170173,1,1,1,0,3,travel,0
3.016783621512778,18,14.507828953347337,5.659783593507113,1.3904169747474588,1,1,1,0,2,grocery,0
18.895474699970567,11,10.72176062385151,0.1887072006573468,0.6565542713281487,1,1,1,0,3,entertainment,0
39.15775455298867,6,8.042346235882157,1.5408783647076763,1.4471795474544984,1,1,1,0,5,retail,0
6.007922423816849,7,22.50616372880208,13.260088207123497,0.4734787741963784,1,1,1,1,1,restaurant,0
97.05139047908827,10,1.512140904209275,6.141053026715016,1.8478917933538712,1,1,1,1,4,travel,0
61.64990477693572,21,2.01507095481184,4.1088498056309515,0.727895205161236,0,1,1,0,5,restaurant,0
132.8495470183269,6,1.08195782257588,1.6480011079673684,1.2348618173957189,1,1,1,0,2,online,0
39.745546988474445,16,17.377692043104396,1.1173395965184887,1.118128847509899,1,1,1,0,3,grocery,0
129.37225263692378,10,1.381978812595392,1.3530197199703862,0.9396680945076759,0,0,1,0,1,travel,0
114.32432730571907,10,0.8013138924134123,2.279730561694076,0.686214552477048,0,1,1,1,3,grocery,0
7.1114271272744105,9,1.4922075914250725,1.7846658693788287,0.9441148581834641,1,1,1,0,2,travel,0
55.874825951101634,8,6.082662594846198,14.23233068954012,0.8565180073303977,0,0,1,1,3,retail,0
129.22501211579907,11,0.4897123862604947,11.092534859485998,1.2440274196961525,1,1,1,0,4,retail,0
27.371224310964564,10,7.879218771592763,5.535506505079547,0.9334224549403981,1,1,1,0,1,grocery,0
39.66411458829816,9,5.986870486799307,3.745330214559768,0.8861741538627419,0,1,1,1,1,grocery,0
86.65050840406536,9,2.8632734548423695,0.922419095399526,1.1374512847996605,1,1,1,1,1,online,0
78.80679936682417,13,2.4621878921590765,1.6019407212909016,0.49818059075096,1,1,1,0,3,retail,0
235.22824974259663,11,16.53412016374302,1.3261463053191234,1.75767649563812,1,1,1,0,2,restaurant,0
39.77255085285449,14,10.812576509226545,16.065775405372026,0.7594629836134124,0,1,1,0,4,grocery,0
33.85166027887087,13,15.05484393451368,2.2664791134790256,1.0881471407538532,1,1,1,0,1,entertainment,0
150.9341782429628,20,9.366523429006675,5.3102610511437485,1.2276935114572805,1,0,0,0,3,retail,0
50.0,2,51.84510036585,1.0,4.538009946856469,1,0,0,1,5,retail,1
64.36332699198638,9,5.729618769557919,3.0408062093304893,1.2050237206466372,1,1,0,0,5,restaurant,0
40.146109186918,19,7.750044385087543,0.6598731241571621,0.9414119776541998,1,0,1,0,2,entertainment,0
12.177449803705825,7,27.994951975206888,1.4172436010261558,0.8824531041035693,1,1,1,1,4,restaurant,0
66.74931784596828,8,35.43014374378371,1.594220473392225,0.9008184028199546,0,1,1,0,1,retail,0
22.029991860052252,15,3.1674616671308065,1.8923132964824165,1.1376868769392923,1,1,1,0,5,grocery,0
1.0,7,6.830628474760438,6.850483491355876,1.22355923907277,1,1,1,0,4,travel,0
31.490792713446755,17,1.1525423823896366,4.295141189038654,0.7568201291439269,1,0,1,0,2,retail,0
112.19085677941104,3,89.46968577515923,11.206300249260748,2.9988254559052065,0,0,0,1,4,retail,1
645.6904898574505,0,45.502158753634454,2.96442336342409,3.2843867202989268,0,0,0,1,9,grocery,1
67.644809038386,15,3.1281068795524005,1.2654386028046392,1.0720468752839056,0,1,0,0,1,grocery,0
46.86980191375552,9,6.471145984442346,2.599653312831345,1.112120432360719,0,0,0,0,2,grocery,0
6.894507880493918,8,1.4776785711990001,0.9717754666036769,1.0718981587848393,1,1,1,1,4,online,0
196.9727430949736,16,2.6525811592924087,0.5114814598151709,1.0668533971942082,1,1,0,0,5,grocery,0
14.920125527851141,19,4.238252890173354,5.54639257914899,0.8019871845554408,1,1,1,0,5,grocery,0
130.2462256419646,18,24.225874250468337,9.842831502324863,1.2065707360464175,0,1,1,0,5,restaurant,0
40.49139915800708,15,0.6107620443923139,6.116912622331082,1.0932782745633025,1,1,1,0,3,retail,0
21.696851898558233,17,7.813133583723403,2.077243126714352,1.433140214331884,1,1,0,0,3,restaurant,0
78.43948599812529,19,25.094146681195006,1.6809185561580728,0.6313392460414219,1,1,1,0,1,retail,0
26.939342230321472,15,6.222119349400353,0.6722378723838563,0.7115042071723945,1,1,1,0,3,grocery,0
26.58818998421189,8,3.2572658610662057,1.8632898798662167,0.8524490813782521,1,0,1,0,5,entertainment,0
73.4102837492594,6,12.795686768477857,5.0574901926217795,1.1100871062220243,1,1,1,0,4,grocery,0
247.8482798845045,9,1.5577853720444597,6.2001670872275785,1.06909125092691,1,1,0,0,1,grocery,0
19.95588235625408,12,4.733966818182302,0.18269590368766603,0.5612894414587627,1,1,1,0,2,entertainment,0
3.063606056216182,6,10.637925934030113,2.2405328645481823,0.6290183802016241,0,1,1,0,1,grocery,0
62.90823090819284,16,14.193898715656381,1.0580293605272755,1.2402109508382497,1,1,1,0,3,retail,0
76.38779447525707,14,6.356587203870322,0.32970333391831863,0.9779413546411322,0,0,1,0,1,retail,0
61.038446187394364,21,0.21529952950018777,1.0852354361522307,1.2258984997705502,0,1,1,1,3,grocery,0
5.227398430784733,14,1.928178133163644,2.739557478152782,1.2229678270422488,1,0,1,0,3,retail,0
14.104394049255294,19,42.52234632600608,4.303800223482629,1.0256796022833474,0,0,0,0,3,restaurant,0
165.4486760420728,12,0.6886018219218405,3.1016603954672126,1.1207730528677977,1,1,0,1,2,retail,0
12.26900769855769,18,38.759127995646885,7.308569725418734,1.2390544368486573,1,1,1,0,3,grocery,0
146.4754589345596,22,39.32223249792543,170.4330638159679,1.5346739876664408,0,1,0,1,8,travel,1
24.06179387810276,18,6.082247057271407,15.457004576296715,1.3640621707163922,1,1,1,0,5,grocery,0
19.291548778559566,12,5.115822577442058,0.7872747560424456,1.1084033424299782,1,0,1,1,3,restaurant,0
43.94164635097805,11,6.9470737891787575,7.119102666526497,0.9720562691801395,1,1,1,0,1,restaurant,0
197.26550224570872,13,16.078332170208263,2.3312657504116387,0.9494639173186661,0,1,1,1,3,restaurant,0
104.41269979672064,15,11.36092279099043,3.3084231392655363,0.7616990636293021,1,1,1,0,3,grocery,0
698.0651495981632,4,64.5083108497435,9.951065571872213,4.675279253768531,0,0,0,1,10,online,1
52.64280691718771,14,5.757369191161056,6.379555216593601,1.3534423227877423,1,1,0,0,2,grocery,0
170.22009359208667,18,9.548322288411878,2.29640181839514,0.9112867160018288,1,1,1,1,2,retail,0
1.0,14,4.488158304201312,0.1998606434346809,0.9295802644830923,1,1,1,0,1,online,0
32.903353149498436,8,6.671469899296321,6.992582985389184,0.6057867318388842,1,0,1,0,2,grocery,0
72.02570110092942,11,15.950386170125093,1.7409117597572625,0.4056926870510543,1,1,1,0,1,travel,0
36.55730390474322,14,3.63574598498324,2.2112693549775346,1.5205682666555438,1,1,0,0,1,retail,0
212.6677304216875,4,41.23145020873787,26.158008358545732,1.9996034017352056,0,0,0,1,3,restaurant,1
95.42965924207665,10,9.743926530276728,0.30157321422484246,0.9730498104031307,0,1,1,0,4,travel,0
95.00758320593629,23,152.31695358384837,38.118491210657965,3.3546132927990695,0,0,1,1,7,online,1
35.55691213424545,15,21.446015392661337,5.566481521177612,1.3798187625757703,0,1,1,1,4,restaurant,0
154.86669950686152,19,17.929676013814422,3.783225351697892,1.0600374447006193,1,1,1,0,3,restaurant,0
220.82750542434457,8,4.602876918337815,0.8467288260694749,1.1082921462823083,1,1,1,0,1,travel,0
446.33764899893384,10,4.621339769412576,0.47294239072583905,0.7174220801574398,1,0,1,0,2,grocery,0
22.086037742161572,15,3.556367583885123,5.398849172449214,0.9443327668009294,0,1,1,0,3,travel,0
80.41100223532403,20,6.148989663186837,1.9177225836762657,0.9458184048422977,1,1,1,0,3,online,0
54.5919402042145,13,4.875336881561939,4.030037140675036,0.4903928098440751,1,1,1,0,3,retail,0
30.854894144758816,6,1.0211854372545057,4.743530401651089,1.2060399738968022,1,1,0,1,1,entertainment,0
73.6804643575584,19,12.963473818916203,7.709242333372596,0.5792690726802324,1,1,1,1,3,travel,0
25.523870871945768,21,30.205116755223585,0.1795773744866794,0.6977354978651902,0,1,1,1,5,restaurant,0
387.0549191931831,1,66.11822756978346,20.050624415404865,5.305731680223199,0,1,1,1,8,online,1
53.93887580281878,14,8.235119025723952,9.418640858836904,0.7075591649261845,1,1,1,1,4,grocery,0
34.188653453760566,7,0.624820591472915,4.70026197418479,1.1900160974056444,1,1,1,0,1,entertainment,0
13.640572764802396,7,1.0075959809537576,8.089586706902828,1.4423798742601912,1,1,0,1,5,restaurant,0
174.49060555172906,21,10.73521925571545,3.0756493983550066,0.7759162477221693,1,1,0,1,5,retail,0
118.45634799783122,14,13.707410113127592,0.4572983849825312,1.4497561521161193,1,1,1,0,2,travel,0
68.26061278698302,11,5.093299750909905,12.42049821158738,1.4439345898859204,1,1,1,0,3,restaurant,0
50.0,5,173.0597410091683,69.53005285391197,3.781314120030691,0,0,0,0,13,travel,1
16.506677084364014,11,11.43119490451414,17.875554707147558,0.43204407933618894,1,1,1,0,3,restaurant,0
58.76883393488302,10,7.581498007506379,5.9699498984159005,1.0070661032533872,0,0,0,1,1,grocery,0
152.5677978022298,9,6.727942220589621,0.41046585705017313,1.146134547561121,1,1,0,0,4,entertainment,0
59.57896391700379,7,5.8701689601105205,24.624942898461413,0.9452758851648769,1,1,0,0,2,restaurant,0
122.9931681801378,20,1.8805774673320337,9.006644853543149,1.8200332404120685,1,1,0,0,3,retail,0
17.90797000085378,17,4.304685513478102,2.4620151568132234,0.5257056532472941,1,1,1,0,1,grocery,0
94.90136086059843,10,9.578855950136195,2.342451830211638,0.9766888436814679,1,1,1,0,5,retail,0
10.241149097913727,6,13.00928356878504,3.509835643553882,0.9462824466672188,1,1,0,0,3,entertainment,0
27.92142068039365,15,2.8396326740100046,4.090452556657797,0.7307659607393145,0,1,1,0,4,entertainment,0
1.3066446802672513,21,10.864875993286558,13.799473329449256,0.7226288038339266,1,1,1,0,5,grocery,0
394.8812593582488,9,17.39974059542765,17.897028071067318,1.2754618379559841,1,1,1,1,3,travel,0
15.713461205136605,11,7.827554196383682,1.1831509067201436,1.2167725420519728,1,1,1,0,1,retail,0
214.74445737344453,19,4.245829297292548,0.13008234417833833,0.8921916189757728,0,1,0,1,1,restaurant,0
19.068823014730803,16,0.5653232192438642,12.079257953400909,1.056522628116779,1,1,1,0,2,retail,0
118.14197056331167,20,15.365049360034735,0.726075827188562,1.258434007015604,1,0,1,0,5,grocery,0
72.67609867350649,22,0.38837206754371717,5.712813265946057,0.4019643305287105,1,1,1,0,2,travel,0
55.84108612910466,19,18.69262604113827,2.930619165150685,1.0001568334760904,0,1,1,0,2,entertainment,0
152.3856905801023,18,13.783406716107452,2.715641909926446,0.8388401121090474,1,1,1,1,3,retail,0
12.151851825650308,13,4.574677603576845,2.6002863329907417,1.061714395490707,1,1,0,0,1,grocery,0
17.225643556239525,22,9.758270863198998,0.9515215908549778,0.7235946002863514,0,1,1,0,1,grocery,0
5.041826204813073,17,0.640597585737877,9.928284034041608,0.5708319914334972,1,1,1,1,1,travel,0
24.696119813361243,21,4.0313409054878315,10.9639210415295,0.8895732814758773,1,1,1,1,1,grocery,0
18.284291098412282,11,3.7106369763944818,8.622719039289931,1.1134610175891428,1,1,1,0,3,retail,0
7.978372947844374,13,7.727906536186923,1.9526426439550957,0.9240269819656645,1,1,1,0,1,entertainment,0
119.419211222814,7,0.1004404785162529,12.531835698123448,1.029331802626111,1,1,0,0,2,grocery,0
196.55108221548457,14,9.492940544844654,4.10779819532392,0.6176325283582991,1,1,1,0,2,grocery,0
59.26712572661641,12,5.983801050168563,5.172460629993388,0.8055453598112843,0,1,1,1,1,entertainment,0
31.029157124579964,19,20.293237413994984,0.4067609726398599,0.9701971176043629,0,1,1,0,4,grocery,0
124.48716808007744,12,0.7642719287100573,12.443167089849274,0.9021869952723203,0,0,0,0,2,entertainment,0
6.7987965076221695,20,0.7691483260214573,4.660170808672764,1.09971204873812,1,0,0,0,1,retail,0
37.02280880194958,20,21.797829382971475,17.772468936645495,1.413629933962062,1,1,0,0,4,restaurant,0
297.0872241701666,18,25.750058696018353,1.181154661459038,0.6977351886845717,0,0,0,1,4,entertainment,0
80.55661675948167,17,8.026940961267544,1.9785208950691782,0.6460800295469581,0,1,1,1,4,restaurant,0
40.97965275832179,10,4.588653491520308,1.776815347359195,1.1643688695409955,1,1,1,0,4,grocery,0
14.894897781080974,8,7.629292859312229,5.201858730119024,1.1888699897409523,1,1,0,0,1,restaurant,0
75.98167132089343,21,20.60564599141644,8.38802514448418,1.3102729879688566,1,0,0,1,2,grocery,0
74.86577782977551,10,22.002712379619197,8.559201579626906,0.7871913528060499,1,1,1,1,3,entertainment,0
271.4187076164713,4,183.727353916984,53.59668750054619,5.822613819218193,1,0,1,0,14,online,1
87.95159497869244,16,0.9609962428285379,10.438260818600249,1.3162888438220803,1,0,1,1,4,grocery,0
66.04959492784937,5,18.688713197772348,33.35150804802887,3.4235812006557262,1,1,0,0,9,retail,1
269.5987641124931,9,2.655356797381364,0.7625398326157016,0.7823117171231537,0,1,0,1,5,travel,0
48.01541648258165,15,7.845968105308589,4.375593459981349,0.8022669570527626,1,1,0,0,4,retail,0
22.059885713760337,16,5.2320750688521915,1.1075629952719004,1.3999568456471103,0,1,1,1,2,restaurant,0
9.387503970140681,22,63.49162978205902,9.652035881727224,0.8052557636070578,1,0,0,0,5,grocery,0
139.8117901020251,18,4.679793065006443,9.393631180344975,0.9995242221179822,1,0,0,1,5,travel,0
35.99016937210556,17,1.1066774934221244,8.44371622632697,1.2225825348290493,1,0,1,0,4,restaurant,0
67.09589450987107,9,1.6365486045877,15.211546728486836,1.0938664110388485,1,1,1,0,5,grocery,0
294.1263403700337,22,1.6135318972079138,23.94585643223145,1.4081686996529952,0,1,0,0,2,travel,0
149.886845656656,1,6.701745982605764,26.777889195664056,4.6799564321490426,0,0,0,0,8,online,1
127.72985145290768,18,22.45236683767418,3.0469345820138387,1.2631664978578538,0,0,1,0,3,grocery,0
35.27861765983054,20,1.311203466320097,6.686634808394744,0.9068540042997582,1,0,0,0,4,grocery,0
278.6860177004804,21,16.47719367615061,1.3389840202962446,1.4124289406848205,1,1,1,0,5,retail,0
46.18792648277277,7,2.4515508011346285,0.1,0.31924526344669346,0,1,1,0,4,entertainment,0
122.40193129508398,14,18.69020064496594,4.933685462479371,0.604564342315753,0,1,1,0,5,retail,0
331.26189964734664,8,2.9355100537342187,5.18809486662522,1.2852430274207842,1,1,1,0,4,entertainment,0
55.51598351906804,19,0.445231874123286,0.9766497063489741,0.6789458506778494,0,1,1,1,1,grocery,0
262.0058784839143,11,1.3277347813081999,2.168512882966856,1.639326798763295,1,1,1,0,3,grocery,0
68.86843401830488,19,9.391984111537122,2.077371943976848,0.43637364670887246,1,0,1,0,3,retail,0
145.53442340577797,16,4.394617456578352,18.138227691017555,1.172525190029899,1,1,1,0,3,retail,0
50.0,0,240.5457143992997,75.49065567636244,2.1512148324308713,0,0,1,1,10,online,1
100.12782890156268,13,0.9377862301078765,0.5467230496643428,0.5276968875330101,1,1,0,0,2,retail,0
10.278221397731524,17,4.6140755774242335,9.377155242299937,1.4603575704595804,1,1,1,1,4,grocery,0
11.996472489667482,20,7.170197087489133,2.736553124571928,1.2974557191130753,0,1,1,0,2,entertainment,0
98.0985989032433,22,30.08300306863008,11.453143989498248,0.9630428599711784,1,1,1,0,2,retail,0
26.75663973309937,20,2.039685665310465,0.42426330378252786,0.9505906141426085,1,0,1,0,3,retail,0
54.93241243549196,20,0.988779642966028,0.1,0.8042637089245651,1,1,0,0,1,grocery,0
250.41771331270812,7,12.227078887058063,0.463616030386751,1.2057357195749903,1,0,1,1,5,entertainment,0
19.89016565736121,17,17.51252166440723,10.363270659258081,0.9724078465249042,1,1,0,1,1,retail,0
471.5986240211075,3,5.0,73.09099112626569,5.514357195796279,0,0,1,1,7,online,1
61.50044515219557,15,8.057267378861496,11.407533498547764,0.5462356732727508,0,1,1,0,3,grocery,0
169.14222303179858,11,20.46605089634078,3.9561814955936123,1.1503716597156974,0,1,1,0,3,entertainment,0
96.71858687896503,15,2.9085038829653937,22.742196775553328,0.7576599579117466,1,1,1,0,4,restaurant,0
6.578356003593107,15,5.295950695021212,2.145862693780644,0.8530577579856229,0,1,1,0,3,travel,0
515.0810656781558,3,67.7422065061666,34.68914641587359,1.777583158135333,0,0,0,1,10,online,1
93.19184944778405,9,2.6191123206577993,1.9767656706639358,1.4431045994217377,0,1,1,0,4,grocery,0
149.20881225985065,16,4.170987196969404,15.119241081340004,0.4385340286900423,0,1,0,0,3,grocery,0
268.46434462559273,18,21.01026982915153,0.38739193888521767,1.3878819887529503,1,1,0,1,4,retail,0
136.06757362021074,22,105.90484865105643,36.24463025893298,2.5741001455043118,0,0,1,1,7,entertainment,1
28.86965936474794,7,4.816216864603485,0.6016606170366721,1.4217029390739502,1,1,1,0,5,restaurant,0
51.90752133934233,14,19.045034823749194,7.219110714208598,0.8278844470864293,1,1,1,1,1,retail,0
19.21416066800423,13,5.0508544180133335,5.106031255146015,0.7124110281614571,1,1,1,1,5,grocery,0
86.85203189739252,11,14.941831715984284,0.9250430625226012,0.6078840809319304,1,1,1,0,2,restaurant,0
79.41026323049499,11,10.637705600258048,0.1,0.9444029930946158,1,0,1,0,2,grocery,0
130.82937874415182,17,7.767318994672872,1.6861614334490578,1.0186710314681138,1,1,1,0,3,restaurant,0
694.7477952441675,1,251.77121502100204,32.91401926768963,1.9325440032489494,0,0,0,1,11,online,1
133.22928333294664,6,16.815576669895982,4.861002234750505,1.0549006922700968,1,0,1,0,5,restaurant,0
37.30096364311033,8,12.63303990665216,5.802961404231155,0.9700668899563102,1,1,0,0,2,grocery,0
216.73982586538494,7,3.60956856346949,0.521682226096933,1.0548631049243007,0,1,1,0,3,entertainment,0
25.551111372004897,21,14.061984870486766,9.648600068421949,0.6944937137319745,1,0,1,1,4,retail,0
1.0,8,1.937018436311926,1.5677788248908384,0.7088707709329268,1,1,1,0,1,retail,0
5.50482539779975,15,2.004568963338,3.253045119772402,0.9248379220916922,1,1,1,0,1,retail,0
30.622696359119917,9,5.146238680109399,0.7040754708561918,1.11429536818674,1,1,1,0,5,grocery,0
18.276823450485015,10,0.850403000335834,4.728451961392649,0.48263929517099424,1,1,1,0,1,grocery,0
85.74506305358099,6,45.77859788613965,0.4966767135421593,1.3798894791020366,0,1,0,1,1,restaurant,0
103.04882819836934,5,90.26644470918791,5.014701287446484,3.2518176028946835,0,0,0,1,11,retail,1
130.77594480927942,15,8.587504379199725,1.8207084874538064,0.5631704227713722,0,0,0,0,4,retail,0
40.66692916665655,17,3.0611526526498825,20.468203341238713,0.7259181378457102,1,1,1,0,5,grocery,0
129.99484761900607,11,3.6822174515498984,2.7587107848156385,0.5961529530810901,1,1,1,1,2,travel,0
50.0,2,259.2065190402078,38.710030061508355,3.165386103135614,0,0,0,1,7,online,1
67.57100739305442,10,10.635227755662317,9.845465449349708,0.7726522302616179,1,1,1,0,5,retail,0
188.388595582667,1,49.29791918399705,21.179018849209548,4.925640866241104,0,0,0,0,6,online,1
7.675330628116413,17,5.423420668601056,0.8947860165286965,0.8802059888409743,0,1,0,0,3,retail,0
149.00565800432705,4,8.341103449020228,70.8340508628267,3.5616075334491115,0,0,0,0,9,travel,1
82.48445426447013,12,0.9892842054112674,12.780366088888888,0.6953874719098334,0,0,0,0,4,grocery,0
50.0,0,111.28621766757335,20.86790450704776,4.3327267422207205,1,0,0,0,9,entertainment,1
40.913614283603536,21,35.6923859903189,1.4899851539633695,1.2711619798030864,1,1,1,1,3,online,0
47.208241857199184,7,8.918629155430281,24.690499939910474,0.8574184160466263,1,1,1,0,5,entertainment,0
240.10659177955745,12,13.050955338518314,1.2938159520049424,0.927955820338157,1,1,1,0,5,restaurant,0
14.60430606438531,11,9.335887425303683,5.17877920425113,0.5566468521605343,0,1,1,0,3,restaurant,0
42.15110622198041,14,2.763901155227096,3.625898161125052,1.35648187794867,1,1,1,0,2,retail,0
7.205543220744337,19,45.42666401729213,0.4109986644648064,1.1056238661120805,0,1,1,0,4,retail,0
45.01769268540288,19,29.481359638416393,13.74094380274277,0.605160521032425,1,1,1,0,2,retail,0
52.7721758043034,22,5.8872708908551505,5.8459356523176975,0.9490590416822798,0,1,1,0,1,restaurant,0
19.481560290095675,20,6.572438947838242,0.5176692900113217,0.714683420653081,1,1,1,0,2,restaurant,0
20.70992526692002,12,16.832315466983044,1.5839908122183757,1.5447558471056033,0,1,1,1,1,restaurant,0
318.1572588625617,21,11.821706337087788,2.7308238321449734,0.9980994328427025,1,1,0,0,1,retail,0
397.4119652280773,23,47.234833612242994,19.245757123235276,4.589065682455768,0,0,0,0,10,online,1
498.37959167559353,5,15.29053428959914,97.51047097626264,5.018054667860919,0,0,0,1,11,entertainment,1
20.348282693644165,21,17.179128895972244,1.7669528937970163,0.8943929372891657,1,1,0,0,5,travel,0
121.60092701777705,20,10.628045085529962,22.346434971030043,1.0384574549778842,1,1,0,0,3,travel,0
30.02431099192338,6,13.005838953755102,1.0982225538289372,0.9433348727526909,1,0,1,1,3,restaurant,0
154.49838762322838,7,2.4736576510743897,1.0015476745498983,0.7112943009962032,1,1,1,0,1,grocery,0
41.26439717938397,14,7.0602313026344525,1.3005025718983088,1.6981515493282138,1,1,1,0,2,retail,0
172.11555007109152,22,19.301785596049918,2.7320210111589835,0.8129929911054988,1,1,1,0,4,travel,0
67.8666956968036,14,0.6593121752692863,3.2470907009984167,0.9077584510042809,1,1,0,0,1,retail,0
2.151242817945351,10,5.4420131976179675,16.165216256153517,1.0767728286118616,1,1,0,0,2,restaurant,0
26.57724909329555,8,10.812172144382131,1.4125389915413349,1.1156519130912326,1,1,1,0,1,grocery,0
23.109880761541266,8,1.2314889965498652,7.870608715193249,0.6285617083312138,1,1,0,0,2,grocery,0
19.781458949394448,22,9.176858447432842,8.83553376031359,1.1199620762587776,1,1,0,0,4,travel,0
84.15151509996423,13,1.5279566840695655,3.0760129326635024,1.0427816490414532,1,1,0,0,4,online,0
1.0,6,1.256300049805137,0.9442702794885965,0.6994539521427334,0,1,1,0,5,retail,0
117.57183523565882,19,20.772559735444602,2.920918519451166,0.8485923353969849,1,1,1,0,4,grocery,0
118.58000554503953,9,9.163320029457463,1.235658173921323,1.1503302566431433,1,1,1,0,5,retail,0
17.450775570501396,20,1.5752105836373627,3.2419498001452594,0.7353218202688181,1,1,1,0,1,grocery,0
10.20485146285204,12,18.581615718102288,3.9692328994683628,0.37682711975872574,1,1,1,0,4,restaurant,0
65.29277088511319,20,12.277509603127694,1.7256025102840313,1.2695682509693083,1,1,1,0,3,travel,0
63.248509055112045,13,8.5546044692054,6.286368812778585,0.7686008262676864,1,1,1,0,4,restaurant,0
57.762332402650216,15,25.71023608599444,2.6253644554872513,0.6335273898865457,1,0,1,0,5,travel,0
12.304004440676087,13,0.11302617272468463,6.283260673312371,0.9354714549697596,1,1,1,0,5,grocery,0
266.4109764694727,0,174.75109216763178,9.045244226754136,3.1867497622052334,0,0,0,1,8,restaurant,1
36.682185215067115,8,5.324907444757584,16.30862888959554,0.34012241265824383,0,1,0,0,2,grocery,0
57.66340683259066,16,0.5609756896026986,6.614928540657647,1.8001888382055027,0,1,0,0,1,restaurant,0
65.2593060988339,15,2.429936300798447,2.468593164596353,0.9257400197034841,1,1,0,0,4,grocery,0
12.467960505460118,21,10.83560624960716,0.9200737121452939,0.8582659159338666,1,1,0,0,2,entertainment,0
135.7712508093815,19,9.299461589743144,1.6165900890210285,1.1297541315094035,1,1,1,0,3,retail,0
163.54261226132948,6,10.355875247074948,5.104700273050183,0.6926473493369101,1,1,0,0,3,entertainment,0
143.8825493896563,11,11.206121427988588,0.7005765591031234,1.124093022380094,1,1,1,0,2,grocery,0
173.85220764049325,12,5.025461104161741,9.332507267366427,0.8031724057222858,0,1,1,0,3,restaurant,0
55.50913266366766,18,4.920252320254813,3.530731981710714,1.1667664878668764,0,1,1,1,1,retail,0
59.09228706232125,10,10.265142821097822,0.28299839436661983,0.6768133971204613,1,1,0,0,3,entertainment,0
1.7725593591575515,11,9.426634645411724,11.587962202199371,0.4652140170301834,1,1,1,0,1,restaurant,0
10.492627540184854,8,3.9627482545309585,0.1,0.8817925773274673,1,0,0,0,3,travel,0
40.23644267061657,7,8.926652269258332,11.718897228881108,1.2078651406152523,1,1,1,0,4,grocery,0
188.0858540932887,22,63.51023978772834,1.514217973756102,3.3809230305397757,0,0,0,1,8,online,1
364.5510473782894,11,3.76878198795945,0.1,1.0577040900189427,1,1,1,1,4,entertainment,0
47.35882823845663,13,38.366476647877924,9.875555846163573,1.1247537559020786,1,1,1,0,4,retail,0
124.53672259022329,22,16.589030477151628,0.26862257130627754,1.007073493626376,0,1,1,0,1,retail,0
284.3341631089209,16,8.480185127021358,8.786855163748186,0.9503932559598796,1,0,1,1,1,restaurant,0
268.35285866188616,0,155.97506846331987,14.503450476646748,4.594449983863166,0,0,0,1,14,entertainment,1
21.949569281530856,19,0.1,9.295221061059447,0.9985753946960588,1,1,1,1,4,online,0
94.11987039398015,14,21.319228984764138,8.571403877260202,1.3219547059059507,1,1,1,0,5,retail,0
731.8994658273155,4,75.9735816164271,4.468482548428302,2.404167813691554,0,0,0,0,9,retail,1
85.50005789752942,14,2.4441087831804658,5.0436804678836875,1.421305874086916,1,1,1,0,5,grocery,0
4.697403006956989,7,0.918537819621553,1.2698635980690804,1.5231209710348383,1,1,1,0,2,grocery,0
23.86200668268037,8,17.454690875129128,0.2903408164713212,1.454956546710341,0,1,1,0,4,grocery,0
7.028441733488407,12,5.6081428639057656,2.8437105401603753,1.235426899486564,0,0,1,1,3,online,0
116.25469097214263,4,15.810552874836429,18.660426372875605,3.032924687483924,0,0,0,0,8,online,1
62.918482306792285,17,4.538484965146642,1.9369579665733068,1.128014636638597,1,1,1,0,2,entertainment,0
70.9338204897388,22,52.4237251782579,15.445386696729447,5.35667723562053,0,1,0,1,3,retail,1
27.668195851690847,13,7.794217947055583,7.705898715427162,0.9006692935315341,1,0,1,0,4,grocery,0
47.63716684511428,9,6.891354936566235,0.3068735616384394,1.0872354976372123,1,1,0,0,3,grocery,0
56.2227735142859,13,4.1947991400971025,1.3631525793897725,0.810196464005503,1,1,1,1,5,grocery,0
10.651676777365072,21,3.9474732496941884,9.058911133532169,0.4470970962133556,1,1,1,0,5,grocery,0
80.91217238998836,6,14.698469224188258,15.804153002235799,1.4450913122651001,1,1,1,0,5,grocery,0
432.74107500224915,22,40.104725598795014,87.94772259759387,2.4238794683633733,0,0,0,1,5,online,1
192.23529481297157,15,21.073877276031947,1.7646476344236635,1.7370167731367014,1,1,1,1,1,grocery,0
339.53024189820076,5,11.754987538889448,44.50394956665291,2.5955506624418323,0,1,0,1,5,travel,1
4.826802086004609,17,15.434813500162885,12.61395443207929,0.9846933514848633,1,1,1,0,5,grocery,0
83.60223535877998,7,9.854132906197306,4.842948313533833,1.0807725474996033,1,1,1,0,3,restaurant,0
21.16996855905413,20,1.6825298194253078,10.818913232553092,0.9401973774430273,1,0,0,0,4,restaurant,0
44.923682842941886,18,6.599079595583669,6.124149858338987,1.1239471569565858,0,1,1,1,5,restaurant,0
72.3515093096297,18,5.804685836195987,14.009911602300761,1.0141720742879485,1,1,0,0,2,online,0
160.58159992863955,17,28.666017356027155,2.858573986463732,0.8029242277116275,1,1,1,0,5,restaurant,0
60.90685060597853,10,3.3989782650672904,1.7006381902604426,1.4086319162984173,0,1,0,1,3,retail,0
33.468487199128894,19,14.313222303857813,1.8978156267044906,0.9090698528366948,1,1,1,1,5,restaurant,0
163.68048013958793,14,16.32433762570875,4.293037453942409,0.8222270274059498,1,1,0,0,2,restaurant,0
395.2229145835439,4,498.3851490904323,112.6637836093128,5.5251938957172495,0,0,0,1,3,travel,1
86.71019438389116,16,8.153120115549116,5.813157947902353,1.6787898425414611,1,1,1,0,3,retail,0
48.75108740001788,10,9.867764570449724,1.2752171828866044,0.6880041528351137,0,1,0,0,1,entertainment,0
19.751029206680887,22,7.032522421579317,1.2689936978612029,1.1284593940976626,0,1,1,0,4,restaurant,0
35.29815996238961,20,5.479364444123705,0.8647236617627602,0.8614520281270832,0,0,1,1,5,retail,0
49.67128873767341,6,12.408983290633863,4.644658937099056,1.1604565247919931,1,1,1,1,3,retail,0
251.20597357311865,17,3.509530789552484,3.39157148873885,1.1587027961229182,1,1,0,1,1,grocery,0
136.05836592085805,17,4.157744932521718,15.30320389150549,0.955395256478753,1,0,1,0,5,entertainment,0
16.289320021405736,7,11.46981951419907,1.6013217284566026,1.5490312121558807,1,1,0,0,4,entertainment,0
38.02581776284506,21,23.353523741041094,1.2603249148574034,1.2488636501293984,1,1,1,0,3,retail,0
100.24897385256986,5,151.60994576031348,16.32074570011267,1.6483253629364532,0,0,0,1,4,travel,1
6.777525000315061,21,3.113787993123982,11.073117133002157,0.5716921194087612,0,1,1,0,2,restaurant,0
7.20414009301186,15,11.956641182165264,6.253499528522383,0.8310758064145293,1,0,0,0,3,retail,0
214.95720419465704,15,22.017275322464457,3.076843532669003,1.3219446063307343,1,1,1,1,1,grocery,0
29.7990680328283,18,7.468491834298899,2.598928511757375,1.2690191688027614,1,1,1,0,4,entertainment,0
768.486220663874,3,21.52689476605756,38.6861459047747,4.394571090774153,0,0,0,1,13,online,1
9.017045502615684,11,2.0641006947733236,0.13188748640463932,0.8533740808681696,1,1,1,0,5,entertainment,0
3.7378787201872967,6,6.092528706316927,3.4616041416340133,0.7942902858985792,1,1,1,1,4,grocery,0
42.1309399841331,15,14.740657589680819,0.3335850187808558,1.0409849310289874,0,0,1,0,5,grocery,0
127.32419429144477,11,12.775674929423378,1.1634131376259578,1.0385387003843123,1,1,1,0,1,restaurant,0
212.03080759679642,22,2.7414707038022064,0.6580320174582588,0.7682495809248586,1,1,0,1,3,entertainment,0
169.35585418763986,15,6.319303176015691,5.639950149507756,1.3353145398641768,0,1,0,0,1,grocery,0
89.3058863942805,18,2.677569181933669,3.5787418578462358,0.9029560014233158,1,1,0,0,3,online,0
13.165721635930899,11,16.959069441880683,9.59966499634639,1.3831033789256029,1,0,1,1,2,grocery,0
56.40651358272564,21,6.7225726463760385,2.650937091452528,0.8123858646218116,0,1,1,0,1,grocery,0
27.772897268132528,6,6.917784139110533,1.0680232682588968,0.39784719328081897,0,1,1,1,5,retail,0
5.500332943210968,10,12.54457157570966,7.950277265744781,1.3625742727129033,1,0,0,1,2,retail,0
64.20638627227581,14,5.478852648481903,3.498610942002813,1.5534654344107222,1,1,1,0,5,travel,0
100.6531927301688,21,18.555815292982473,0.3283071170245633,0.8136507994019962,1,1,1,0,5,travel,0
36.27581774224621,17,38.12179810107268,6.457352622047573,0.5532977530289137,1,0,0,1,4,grocery,0
104.26540624653484,19,4.229747027552984,13.093844936969832,1.3622502262115799,0,1,0,0,4,travel,0
35.72680193661958,21,1.3332303609435798,0.40565513483037524,0.6592892261086278,1,1,1,0,4,grocery,0
96.99817623016699,22,12.357315854780634,2.780779671067096,0.881759162786153,0,1,1,1,5,grocery,0
112.97074986317605,22,52.90583250556273,83.08018062085155,4.357432946982185,1,1,0,1,3,entertainment,1
69.43288438922166,17,2.873741370145184,22.111790167082454,0.5664875888261245,0,0,0,0,5,entertainment,0
103.81740550496299,1,37.92989254820197,7.140612580282875,4.647770379828093,0,0,0,0,4,grocery,1
61.5294082386137,12,22.048741836475124,3.346857241480386,1.2040948309436,1,0,1,1,2,retail,0
209.57877541633673,14,8.342699070101288,4.665836256160132,1.359226101836475,1,1,1,0,2,retail,0
78.73009646256091,22,13.229217641424391,1.6666640985035086,1.1669513874050854,1,1,1,0,5,grocery,0
555.4111505195326,1,20.273531963969983,21.59951117788421,2.677652130185251,0,0,1,1,10,travel,1
25.737601742929044,15,32.65788368018883,8.920920439565165,0.4441796164954065,1,1,1,0,1,grocery,0
227.00513491367565,23,51.96918706944857,141.95962935986665,5.864062684138649,1,0,0,0,9,online,1
129.7960487540517,12,9.653537561491293,0.2866639615728491,0.8982681781869737,1,1,0,0,4,restaurant,0
76.44843815859794,15,1.1449842538987414,8.583061342580011,1.4240477971638725,1,1,0,0,4,grocery,0
243.29484088884112,19,3.3094117088447628,11.865518755760382,0.5054885128260891,1,1,0,0,3,travel,0
25.705289818733263,12,0.22262087270324354,4.397890423577227,0.45275075053258507,1,1,1,0,4,grocery,0
83.06037556523631,17,6.245407003520129,12.68046045210969,0.8867219005007161,0,1,1,0,4,restaurant,0
13.544683358030055,15,10.586819743308544,7.546795208121278,1.3413077504453677,1,1,1,0,4,retail,0
21.871947362770424,8,41.57667080221748,7.905659867574472,0.8009975513455168,1,1,1,1,1,restaurant,0
147.57918967857026,13,23.1916353681751,2.945625712977042,1.5981600354300356,1,1,1,0,5,grocery,0
114.54403036684207,22,10.079978535521171,5.476521174763091,0.8616469838900449,1,0,1,1,3,grocery,0
328.6781070296961,14,12.026285509652524,5.362565016069944,1.0851065129456459,0,1,1,0,3,online,0
97.9999802504004,15,0.1,0.9616512244872937,1.1254929173519976,1,1,1,0,2,grocery,0
243.57153964119263,21,4.847949721223027,7.868833665540499,1.1348399339490596,1,0,1,0,2,grocery,0
67.91355384758451,7,21.707008609163672,3.0548417268098707,0.47949508722815626,1,1,1,0,1,retail,0
46.36485937990457,21,6.154752733933061,5.4523908972799395,1.2343405312842264,1,1,0,0,4,entertainment,0
364.1389300228581,8,1.0772296852024374,0.6511482710097372,1.0576679814650862,1,1,1,0,1,grocery,0
43.407183175778776,12,3.3036098554313167,2.367521904046736,1.3485968677614124,1,1,0,0,3,travel,0
120.02745004961548,13,18.843723580733275,7.774059734720127,1.3222811593693806,1,1,0,0,1,grocery,0
137.0173230927827,6,2.9157576905635536,0.8919001179713028,1.2122885605908411,1,1,1,1,4,retail,0
66.06935291358253,6,17.25894920885471,0.1,0.9836382302117789,0,0,0,0,1,retail,0
4.244111043404931,18,0.4751555333916785,13.505999570443157,1.3033029461071988,1,0,1,0,3,grocery,0
38.63989536580823,17,35.75197209199579,2.5003769313573034,1.2726226543641246,1,0,1,1,3,grocery,0
5.237780701801991,13,3.758982944685883,5.250725562432206,0.9332401351996941,1,0,1,0,4,restaurant,0
23.484377910811126,17,25.67063579320772,5.154303260478481,0.5376111240138659,1,1,1,1,4,retail,0
39.00251704672715,15,9.154271674694499,1.855383368027753,0.8072475154362382,1,1,1,0,3,grocery,0
41.136803140664,13,8.223407282988425,3.0672014697332295,1.2353249056607885,1,1,1,0,1,retail,0
106.68800896641724,11,10.59752058381151,1.0117903399377814,1.095757186926844,1,0,1,0,3,restaurant,0
91.90998980617337,6,17.96022149112593,3.9032899577787945,1.1528943007416663,1,0,1,0,5,online,0
175.56971937906337,22,3.7145305962330983,1.007505702748709,0.7420586324170215,1,0,1,0,4,retail,0
84.79435777680115,5,214.5561701454131,1.3324020648145258,3.82711212193622,0,1,0,1,6,online,1
78.42024425214616,6,2.7003018494299527,0.1,0.3105081459538438,0,1,1,0,2,retail,0
20.748795654936536,10,21.98549852324117,5.620429361560351,0.3921455937193744,1,1,0,0,4,retail,0
278.11621177002263,1,188.35149035540235,120.48933298047724,4.665992430048374,0,0,0,1,4,grocery,1
15.794547706691995,12,23.171271769056144,2.67421219713015,1.44941337027206,0,1,0,0,1,retail,0
532.6301185722781,2,56.620461556820125,38.8888207582783,2.7580943300091456,0,0,0,1,3,online,1
28.382385823834877,16,3.7339889181431305,2.406662481566278,1.1338602097882455,1,1,0,1,3,grocery,0
139.0081122694019,3,5.0,91.78184064946345,3.126231153771778,0,0,0,1,11,online,1
86.15289885730098,18,8.527157432488556,4.731836190977675,0.799686437774504,1,1,1,0,2,restaurant,0
29.662706377277086,20,21.633846205324716,10.384482042562373,0.8316008270130978,1,0,1,0,3,grocery,0
49.8446879043279,22,20.565879559844845,7.530815032339867,1.0524132198275642,1,1,1,1,5,travel,0
151.55664247314152,13,2.016251780372998,2.1251123273130563,0.49333341975660283,1,1,1,1,5,retail,0
161.25447854965782,8,26.20895814001527,0.12186136969466815,0.6873520879850503,1,1,1,1,1,retail,0
14.79402172017493,19,2.523151616112708,2.650603462591261,0.5455559125896388,1,1,0,0,3,restaurant,0
27.336097135536967,9,6.859229541807588,1.2061911353576757,0.8016434507613883,0,1,0,0,5,grocery,0
18.911322407423498,16,0.615161313817877,4.109869349506269,0.38899343430334543,1,0,1,1,2,retail,0
26.555512155235498,6,18.559294402921765,2.378634682350632,1.4391451242103483,1,1,1,0,1,travel,0
259.92734892054034,19,16.935022198693662,5.347020326221312,0.6556484673497902,0,0,1,0,2,grocery,0
72.38554592711566,16,11.127005154981068,0.41893746677101934,0.7479373076505471,1,1,1,0,4,grocery,0
81.56846353442424,20,9.818917986239718,9.667268632283035,0.5193608624184498,1,0,1,0,2,retail,0
50.0,3,49.0501691671607,99.47878728749517,3.430236217297695,0,0,1,1,4,entertainment,1
224.4997007974314,11,14.904208177178198,19.00714760914711,0.6007429810953875,1,1,1,0,2,restaurant,0
4.302027258887825,18,2.603344005474215,4.166712306135199,0.8872836980869714,1,1,1,1,4,restaurant,0
2.438881396961881,20,15.35443835371936,0.9658349432090353,1.2858831705288072,1,1,1,0,1,retail,0
9.042470681637635,11,5.72584883326817,0.19980821469726928,0.9810761504826484,1,1,0,0,5,grocery,0
39.37684354089431,17,6.432589419498375,4.476583267417171,1.018586781544355,0,0,1,0,5,online,0
43.30267886031414,17,16.650029307222244,4.43083514546235,1.10137586324519,1,0,1,0,5,retail,0
86.35122797574388,17,26.712896977450313,3.6519587672975766,1.3200510866925754,1,1,1,0,5,grocery,0
66.65349937183666,6,6.073096853630612,4.258672648417875,1.2587111116365144,1,1,1,0,2,retail,0
202.90463527706208,16,9.508412480193446,5.3439654961696545,0.6691226711369955,1,1,0,1,5,restaurant,0
30.07670727064027,20,23.328229757930025,0.1356172191158728,0.4860701729526423,1,1,0,0,5,restaurant,0
738.4119191176328,3,70.15833052145635,47.728244805588155,1.6474473214075376,0,0,0,1,8,travel,1
239.59650029918208,12,21.361470553018957,2.0329169783117504,0.645076994707233,1,1,1,0,5,grocery,0
28.678727586975555,19,10.570193706116305,1.2701013348467534,1.260895418718269,0,1,1,0,3,retail,0
50.0,3,71.02988973465337,109.71402880048684,2.037225086400768,0,0,0,1,12,online,1
166.76437371308785,23,14.529033563259393,16.738875424095035,5.050348601118453,0,0,0,1,6,online,1
131.6697046452757,12,10.55741954122986,2.7707127783909344,0.3902989376680305,1,0,1,0,4,grocery,0
19.393148274512967,13,11.523937413427367,6.90943642354977,1.3387628178556017,1,1,1,0,1,grocery,0
16.7227096568183,22,12.782848311721928,1.2256985114851784,0.4169013507757876,1,1,0,0,2,grocery,0
14.020674778365054,18,14.169052782448288,4.868477161791395,0.8972336000241099,1,1,1,0,1,grocery,0
56.71043435959752,12,34.00807597470156,1.6723141180569039,0.9716794299989919,1,0,1,0,1,entertainment,0
1.0,19,5.39093558818672,1.6794618544434112,1.308153249841965,1,1,1,1,2,entertainment,0
55.00100900892317,13,6.0049297200032035,7.431696222172487,1.2287400355582405,1,1,0,0,1,travel,0
37.40315041722226,12,12.004897589097022,1.693876027437423,1.0559914309428329,0,1,0,0,2,grocery,0
189.08170161655624,8,36.61409842560562,0.4642316752211837,1.3128320287161155,1,1,1,1,3,restaurant,0
90.05399871446312,0,105.35118709666862,24.93185729892407,4.731684400589483,0,0,0,1,14,online,1
190.41188961038523,20,25.62856215803546,5.605663906326637,1.4256662277693204,1,1,0,0,5,restaurant,0
46.47168520113112,22,4.880909014638982,3.139365654957063,1.1408956237338115,1,1,1,1,5,restaurant,0
272.7529202521809,0,9.14698031784308,32.71582049080555,5.390459075111481,0,0,0,1,8,grocery,1
118.56808249853982,9,6.182229431047556,0.8610393897474959,1.8808583469373767,0,1,1,1,3,retail,0
1070.1084931995115,1,263.18221606924345,118.97290048122551,3.59890932335359,1,0,0,0,4,restaurant,1
32.62281861779452,10,20.34086513237607,7.250558787914124,0.6925033416286164,0,0,1,0,1,travel,0
136.46728204479726,13,13.729890026420096,6.6431243502106145,1.3781407241764698,1,1,1,0,3,restaurant,0
455.42171437145845,4,45.47024737574655,50.41336570924264,4.230145697248317,0,0,0,1,8,entertainment,1
164.09260829602482,19,28.895306219327722,16.000013328758204,0.6812981685461965,1,1,1,0,5,retail,0
97.30098566712512,22,53.730993271157104,100.8063253691579,1.6123293740992237,0,0,0,0,8,online,1
20.904464998711237,14,3.4911783586040794,3.7442359556846805,1.470683486554977,1,1,1,1,4,grocery,0
17.430392857001035,22,16.763952693828628,5.530950041603651,1.2333988736465218,1,0,1,0,3,grocery,0
96.92244096740082,22,0.24592638572714945,6.113851545731728,1.7705254101068906,1,1,0,1,3,grocery,0
76.95478844407532,19,4.859370318187387,16.97831249264695,1.0510550317302452,0,0,0,0,2,retail,0
50.70077857419412,10,35.09955808071053,0.7665193222534623,0.5509188150293947,1,1,0,0,2,grocery,0
112.94870009736624,20,1.1542739994736122,6.30339725776955,1.0981845563555441,1,1,1,1,5,restaurant,0
1.455725417785709,12,13.007523983194197,6.587100908427507,0.8359060679525046,1,1,0,0,1,online,0
133.47812754094076,11,5.491553533299314,10.915070280456142,0.9944527452899872,0,1,0,0,3,restaurant,0
69.51219070282175,15,4.437937116719182,11.479758549691631,0.5686485765522833,0,0,1,0,5,travel,0
383.96973923529026,4,86.97822947494882,47.305715560821056,0.8386800885439678,1,0,0,1,5,online,1
16.21414301537878,10,37.24970491442126,0.8126173577020522,1.1685174572634174,0,1,0,0,1,retail,0
17.76721826000869,11,3.570305027367543,0.8485067318229179,0.7623186426986566,1,1,1,0,3,retail,0
13.318832485172003,9,15.076635160330284,0.8855925526601702,1.0313779768196698,1,1,1,1,3,restaurant,0
88.02005132945624,6,34.14757426051437,2.7616351520507183,0.4737793074129423,1,1,1,0,4,restaurant,0
72.23317750787686,3,9.411648373045603,6.88722341646465,5.767173572357066,0,0,0,1,6,online,1
1.2411698771531978,10,36.07163985862851,9.331870266259363,1.4407942580969868,1,1,0,1,4,grocery,0
24.634583085763193,16,7.685256392649867,3.3622119120282146,0.9725918432720556,1,1,1,1,3,grocery,0
4.793912008305268,8,1.9851179419352583,13.59382141073922,1.486909988471888,1,1,1,1,4,restaurant,0
8.23655347582506,9,11.042033046482755,3.1492593167683895,1.2346798612264918,1,1,0,0,1,restaurant,0
246.8483832710559,1,24.146182476873275,88.11820439257377,3.58643352975087,0,0,0,0,5,grocery,1
1.5877712550936662,15,1.742689128275229,3.2486888416640616,1.1682552648332545,1,1,1,1,5,travel,0
271.2223253038131,22,192.81070389178075,26.0909076617006,5.0273518928362755,0,1,1,0,4,online,1
39.393223950549505,12,3.6969528108153433,7.804103434571186,1.1540020041793406,1,1,0,0,4,grocery,0
21.07381704818932,8,3.3591949521414657,2.0283396917701992,1.2564909305201677,1,1,0,0,4,entertainment,0
10.96147392536057,21,20.473280315039094,0.15499891183994333,1.7578248858763101,1,1,1,0,2,travel,0
80.93041490590062,9,10.16872736766691,6.95092558156783,0.89338847154094,1,1,1,0,5,travel,0
82.81328501443986,12,11.741480890315044,0.1,1.2112095409324186,0,1,1,0,1,travel,0
17.49420468497793,22,14.384584481090128,0.8614178903573101,0.8405388718482013,1,0,0,0,5,retail,0
269.6504273968938,14,9.318544856457322,3.686064363449983,1.0067134402192952,0,1,0,1,5,retail,0
71.80037770478084,7,54.93426519583706,0.5164055987644154,1.2281075659775724,1,1,1,0,5,online,0
42.64494590115099,11,4.202776037238914,0.6217675201442077,1.0383752087573455,1,1,1,0,2,retail,0
22.18511482289918,8,7.4477518101409546,0.690638932724031,0.8023213221021034,1,1,1,0,4,retail,0
92.75238912199092,6,6.066571889389053,3.312811751290937,1.099226302001975,1,1,1,0,2,grocery,0
20.581241457414645,21,11.891375802770074,2.4531407818668196,0.9608939097321477,1,1,0,1,5,retail,0
8.596017061311363,8,2.500995662889602,7.624092876962778,1.2459394442618612,1,1,0,0,5,travel,0
22.289561312915783,9,4.650526903149169,21.460823126459854,0.8586869297101517,1,1,0,0,4,retail,0
100.33602500021645,21,11.043161012097691,13.25590833359115,0.882888408027902,1,1,0,0,3,retail,0
116.37101247279833,15,20.59062946876309,8.227474093401852,0.8632990585145861,1,1,1,0,5,restaurant,0
461.98198879128813,22,145.17226066121037,6.979639980424163,2.090897602211145,0,0,0,1,10,travel,1
153.1398923893712,9,12.719869963070474,0.6940622269370793,0.5887995642081838,1,1,1,1,1,retail,0
8.288891655970206,20,0.6576740426216864,5.41709149689808,0.5985395559595301,0,0,1,0,4,grocery,0
4.042320908017751,14,15.703200563945872,3.5923999185247006,1.465338670786513,0,1,0,0,1,grocery,0
20.625120180650214,22,29.149133492152572,6.677351423808008,1.3566751444694956,0,1,1,0,2,entertainment,0
55.695017521279134,9,35.82117829057807,11.906299813641807,1.1354774635736886,1,1,0,0,1,restaurant,0
564.021784539175,1,5.93866602064919,46.46854746636869,3.6782383990638676,0,0,0,0,4,restaurant,1
115.88987593237792,8,19.62304246704229,1.91488882820507,0.9713829745942697,1,1,1,0,1,entertainment,0
7.33789124579021,14,0.713429925818546,8.710698943547703,0.8268798146065064,1,1,1,0,2,entertainment,0
66.48551751606847,7,23.041338061078932,1.2110386217410982,1.0408299618378718,0,1,1,1,3,entertainment,0
36.673304576561605,12,10.355354404750168,10.43820864918417,1.5901975364946948,1,1,1,0,5,travel,0
74.20613075270956,14,4.6476345958655605,14.2246956131961,1.275427609454329,0,0,0,0,5,grocery,0
94.19357522103175,16,1.0045630933662506,5.980556589654472,0.9685903363494129,1,0,0,0,3,grocery,0
94.32580602558517,6,7.487529113676345,2.434291988232011,1.0167934853619311,1,0,1,1,2,grocery,0
258.2469990249987,14,0.8097711097620176,3.2416399814460153,0.5817172083499255,1,1,0,0,5,retail,0
94.23157106530309,22,1.8405128535959663,5.111294190823539,1.1346629627224716,0,1,1,0,5,grocery,0
85.23802933801332,21,5.02601896446527,0.6270309859232327,1.080124988685287,0,1,1,0,4,grocery,0
1.0,9,0.5527502987894533,2.3325580844354477,0.7665601191273123,0,1,1,0,2,online,0
19.126020813174865,14,0.9045487227641297,4.276605117847477,0.8873855631698553,1,1,0,0,2,grocery,0
49.94198262210588,8,1.1287387260633055,8.425161454167275,0.8544321330673332,1,0,1,0,3,online,0
17.398568642476924,7,12.811350222276108,5.110021633367095,1.041746371760217,1,1,0,1,4,grocery,0
223.38322903312047,17,10.461884584818776,2.62706957593344,1.2668790742363232,1,0,0,0,3,restaurant,0
32.05682842843257,18,2.6184236313394873,4.6156443416505475,1.1678693808669818,1,1,1,0,3,retail,0
468.12230093255835,19,9.277629483336636,3.011962724082988,1.1303622788905967,1,1,0,0,4,online,0
124.70648254789934,14,1.218075207195721,8.332152710735166,0.814429777628132,1,1,0,0,3,entertainment,0
73.17607005689277,12,20.61448268398234,5.288763584424475,1.0147459508002832,1,0,0,0,3,grocery,0
81.91593635179942,22,9.802958541548552,0.1544925414793678,0.9565481531409635,1,1,0,0,5,travel,0
164.36026577143483,18,10.323954346269343,1.2646021081908867,0.9354449690475464,1,1,1,0,4,restaurant,0
7.289680809326047,21,8.055620300060717,7.048214254854108,0.7545134069284494,1,0,1,0,5,retail,0
195.5692769469309,18,11.471213159599777,5.70061641276085,1.3046500801769951,0,0,1,0,5,travel,0
1.3381558046776496,7,6.145761542484172,19.86416328762977,0.47825194161668094,1,1,1,0,1,grocery,0
208.7981959367932,13,20.790415536079728,1.192562878208894,1.2336956979949205,1,1,0,0,4,retail,0
86.7436953123466,16,2.7484660216578165,1.410545630946568,0.22804893953124927,1,0,1,0,5,grocery,0
141.079700078167,7,19.71852175747149,8.539778977271338,0.8281328432364055,1,1,0,0,4,retail,0
282.9743218725276,12,11.489883630450542,11.251205730433746,1.3593406760919124,0,1,1,0,2,grocery,0
22.691078516166495,16,3.7762482590862416,1.1964486732877568,0.717295574596346,1,1,0,0,3,retail,0
8.920450563858207,19,7.2658927902380785,2.0882678571721303,0.7227606322376343,0,0,0,0,4,entertainment,0
138.3543140415228,19,2.381132140195737,2.6228632613954765,1.424405805406941,1,1,1,0,1,restaurant,0
49.51407478714237,7,15.045936712722137,2.621642990986518,0.9957329812579379,1,0,0,0,2,grocery,0
259.6798617817941,14,1.03711956909539,37.181924424747564,0.5138337158350007,1,1,1,1,2,retail,0
205.68431035940986,22,5.0,3.5999073420426866,1.460538148874885,1,1,0,0,13,travel,1
58.652839472611944,8,7.3622107558933845,0.1,0.5121255436884967,1,1,1,1,1,travel,0
43.774905469424034,8,12.995792572933386,12.031455715957248,1.2503312369584936,0,1,0,0,2,retail,0
208.93057795783963,15,1.7398382741905754,0.1,1.4256412006823007,0,1,1,0,4,restaurant,0
788.9675335069848,0,66.73837824401852,65.5332585576445,0.5,0,0,0,0,6,online,1
278.21145343928987,3,85.4780787991779,17.04983506930831,1.794889387916455,1,0,0,1,4,online,1
63.920899999488896,9,35.352112272773006,2.072146698765053,1.278384407539365,1,1,1,0,1,travel,0
2.203462290950522,13,56.84248134790148,1.743976521509658,0.8685350702878413,1,1,0,0,5,grocery,0
55.67571881799926,2,94.7057559187038,62.25017242396428,3.817448703531304,1,0,0,1,10,online,1
213.19744105462297,22,7.343429988988699,1.1735982478256637,0.9732739892825217,1,1,1,0,4,grocery,0
66.58402447219986,21,5.254529546977611,0.6378781514801162,1.0391736973369068,1,0,1,0,5,grocery,0
97.79719258496601,17,10.875218360096268,1.8090392592537152,1.2237339273916752,0,0,1,1,4,entertainment,0
418.4570956723523,2,40.59990490764455,30.373585363451095,5.939755033713614,0,0,0,1,6,online,1
65.69953476530739,20,45.642386600693364,4.147067766132589,0.449965797659701,0,1,1,0,4,grocery,0
10.868654746607536,21,13.98770585635626,4.497660291591595,1.0448833029434188,0,1,1,1,5,grocery,0
34.563510318385326,8,11.342173047887353,0.36229466427671886,0.7829832393026612,1,0,0,0,1,restaurant,0
251.35284100352916,20,24.104732368859914,0.20177056859408005,0.8102545375668946,1,0,1,0,2,restaurant,0
161.04628499410794,13,12.892505524785323,1.1676457227008006,0.8829375203774186,0,0,0,0,4,online,0
69.58475117045128,14,3.6935342527646386,5.079657548498667,1.370516370863223,0,1,1,0,3,online,0
17.113065745875847,22,2.1436840631261007,3.4031363817862585,1.1249781528443645,0,1,1,0,3,retail,0
60.341323575266955,18,14.16775428453736,11.75319756184978,1.0489666756090745,1,1,1,1,3,grocery,0
548.395673568982,2,85.59195514789016,94.54894433603562,7.130875161317461,1,0,0,1,10,online,1
29.118950238217927,19,4.676458155741179,9.019959315967798,1.2872061828368293,1,1,1,0,4,entertainment,0
21.941697464650822,15,13.67086630452512,4.609005426338015,0.8592454404381156,1,1,1,0,5,restaurant,0
98.72707597650248,20,2.525121823556844,1.5698548772621066,0.508165986639151,1,0,0,1,5,retail,0
29.90329741486303,11,3.309870033040478,0.5313898822800285,1.2582107066203272,1,1,0,0,4,travel,0
3.277331989033989,22,12.738424914426073,4.303211760646535,1.1153146302825774,1,1,0,1,3,grocery,0
124.88354042388893,13,22.24129404074537,4.4720627335916765,0.8377326211745995,1,1,0,1,3,restaurant,0
196.78465863170527,22,12.466863968129836,2.2394267675422346,1.0628314962755023,1,1,0,0,3,retail,0
112.56459621300685,19,0.1,4.169495042367936,1.5566907052336223,1,1,0,0,3,online,0
33.14924735376011,18,0.3820661253752553,1.3397856725132529,0.6715766814488742,1,1,1,0,2,travel,0
118.0076238267417,20,19.53074492058424,0.9995530288502841,1.206099888696536,1,1,0,1,1,retail,0
29.44544704110247,7,2.8721563826019376,0.6907323965174523,1.0133815256584702,0,1,1,1,2,grocery,0
138.31956090938172,18,1.8464628637008613,8.79291543571029,1.027768316204224,1,0,0,1,3,entertainment,0
103.56430832483096,6,0.4483735646406634,5.7197263599561845,0.9028650009232637,1,1,1,0,3,entertainment,0
126.40011165442135,6,3.794836436733645,17.93733573513247,0.7251376675283925,1,1,1,0,1,travel,0
30.939348851990754,9,9.010555414295368,2.1667071863599894,0.8765080381924256,1,1,1,0,1,retail,0
217.9746679548201,22,17.810349025847845,19.93052271122085,1.0648228678674119,1,1,1,1,5,grocery,0
172.50247143733108,15,21.216994052397954,0.5577918653437653,0.34830645817840056,1,0,0,0,1,retail,0
215.71528203183234,17,5.0886343579579325,0.3437350219988661,1.624274159332399,1,0,1,0,3,restaurant,0
6.972322026692588,22,11.562587170826985,7.509621260831802,1.0802281088792425,0,0,0,0,3,travel,0
4.13066252652453,15,10.696555188525759,22.00257566167485,1.688166916769759,1,1,1,0,3,retail,0
23.75960291768715,21,0.1,0.23124674723073818,1.2979873424681483,1,1,0,1,2,grocery,0
61.44627475296719,9,6.43687065204229,2.0131312250887468,1.0051789772963988,0,1,1,0,3,retail,0
19.41291407462699,13,13.999285821949979,1.3034383323427732,0.7762037295963505,1,0,1,1,4,retail,0
101.92668412015882,0,5.0418870027926825,4.007205924990473,5.324481163825862,0,0,0,0,11,restaurant,1
59.582759978568006,15,5.2865710919253175,6.114123894066504,1.2587941125869475,1,1,1,0,1,restaurant,0
35.91150015849239,8,22.398051915943302,3.665457021972519,0.9830052844691763,1,0,0,0,2,grocery,0
48.028963873963434,18,14.88203910023595,1.7961264790430862,1.0256547724624356,1,1,0,1,1,retail,0
75.06774937886173,3,109.35936912522224,9.832178146323923,3.045322426616971,0,0,0,1,9,grocery,1
6.690857007360012,22,18.705556466670355,2.438227983606138,1.1908876091693594,1,0,0,1,3,restaurant,0
16.633050586554678,17,22.452012326016067,4.776527909767333,1.2679562585886983,1,1,0,0,2,online,0
86.0359085640371,22,8.48333657161343,0.7819096019574646,0.570688637367489,1,1,0,0,2,grocery,0
595.3378327763525,9,15.749506716444937,2.7291532095407782,0.5767080594144495,1,1,0,0,5,grocery,0
33.9575305209089,19,25.96306596531118,3.8243444442134464,1.209097364500714,0,1,1,0,1,restaurant,0
147.88391562950898,16,27.87610025839554,8.113800281995651,1.4406437420716074,0,0,1,1,1,entertainment,0
56.39372910716232,13,5.974333396299237,0.4959428937138747,1.1331280943864641,1,0,1,0,5,entertainment,0
242.0043609950838,6,0.33912273656222003,0.6579760873271214,1.0239165732821507,1,1,1,0,5,grocery,0
32.92176254625528,21,45.34408433612778,8.089224634012002,0.3735577590195813,1,1,1,0,4,restaurant,0
14.197892328039071,9,8.6407799140464,9.934735092393476,0.712841463383296,1,1,1,0,5,grocery,0
15.071354484727774,9,2.766271510577934,9.34291075148497,0.7680005372956673,1,1,0,1,4,entertainment,0
193.4640873599302,10,6.216404940326738,10.793784953230634,0.4894355966451208,1,0,1,1,3,retail,0
98.4933497629971,2,183.56519917932985,69.84346475448345,2.6854669431948093,0,1,0,0,3,restaurant,1
49.42369631201196,13,0.24436941827318634,1.6557093276121244,0.8665750464229192,1,1,1,0,5,retail,0
248.88820237295053,6,6.560903904034589,3.425909241792872,1.3652932277457652,0,1,1,0,3,entertainment,0
174.9632268218636,9,13.111875116076845,0.868145860124309,1.2552171503402283,1,1,1,0,4,restaurant,0
248.684645041784,12,7.386535705128187,9.214160741252774,1.1031903605519653,1,1,1,0,1,grocery,0
1.5673536021676246,13,0.8844870174403947,2.1026277868930427,0.7171707515938792,0,1,1,0,3,retail,0
270.118008218506,18,10.446343422421966,3.396063665834989,0.7384596518745214,1,1,0,1,5,grocery,0
66.61723711547181,21,22.13113618765596,2.6129412905494003,0.9848064503833597,1,1,1,0,3,restaurant,0
51.05580532047603,12,18.252184635787728,1.8375422793953193,1.1959942336037561,1,1,1,0,2,restaurant,0
36.33641528580226,21,1.9257376017253134,0.6400467776673071,1.4153219504911054,1,0,1,1,4,grocery,0
2.368292784180171,22,17.55648201277723,4.426750429988866,0.9095064009918223,1,1,0,0,3,retail,0
1276.9227950205504,2,61.59471862698587,29.319478866739512,4.158996255716601,0,0,0,1,9,restaurant,1
6.669005494560631,11,5.589688195917347,0.1,0.8541182697510983,1,1,1,1,2,grocery,0
2.05420876331795,9,4.328088827517807,7.04027280856751,1.1154391340510965,0,1,0,1,4,grocery,0
38.7465393886969,18,10.791610297508354,4.063076617590455,0.579348244414488,1,0,0,0,5,entertainment,0
158.55788001262678,14,2.894422454829204,1.4708423484141249,1.0884502906308087,1,1,1,0,2,travel,0
13.317564010280055,12,2.748616312944219,1.1239398314412568,1.0844629026135573,1,1,1,1,1,retail,0
11.200973526098474,14,0.6504685313949852,3.710213206651354,1.0344417859703354,1,1,1,0,4,grocery,0
50.0,1,88.35205762581711,65.45974206758848,5.374667115916897,0,1,1,1,4,travel,1
41.549318734202686,9,20.32553436339311,8.488505925554465,0.7862263098468032,1,1,1,0,2,restaurant,0
329.3840840089857,6,6.40523927598553,9.233830725393203,1.34074943517099,1,1,0,1,3,retail,0
74.9626248857244,7,10.979812365478894,3.0141729289848667,1.0401608175195431,0,1,1,0,2,grocery,0
147.33358760274467,9,4.592777389869517,9.021363537779994,0.9760402294443972,1,1,1,0,3,retail,0
25.25181022611891,18,0.7560267128303204,2.860300387785955,0.8619732476307106,0,0,1,0,5,entertainment,0
123.2178033154236,15,7.812313674007298,2.841696336884273,0.9752540166315071,1,1,1,0,4,online,0
10.060009586328611,19,0.17773524602077173,0.20613637751341005,0.716497951248491,0,1,0,0,3,grocery,0
198.10081487007028,15,1.6990889480860458,3.1604312782061177,1.1382069090112439,1,1,0,0,3,retail,0
67.06139231344966,21,5.0719156018491045,0.6637062381021082,1.3326104164864438,0,1,0,1,3,entertainment,0
448.6996984567245,7,36.09506971127496,2.794646701473275,0.7565842179923596,1,1,1,1,1,grocery,0
3.3381770174052243,17,6.384868697770381,12.095427259389211,0.1,1,1,0,0,1,travel,0
90.51681071856684,20,3.2247261259826816,20.74411395189896,0.28775913885234505,1,1,1,1,3,restaurant,0
11.562882190018593,20,24.07290860739063,8.829111843693715,1.1367494306697354,0,1,0,0,1,grocery,0
24.425611134330197,11,53.08721962114954,2.0104147106617734,1.044266257981488,1,1,1,0,3,grocery,0
40.86378570579649,19,3.964463648661684,1.6619837440897336,1.1126049401590907,1,1,1,0,3,grocery,0
18.2560689009251,22,6.886122319572444,1.4631635835490346,1.1652139549362879,0,1,0,1,5,grocery,0
124.32591971788781,7,8.754378856148698,11.784411452270584,0.6567529422570024,1,1,1,0,2,grocery,0
444.9341788918698,13,11.584155937935614,5.515367607671059,0.5911200386352815,1,1,1,0,2,retail,0
29.003327929260095,6,7.232214934291256,0.5048366173481904,0.7708328223495275,0,1,1,0,2,entertainment,0
180.99270199386703,23,110.83737202091024,180.22187343607254,2.062251666836107,0,1,0,1,3,retail,1
30.73257506358948,10,4.376706131366771,2.1562463180237255,1.3772423456482596,1,1,1,0,1,retail,0
16.313979036028073,19,3.7053240762636164,3.029665397536659,0.9131178669967708,1,1,1,1,3,travel,0
43.52679506268635,19,8.157033752176194,6.246342930628428,0.7418544538335813,1,1,0,0,1,retail,0
107.31762377287558,22,1.8816401643551304,3.297795135457791,1.434367272427023,0,1,0,0,2,restaurant,0
164.17840066401834,11,2.19640559425799,0.1,1.1746354502031435,1,1,1,0,1,retail,0
26.907890259854636,8,4.192440308994706,0.5329087071809191,1.2386449874047254,0,1,0,0,4,grocery,0
284.3018875284332,22,84.58865529335304,6.343621855799133,4.423477706800602,0,0,0,0,3,online,1
8.135562579748157,8,58.79974685079744,2.49636521507285,0.8831112699105296,1,1,0,0,1,travel,0
107.29014286821268,19,21.922486189856386,9.897583448739574,1.0110235719001792,0,1,0,0,2,retail,0
25.280235754398845,22,6.363877411784706,1.202422115127566,0.9784144104579032,0,1,0,1,4,grocery,0
1.45972421266673,22,2.63253782687077,6.299374284566301,0.3098487993295941,1,0,1,0,5,retail,0
200.31647854317495,21,0.7288000306407469,0.14067155443550203,1.06542357188344,1,1,0,0,3,entertainment,0
136.29319360047697,14,18.444850688794848,12.335567196883702,0.8498443100962652,1,0,0,1,2,restaurant,0
124.26110506570548,5,46.56075989976655,91.00177347099634,4.972363548072668,0,0,0,0,7,travel,1
34.1296012008099,8,10.330905763107396,3.520022569057054,0.3516100564358182,1,0,1,0,4,grocery,0
115.97737525337268,6,24.347073501247056,6.95175635139562,1.0549315570846638,1,1,0,1,2,retail,0
43.94960317861185,16,2.7422864169467887,8.88700893969794,0.833874339563015,1,1,0,0,4,online,0
51.8292631355189,8,20.024776309630326,2.9217757994436724,0.9684772681205589,1,0,1,1,4,grocery,0
95.27922516891381,18,8.206097182317203,2.098226845645205,1.4113851117801768,0,1,1,0,3,retail,0
133.88128375146826,20,1.9002549510847822,2.8070306351088954,1.1777921446656472,1,1,0,1,2,grocery,0
121.14770671808415,20,4.387626564575473,2.4166265723424254,0.9621673345611099,1,0,0,1,3,online,0
6.977631733237444,10,18.207284065230986,5.866892468457376,1.0231254472285014,1,1,0,1,4,grocery,0
1.719909132820905,15,10.897910678520915,8.740014833758686,1.156027295500212,1,1,1,0,4,grocery,0
59.89408081942556,18,10.308671350411597,3.06161599712455,1.0705360407219793,0,1,1,0,4,restaurant,0
41.2722471051581,11,2.757345156617272,4.022653683535553,1.0610937240977147,0,1,1,0,2,online,0
30.427708259049396,11,1.8688338084516618,1.3377684716109537,0.6183839891523553,1,1,0,0,5,retail,0
34.40190214023285,7,12.382333673102979,2.7156984742747428,1.6441878411963904,1,1,0,0,2,grocery,0
68.98342740394607,19,12.0824527209767,0.1,1.0039686170568172,0,1,1,0,2,travel,0
45.62880488213581,8,2.902525337341017,13.750273838426402,0.5785087599629745,1,1,0,0,5,retail,0
105.88123335018733,0,38.79122754089795,93.30598199634068,3.451842444561187,0,0,0,1,10,retail,1
25.514096514402805,19,7.652596459950903,1.8464550816690342,0.8260363195535132,1,1,1,0,1,restaurant,0
53.089864492761514,15,3.7438160845323742,2.0354208200407644,0.7822640889566647,1,1,1,0,5,retail,0
40.33057567374243,16,9.983121431317972,0.6016210561178719,0.7592040333808265,1,0,0,0,4,restaurant,0
159.21701775158039,8,25.4933555152633,0.7891811237055434,0.38983241290924187,1,1,1,1,4,travel,0
50.0,5,5.0,3.8447738980780266,2.847482576642865,1,0,0,0,6,retail,1
70.71384462970988,15,11.008105768163691,0.32805798622481147,1.0842745526963333,1,0,1,0,1,grocery,0
90.5481387413879,10,1.1527799393006568,1.4345177539077105,1.0042030623909646,0,1,1,0,4,retail,0
4.945206984360652,17,13.503969716396917,0.1,0.8493896969383679,1,1,1,0,3,retail,0
197.08079077070732,11,19.287748914720876,1.546097680007779,1.5631006730186328,0,1,1,0,4,grocery,0
14.785920912091914,22,19.472306114107415,0.9645795337612818,0.832758753790428,0,0,1,0,1,grocery,0
5.0081869573216835,19,12.629141904517795,17.184817938439323,1.3307863638822737,0,1,1,1,3,grocery,0
50.788490970391535,10,3.5766284135408117,3.0746426344152167,0.43839252248347105,1,1,0,0,4,restaurant,0
229.45167097177188,21,8.158567474122616,0.9362007703544053,1.010463324507437,0,1,1,0,3,grocery,0
34.19506247259059,19,8.170329705069344,5.4288541990343315,0.5475569323173254,1,1,1,0,1,retail,0
21.828333312553664,8,20.1482995342853,0.36566099304746963,0.7606938825157908,0,1,1,0,1,restaurant,0
15.355546448491168,22,21.604023679106422,0.3970460545196044,0.7247571386236755,0,0,1,0,2,retail,0
327.74006371549035,1,13.541955669623231,138.19528566701095,0.5,0,0,0,1,7,travel,1
62.523302244685446,16,21.836073544169743,9.514346605299945,1.0822454933889525,1,1,1,0,3,grocery,0
287.0093803469611,3,108.88904776169997,104.4158983456079,1.516732279221488,0,1,0,0,12,entertainment,1
39.126075385196025,20,12.408327742440441,0.5335501458412055,1.2568588508234235,0,1,0,0,3,restaurant,0
90.41760292410248,9,14.355263728957802,13.48639914177607,1.234968431625001,0,1,1,0,1,grocery,0
129.30553693421504,17,22.68033857992947,4.589685995242778,1.2081652268173033,0,1,1,0,2,travel,0
159.2743622664423,22,5.3454119501453246,1.743255306392463,1.3519049273645223,0,1,1,0,1,entertainment,0
155.76970509931786,1,70.05935268244377,26.424473071438488,2.026965131508177,0,0,0,0,6,online,1
147.51602207319993,20,27.183261924381906,2.1326274234275706,1.2466857531598585,0,1,0,1,1,entertainment,0
48.05229862257609,20,10.802575511799626,14.282395369365366,1.0531366915881928,0,1,0,0,5,retail,0
14.087232931347538,22,9.869187983046046,1.9914704840752186,0.6417920160550419,1,1,1,1,1,grocery,0
10.768559136895464,8,15.954463938733074,0.4551612081606046,0.8571450727511568,1,1,0,0,1,grocery,0
117.08214308984006,19,2.205840584236562,0.37200026322669966,0.8901837074235788,1,1,1,0,2,retail,0
1.6220288600251611,9,0.63049450605971,5.557849901670052,0.996852295039304,1,1,1,0,2,retail,0
94.99072915113487,20,19.094372570660127,5.188448896835901,1.3700274619285664,1,0,1,0,3,retail,0
47.181085393782084,8,11.070911474842482,11.369887657251073,1.2554782888146157,1,0,1,0,4,retail,0
669.1703731908864,5,5.0,114.91603684190733,1.6406056302981478,0,0,0,1,5,entertainment,1
75.70516151761586,19,5.013226450791586,1.6649010933809636,1.2425659236359132,1,1,1,0,5,grocery,0
13.349663076851026,19,6.959265755118601,21.174416171073617,1.2219805859709802,0,1,1,1,2,grocery,0
42.69330671672817,8,23.442585805702674,0.37878144017199356,1.1745167872142552,1,1,1,1,3,restaurant,0
107.12139239001812,18,7.79641006349571,4.605573650920645,1.1144346102891107,1,1,0,0,5,grocery,0
10.319905893129384,19,4.679212704385042,3.5238510859939205,0.48666928880534044,1,1,1,0,3,entertainment,0
142.87660566436483,12,8.330816797133329,23.518229095263166,1.3979466053163283,1,1,1,0,4,restaurant,0
16.966954401285612,18,0.7209895840548696,3.4643674187689695,0.9089863182727483,0,1,1,1,2,retail,0
120.95466643069625,20,10.095801084256042,3.66553578536339,0.80690297077179,0,1,1,0,1,retail,0
16.3977900867191,14,2.800979640276975,4.901132733820407,0.9279992792608619,1,1,1,0,2,restaurant,0
2.2877076969291514,21,8.764966756086102,1.0495058986410457,1.3884731293006478,1,1,1,0,4,travel,0
152.68862420354722,1,5.0,81.16250420271257,2.035383426862718,1,0,0,1,10,entertainment,1
4.426686146412681,21,14.931180843147215,2.1861727761429877,0.9924165928369892,1,1,0,0,2,retail,0
40.9678561019937,22,7.220699999491326,7.5388598555093544,1.0500878573358092,1,1,1,1,5,online,0
84.04409317898097,17,30.538851874516407,6.118102372177114,1.645771910058368,0,1,1,0,5,entertainment,0
23.88408944007616,22,4.114597793136838,9.34158620566299,1.6338008614213604,1,1,1,0,5,retail,0
87.6775191735752,18,20.42947614412305,3.473221696393785,1.0683273401959648,1,1,0,0,2,restaurant,0
1.4711910277786964,20,35.721879526904154,0.8632339201766686,0.9570019633010042,1,1,0,0,1,entertainment,0
34.48559342273675,12,2.2899683288494805,2.160827632923365,1.032960961768157,1,1,1,1,3,restaurant,0
38.89819321396509,14,3.481097738989012,1.8927297260567941,0.6536604650374616,1,0,1,0,4,retail,0
12.19463753517025,8,0.9622905781141844,1.2305697510598816,0.9264354697128441,1,1,1,0,3,online,0
60.9235538023582,9,3.8731389225647392,12.441194508057604,0.8384972938570668,0,1,0,0,1,grocery,0
50.0,1,5.0,59.31219101488809,3.0899449788704905,0,1,0,1,9,entertainment,1
2.6013974984428967,7,6.351042716821941,2.1850089220166815,0.9576459597692191,0,1,1,0,3,entertainment,0
68.86846056739259,11,1.0571557778856873,2.02210012380836,0.7189274687000222,1,1,1,0,3,retail,0
94.7204362961981,8,3.477814678599687,1.5716253570371872,1.0396671996373799,1,0,0,0,3,restaurant,0
24.96493678522183,20,27.273154104152812,0.1191089162945101,0.4975396171321925,1,1,1,0,5,grocery,0
117.41608629633149,5,96.60072214172419,17.20462270049678,5.400467248511098,0,1,0,0,3,online,1
758.1065088029301,5,70.21681288135034,61.802457051970606,3.0234070874450865,0,0,0,1,3,online,1
147.84815628581438,9,3.3302686592146613,9.991395071940977,0.959459441714844,1,1,1,1,5,travel,0
288.3875237007897,4,13.147231227901905,43.03834420737679,3.2512961124602935,0,0,0,0,12,travel,1
88.52722219589785,12,3.2184444769420155,3.478186060820679,1.1165813139260912,1,1,0,0,4,retail,0
207.20071415568393,4,31.267113194723958,67.94092944213466,3.931884125727599,0,1,0,1,4,retail,1
12.845732106913514,17,12.226908672016359,7.4384718802027034,1.0824904379983629,1,1,1,0,3,travel,0
89.59867003707012,1,33.87014444431196,17.46166213072696,2.237226546413952,1,0,0,1,10,travel,1
59.23551465448352,19,6.567437353306069,4.824700849148185,1.0488800993258516,1,1,1,0,1,entertainment,0
74.46664067737674,10,13.910723031330098,2.181896542007917,0.8112475571895074,0,1,1,0,4,grocery,0
43.35634853361387,22,1.6111063587768064,7.270420142648283,1.0307731946885035,1,1,1,0,3,entertainment,0
81.16641093116137,8,3.2916755320041915,2.7747310979830826,1.2069406704693209,0,1,1,0,4,retail,0
70.39569850630916,11,2.6678089199706796,0.8087670863552093,1.2454347730257136,1,1,1,0,4,grocery,0
101.39673978798226,21,0.23071779055828495,1.8571498021001964,1.0921164208734262,1,1,1,0,4,travel,0
11.096372877552025,14,6.175615612925344,1.2135017562782289,1.0363178087420988,1,1,1,0,5,grocery,0
3.5914167120125624,15,2.0419254818202384,1.0479974650838622,0.7584497497694824,1,0,1,0,2,retail,0
89.60425750055944,1,10.529966483854622,20.508716596707295,3.4075531434445883,0,0,1,1,5,travel,1
33.24176716232309,19,10.503145702230608,0.5362686648428839,0.5394884820871553,1,1,1,1,4,entertainment,0
156.7085947558307,21,7.1066640528811895,1.8972130766659554,0.6918308241967848,1,1,1,1,2,grocery,0
30.931007632000313,21,5.478989802458363,5.42671321259161,1.02832384527847,1,0,1,0,5,grocery,0
8.15957677105449,22,3.8826965631952026,14.904817817771875,1.3818279078030722,1,1,1,1,2,grocery,0
49.31009653330837,15,12.069996610698787,2.6241430773359493,1.5177682655709115,1,1,1,0,5,restaurant,0
131.04707798972183,22,8.027280103377887,2.2078490391586745,0.9343408636983138,1,1,0,1,4,grocery,0
58.4190469042953,6,0.6952693472214555,9.435815885038082,0.23644629212126234,1,1,0,1,2,retail,0
85.05590978777764,9,12.335126152205195,2.6768686671259116,1.3170281841558595,1,0,1,0,1,grocery,0
30.34021525281414,14,6.337972563010389,3.434719785007316,1.124714136049872,1,1,1,0,4,retail,0
63.857252491686474,10,1.8507037356171394,0.6352588029465385,0.9732360585041077,1,0,1,0,4,travel,0
168.13458259516943,13,13.543390863959672,0.9839809975912548,1.3899603180452902,1,1,1,0,1,grocery,0
127.0895579963364,19,12.229719381437194,1.6433551031608649,0.8413842996806942,1,1,1,1,4,retail,0
49.240502884114214,20,13.184492472927783,2.5212524034100885,0.8887192741050427,1,0,0,1,1,restaurant,0
10.832331657988982,7,11.81516849849694,7.130529709901358,1.1946780444500564,1,1,1,0,3,entertainment,0
64.00347348817458,12,15.45854233818867,3.76485330395913,0.7027821362056748,1,0,1,0,1,restaurant,0
36.650358596538524,11,9.36673168860149,1.2556303011845187,0.660529162212484,0,1,1,0,5,grocery,0
164.74778484013166,11,60.20432235104597,2.3394736014162727,1.2614559512654437,1,1,0,0,5,grocery,0
41.11807310995524,11,14.339184910865493,2.603362290051019,1.1550444856090567,1,1,1,0,3,entertainment,0
42.95207876722983,16,28.90813005839453,1.290231830656428,1.5851818831558033,1,1,0,0,2,retail,0
103.25335573102154,18,3.9673385003195456,7.477434947075812,1.0873221731487257,1,1,0,0,1,restaurant,0
114.90182223977399,17,3.2364145820241035,6.99804784530108,1.2278157634962241,1,1,0,1,1,restaurant,0
85.25521078397193,20,3.5196704014113385,4.1413832082990245,1.297081556172985,1,0,0,0,1,restaurant,0
14.053103748192704,20,0.2732470229441914,0.6137995681986085,0.95730877129027,1,1,1,0,1,retail,0
48.63123599713881,19,6.590403253653687,1.9972858970872844,0.9089715180272234,1,1,0,1,5,grocery,0
12.389224130370273,20,19.721424485798952,5.169235934992214,1.195066100953167,1,0,1,0,4,grocery,0
29.9393807184042,18,11.597458354042129,7.774271187359575,1.066824772536623,1,0,1,0,4,travel,0
15.78782518897183,19,17.21163793550883,0.94134614439164,1.141026708443953,1,0,1,0,3,online,0
193.32318276911766,7,0.20982694821006587,1.615667456163271,0.5994108115273309,1,0,1,0,3,retail,0
88.75460361690726,9,4.1227392931659965,6.310671758328418,1.0361764034753032,1,0,1,0,2,grocery,0
4.201671717818033,9,2.690868238454491,2.1169065412756067,1.2379254548477654,1,0,1,0,4,grocery,0
23.866189604919114,18,8.187351036064165,8.580140300607212,0.9752659884198862,1,1,0,0,2,restaurant,0
10.5770747912457,22,18.06932143510601,14.996934089535916,0.7678660728117023,0,1,1,0,3,grocery,0
39.835093925891435,7,19.7753753282686,0.5922979091368148,1.1147872372087178,1,1,0,0,3,entertainment,0
80.86922479408341,10,8.65419841545805,2.603545013669274,0.506948114653532,1,0,1,0,3,restaurant,0
65.84916647841177,10,3.9044859829215754,3.4839702702365756,0.7377287087988089,0,1,0,0,2,grocery,0
22.877538958068083,17,7.176006523190069,0.45716157972195404,0.9711264497188992,1,1,1,0,1,retail,0
85.54059076136822,21,27.31776176994107,4.107806501097408,1.0472356814124684,0,1,1,0,3,retail,0
403.95986602265066,2,52.68974312796503,173.5006109472156,6.3432525834146,1,0,0,1,4,travel,1
50.0,4,41.92305740179732,9.195028196193778,6.2996482190930525,0,1,1,0,13,travel,1
19.44944027439227,13,15.363605594624456,1.4574617449397609,1.3077802621751697,0,0,0,0,3,restaurant,0
37.044420838025,22,6.377813267105521,9.09771082001795,1.111822441040541,0,0,0,0,5,restaurant,0
84.95985449137655,7,2.7548912275392694,42.327080619467445,0.9465246258263391,0,1,1,0,5,retail,0
48.00743171458344,9,4.146706580716245,0.3357893917402589,0.7919286263229457,1,0,1,0,2,retail,0
58.0446845830855,17,3.8794406401619765,8.10008425958955,1.6409807557246174,1,1,0,0,4,grocery,0
28.52475164997393,9,24.210261709067396,2.4125811764162255,0.9214103337803863,0,1,1,0,5,retail,0
200.4999994269738,7,2.779579722453238,11.018881019041466,0.9669548388489512,1,1,0,0,5,grocery,0
12.331414536817736,19,0.9647187836414379,0.5754368944628929,1.1249492261640524,1,0,1,0,4,travel,0
1.796240455659148,8,14.245990758032756,0.163086768810516,1.3752356017186949,1,1,1,0,4,grocery,0
73.53607611071774,5,132.64760315634464,25.534710004685486,4.879419459593251,0,1,0,1,9,online,1
2.64208004991541,8,3.639801062868901,3.7753727741760867,1.066522684544176,1,1,0,0,1,grocery,0
25.123382921307854,21,1.5654719632083716,0.5807988635484764,1.0763877105628858,0,1,1,0,3,grocery,0
2.0417622921914176,21,1.9906956887064566,2.4997446438885937,1.0127451390318116,1,1,0,1,2,grocery,0
35.430194288534736,14,6.302479941479629,0.35237549903633925,1.2623639857604623,1,1,1,1,5,retail,0
54.794598713412284,11,12.469536530108098,10.734615863846685,0.8576802515888826,1,1,1,0,5,entertainment,0
175.2773078336564,20,13.55489881833558,2.582981788448628,1.2106364058214822,1,1,1,1,3,grocery,0
63.74325186506517,19,18.23731158316571,1.5178190666127604,0.5106383418424997,0,1,1,0,1,grocery,0
15.971444380412631,11,3.7423278003351013,3.5048707012792786,1.149730904303779,1,0,0,1,2,grocery,0
50.441019556112714,17,3.5731140293582935,33.54618528237636,1.0319017620652997,1,1,1,1,3,grocery,0
339.5698041679775,2,48.422752591929566,7.847921825695632,4.9122311573873105,0,0,0,1,5,travel,1
169.51298791816504,14,10.681717707889808,9.997709313739243,1.1823856997174025,1,1,1,0,1,entertainment,0
33.461824413522564,9,4.515876428863919,5.936872582875278,1.1933275635189613,1,0,1,0,5,retail,0
407.565688979035,4,104.58573443257711,1.0,7.456429794973549,0,1,0,1,3,travel,1
1.9194643719046922,6,2.3808783764307826,5.644202812043487,1.0187536411064129,1,1,1,0,1,retail,0
14.725183397119903,18,40.490096133812145,0.1,1.3168090099076375,1,1,1,0,3,grocery,0
103.24117345665661,15,15.964001485032345,4.734739287312305,1.158906002894354,0,1,1,0,1,restaurant,0
108.03811037022525,7,3.062318642039073,1.9141386367327957,1.0563654320175855,1,1,0,0,2,grocery,0
18.45173394554507,20,6.126163379552938,8.739577160548663,0.4326720227043299,1,0,1,0,3,retail,0
33.087801630028956,7,2.429137162269556,5.731327282859075,1.0543401990391492,1,1,1,0,2,restaurant,0
57.022807319510626,6,21.27987448023842,2.370679563435556,0.8447556574205406,0,0,1,0,2,retail,0
25.032043822118936,21,11.358908469724717,18.9162573233247,1.256980253958595,0,1,1,0,4,travel,0
166.95469724340325,19,8.517408653583573,5.950358725645284,1.140111251310255,1,1,1,0,5,retail,0
16.208913826580563,22,7.657806985269131,2.7749829338371192,1.2996368415899835,0,0,1,0,5,restaurant,0
28.63443680632374,13,15.73063265663939,13.138265005973723,0.4351162435917886,1,1,1,0,2,grocery,0
53.242637937852734,10,5.017878847651961,1.63929238057237,0.9556995838132883,0,1,1,0,1,restaurant,0
57.190092747084464,18,6.314459862302088,6.99352446433395,1.4377529043028248,1,1,0,0,5,restaurant,0
11.037112592300451,7,1.4947686875761836,2.399119549295558,0.66803086122209,0,1,1,0,1,restaurant,0
42.0652918886132,13,6.751939959642987,2.3668550986079415,1.1241185185711677,0,1,0,1,1,retail,0
26.801434321951007,13,2.640685305486957,3.076925902196243,1.2908434917285534,1,1,1,0,1,grocery,0
98.86152501896879,6,25.342031547456386,2.407276706071405,0.7595673118509775,1,1,1,0,1,entertainment,0
16.27720820106774,6,9.95377307089825,0.9390581605992263,1.184817259692539,1,1,0,1,5,retail,0
24.655659446640456,12,1.960944957624526,0.7218877486918235,1.0041275875776507,1,0,1,1,1,travel,0
71.39572036560259,21,5.240171901857593,5.236321775687069,0.8202231533262563,1,1,1,1,3,restaurant,0
71.08072375393999,9,0.1533348907300489,6.919462126930735,0.5081992606163609,1,1,1,1,4,restaurant,0
13.428139779651435,6,6.299071156028192,4.192250171526981,1.460218362961124,1,1,1,0,1,grocery,0
208.12053777512958,23,46.61276105039995,23.271529449914823,3.784121042236797,0,0,1,1,14,travel,1
80.10909578760185,19,2.061720334347223,5.891302556982226,0.8735557067030482,1,1,0,1,5,entertainment,0
8.636415160635503,10,0.1,15.769472642592726,0.7446264005469989,1,1,1,0,1,grocery,0
140.63979544885603,16,11.590791205893796,3.119329506110806,1.0569668983159541,0,0,1,0,2,restaurant,0
76.76235954909907,9,12.906683870105391,2.9950705656560577,1.2467150001432636,1,1,0,0,4,grocery,0
2.7002095368448575,7,13.29413773748576,3.1398174375976,1.5352545895941248,1,0,0,0,5,grocery,0
72.36938377033171,11,18.49137758836813,4.781007092790376,0.9012772706127626,1,1,1,0,3,grocery,0
311.9061754466292,11,4.635026626492164,9.189488147412225,0.6985218042796348,1,1,1,1,5,retail,0
104.30070415478055,14,1.9038348322184941,11.023222491370447,0.8707568669281105,1,1,1,0,2,online,0
78.55886309217881,8,0.1533952270234381,5.649980513617148,0.8995359894206227,1,1,1,0,3,restaurant,0
246.45065422649645,23,100.49539357204421,66.52285327502166,3.452786664967334,1,0,0,1,3,online,1
111.86488362317192,16,36.176121152794416,11.971508504276072,0.4338049325427761,1,1,1,1,3,restaurant,0
50.90883974616602,19,8.847972244133954,8.600029453179085,1.0481665295349227,0,1,0,1,2,retail,0
30.11559857010964,6,16.776346912419115,2.983842670633081,1.064409174911162,1,1,1,0,2,grocery,0
132.31915194056003,1,81.90114762609684,4.709644766378821,5.4113758071346005,0,1,0,0,8,online,1
26.254432980203497,18,5.612275238053885,0.7189420965430311,0.9353060874385116,0,1,0,0,2,restaurant,0
22.754697156569797,13,17.089730635859375,1.1857318882180559,1.5080256459036343,1,1,1,0,5,grocery,0
15.626663683235758,9,22.851244039363408,6.070224840729944,0.24352846845077858,1,1,1,0,4,travel,0
53.74471724831742,8,4.412004815920068,0.8539559071619163,0.7610916813594532,1,1,0,1,4,retail,0
20.910099295782857,22,0.1,2.0393265787136734,0.8395696269475599,1,1,0,0,1,grocery,0
124.95089220707558,18,26.304262542592966,2.090275253590664,1.1942599455348852,1,1,1,0,1,grocery,0
54.027687171751495,16,11.703918138416949,8.670984518212215,0.6838113007605482,1,1,1,0,1,entertainment,0
144.11096697299132,15,4.916896138254045,1.3205371732495754,0.4814538384514695,0,1,0,0,2,grocery,0
20.908532194500495,13,6.636906516946932,0.5674727956714333,0.7542143631855938,1,1,0,0,2,grocery,0
44.33156400558644,7,7.919495669912637,0.6424987408465668,1.5244792690033844,1,1,1,1,5,restaurant,0
44.738521021924946,8,12.561189434089531,0.46374444317865243,1.3072439408763965,1,1,1,0,5,grocery,0
11.600072061285866,12,13.861452591162545,2.8030353162912096,0.8593392940897876,1,1,1,0,4,retail,0
48.15022187938715,10,13.512585375616336,0.1303449270708395,0.9174130901370059,1,1,1,1,1,grocery,0
17.517540560576876,16,1.595632720389951,5.23412380249243,1.3429341876653087,0,1,0,1,3,grocery,0
5.394207025528841,12,2.6438723568616473,7.297218195894304,1.0949950470029666,1,0,1,1,4,restaurant,0
50.0,4,201.13104452998513,62.9071511006434,3.1144199942821125,0,0,0,1,5,online,1
23.956622147254887,7,7.186372432443179,1.0758674698101847,1.1128999846515646,0,1,0,0,5,travel,0
43.32269112902683,7,8.0337672889904,4.090661664661715,0.676191254077882,1,1,0,0,3,grocery,0
63.83036573359972,16,41.54680143301476,0.625851946681804,0.9301958344121637,1,1,0,0,4,grocery,0
1.7906475110579518,20,18.59934941060654,7.085658939570285,1.115612190784442,1,0,1,0,1,grocery,0
58.10046980465344,15,1.926477040338956,2.769582874661732,0.9557758771922809,1,1,1,0,1,restaurant,0
96.63039727879104,17,0.1,0.5110482213385449,0.7772120646484547,0,0,1,0,4,restaurant,0
40.55789940132489,22,0.7064377069579624,10.107737507485375,1.2419732702867614,1,1,1,1,4,retail,0
5.619812023288664,21,1.7148882981011555,26.11745420528741,1.3307122417611739,1,1,1,0,2,entertainment,0
69.07312212875478,13,19.16690835577155,2.4444866618641607,1.1909573389651031,0,1,1,0,3,grocery,0
1.0,19,12.794502117795876,4.114156809268974,0.9866616681371283,1,1,0,0,4,restaurant,0
66.72985968759957,13,5.523755900816944,2.926358719067707,0.49900639682820225,1,1,1,0,4,retail,0
40.73752887757698,21,32.41278123620733,2.7122096264551554,0.8281823959321869,1,0,0,1,2,retail,0
87.02024600817252,15,42.32348839636249,8.837237847930018,0.6143072617482459,0,1,1,0,5,grocery,0
94.12304856798522,14,4.976923326429833,2.0331878147438105,0.9147307695665654,1,1,1,0,1,retail,0
52.51096726058542,12,10.34783539721756,5.42443768347958,1.6624361622199841,1,1,1,0,3,entertainment,0
29.712378438065198,9,23.071662981880916,3.0926607447682004,0.7471727772712388,0,1,1,1,2,retail,0
56.044647692695506,18,16.82530284154308,2.178177915221711,1.1529299154102373,1,0,1,0,4,grocery,0
223.84037274808432,19,17.2347877384307,6.194866594598399,1.0491206860242588,1,1,1,0,2,restaurant,0
41.68113915858852,20,4.291169126110036,6.681871823471174,1.2197188376665253,1,1,1,0,3,entertainment,0
56.35835646166881,14,33.73592951152659,7.1094189087613255,1.5573285566406945,0,0,1,0,5,grocery,0
18.15913419317767,20,0.1363688501483411,1.0472181422504259,1.2625212058752244,1,1,1,0,5,grocery,0
51.70878293522094,6,10.106063673713052,0.7743719666276082,0.7865225248126348,1,1,1,0,4,grocery,0
22.65894307656375,10,9.552014498054502,11.713341638056807,0.9181473978505977,0,0,1,0,2,retail,0
1.8180471582032092,6,1.10086330177031,0.8526211768045954,1.5153970234487626,1,1,1,0,3,retail,0
939.6591539684464,1,158.28892458742115,64.28129212069874,3.504018650781633,0,1,0,0,12,travel,1
460.8100511769676,9,1.7297237416595765,8.169749422447945,1.1014397195037164,1,0,1,0,1,restaurant,0
56.5423811875675,10,2.7389438561514803,8.431177251731336,1.109882240133702,0,0,1,1,2,grocery,0
21.99694951108077,17,5.800554958669224,14.90907651765973,1.1649253438531377,0,1,1,1,2,online,0
39.27827828024387,11,15.000182512503544,7.861634794171194,0.34851383193979435,1,1,0,0,5,online,0
44.643034687587814,7,5.624074729648094,8.436472572985293,1.4439860653647678,1,1,1,0,3,retail,0
56.89280777475964,5,52.93166976982224,1.0,3.7888550676123587,1,0,0,0,5,online,1
20.19446313448741,14,10.03341701072534,15.344232014640948,1.0125056363328373,0,1,1,1,5,restaurant,0
381.72420389076103,13,6.323181534400328,4.393684864090454,0.6133527581817961,1,1,1,0,2,retail,0
18.20575476030546,16,41.51632276717922,3.5263482529500454,1.155925503351823,1,1,1,0,2,restaurant,0
139.8648819279141,20,8.198644329746504,2.138021259677389,1.4823740298888888,1,1,1,0,3,retail,0
130.0181885525293,6,9.564198245327796,1.0256043171356088,1.3031433762658875,0,1,0,0,4,restaurant,0
1.0,21,11.707044790560886,0.9625308373632671,1.4530288595715344,1,1,1,0,4,retail,0
58.452643359137454,14,7.793617469194737,24.18128194603616,1.2235717413585006,1,1,1,1,1,retail,0
16.79458401708433,20,11.858856894630467,0.6616028236505682,0.9644950901249018,0,0,0,1,1,online,0
63.072597944303396,17,12.598179531824453,0.4530176270526897,0.8436012497629448,1,0,1,0,5,retail,0
17.197697176523512,22,0.19623969113171202,5.1384023326872565,1.3816668878677147,0,1,1,0,4,grocery,0
114.50024534620991,8,8.01633632215289,11.068478657796106,0.7327280786747526,1,0,1,0,5,entertainment,0
83.1467414515973,18,16.45894855440361,3.195000236891385,1.0414180709719691,1,1,0,1,3,grocery,0
3.228893604177407,7,11.099051434047036,3.915405985821817,1.186456103736,1,1,1,0,3,online,0
104.45303270303992,22,11.724526213277622,3.4304693531860257,0.323618855074836,1,1,0,0,5,grocery,0
88.3477311072734,21,35.401887450811394,0.8890747936510014,0.9236617974143699,0,1,1,1,5,grocery,0
94.45181803909986,10,0.8224619608117644,1.963992776899822,0.8417977973411679,1,1,1,0,1,retail,0
12.34461236336955,18,6.37983271169984,4.985450989369566,1.1578505745116887,1,1,1,1,2,grocery,0
40.01134345504571,13,12.123313626952179,11.702692786304176,0.49927894174195,1,1,0,0,4,restaurant,0
70.31127411025946,19,32.67942689361941,4.528911136362826,0.8528542361842019,1,1,0,0,4,retail,0
38.498762652064954,20,6.069212195715048,14.401752596793997,0.7575345124327706,1,1,1,0,5,online,0
99.58579538219546,22,9.527720074731006,10.06054287770592,1.0306204005377972,1,1,1,0,3,grocery,0
46.60492466085447,17,16.971878693225094,3.5588889482507002,1.13877239461725,0,1,1,0,4,online,0
172.47572241232265,19,5.6088269638189905,4.342386451023624,1.092034760760011,0,1,1,0,4,grocery,0
225.68665178186424,16,1.107125785845991,10.822500690977915,0.7296241899493843,1,0,1,0,2,restaurant,0
33.93465550346107,22,0.6794744956732828,1.625414035049432,1.3140322783836162,1,0,0,0,2,restaurant,0
1.218081110791289,7,1.4576269266636757,0.804908242285896,0.5580051291929455,0,1,1,0,1,restaurant,0
4.223622247981974,13,0.6017071291152133,8.908242568100748,1.5770746788405412,1,1,1,0,4,grocery,0
73.6146396129795,13,20.66259271684706,0.6817932407963265,0.8998736611626111,1,1,0,0,3,retail,0
33.492470161641926,13,3.9829356013643573,6.664671677473707,0.6675302911717966,1,0,1,1,4,entertainment,0
10.259728933273049,21,4.7112549737986225,29.807535880924245,1.2788905010487532,1,1,0,0,1,restaurant,0
50.06983423859271,14,27.250288271167772,3.274567331184915,1.092663526464617,0,1,1,0,5,restaurant,0
49.1861054739266,16,14.071854371264456,8.271693835082116,0.5526992893178351,1,1,1,0,4,retail,0
107.00288344125286,12,5.602418371429444,1.5020652248716424,0.8511658039115727,1,1,0,0,5,grocery,0
125.94667545739793,8,5.427819345914983,0.8328534529108306,0.5158467303672244,1,1,1,0,2,restaurant,0
29.348152128311177,10,0.8275539161120495,2.658698230830288,0.5870014209860079,1,1,0,0,5,retail,0
69.79533106742393,12,10.903468183251732,5.214461897200335,1.0839357747617906,1,1,1,0,5,grocery,0
43.81589610832198,14,0.17759290506794206,5.13416741020618,1.0802845175444091,0,1,1,0,3,entertainment,0
14.883092359871693,10,0.9957188149898966,5.849520388615977,1.2758901524240465,0,0,0,1,1,grocery,0
57.644408247249864,19,37.64867673631294,1.4902318371462973,1.337788883488613,1,1,1,1,1,grocery,0
77.05933155987977,19,22.771373629263643,1.221207572719588,0.5958389092003233,1,0,1,0,5,grocery,0
63.33413336966647,17,5.372407286849165,5.324386160723485,1.3518936015601812,0,1,1,0,5,grocery,0
50.0,2,5.0,89.20072700337552,2.0857643664414054,0,0,0,1,3,online,1
14.921080007798732,18,2.1010637497949585,1.3358070624732286,1.0556200216480682,1,0,0,0,5,travel,0
11.121010700639593,6,55.623600551168124,1.8162406725531852,1.1955051029556978,0,1,0,0,5,travel,0
62.124375291887574,15,4.748646518945145,5.976100941697857,0.9021749522860104,1,0,1,0,3,restaurant,0
301.80507805485314,17,3.4206226057082523,0.9261927772136367,1.430995892818404,1,1,0,0,4,retail,0
184.6246449657471,3,21.986847365114755,83.49066063919331,0.5,0,0,0,1,11,travel,1
265.9775990809719,9,4.444584738932555,1.900803231838869,1.262966166135475,1,1,0,0,1,travel,0
184.07359496070615,8,25.855411849370814,8.742629136603883,1.030880830232697,1,1,0,1,5,grocery,0
63.21628835593931,14,0.747040820065167,1.5744311608639758,1.0920402305284564,1,1,1,0,2,grocery,0
90.25014332940798,15,0.4908312962041531,4.729047707443869,1.3601319626652177,1,1,0,0,2,restaurant,0
116.74444470203198,1,169.53428324935882,10.863647881708726,3.1495618166122332,0,0,0,1,14,entertainment,1
55.46981681144671,19,11.895038049905601,14.606549828345676,1.4314306421294363,1,1,1,0,5,entertainment,0
20.69493969115051,22,23.431589086942246,11.848984000272548,1.2966474315167462,1,1,1,1,2,restaurant,0
13.653825324418527,16,14.272097728696638,1.478993116409344,1.2715230194611324,1,1,1,1,2,grocery,0
174.73051884106425,6,7.958785558010603,11.269582139429591,0.966640793832421,1,1,0,0,3,restaurant,0
36.74668050132841,17,8.428570774196324,0.11724436072855055,0.9933758573595012,1,1,1,1,2,retail,0
505.32177329498836,23,9.261663129772941,4.7789659338450265,3.7755743650451397,1,0,0,1,14,online,1
69.17308281632285,22,10.32934870300795,9.606730643718738,0.946625212164483,0,1,1,0,2,entertainment,0
17.084078479607605,12,5.148645931942591,0.13320802873488258,1.0789563499702601,1,1,1,0,4,retail,0
43.269938162351586,9,9.3409324162917,1.1089210732062913,1.2725693520590176,1,0,0,0,5,travel,0
159.30369988430806,3,225.91150831031268,9.692742619556334,4.734928882639757,1,1,0,1,10,entertainment,1
116.91225866791726,15,9.672216257001514,0.8976743293157836,1.1252724538703507,1,1,1,1,1,grocery,0
53.411228149773706,7,1.74231204483119,1.4215065559958835,0.6060621394457597,1,1,1,0,1,retail,0
439.8702712287936,0,100.11771729183806,68.20477718496166,2.5205902179666504,0,1,0,1,7,retail,1
159.94025534855714,6,2.2876174164470937,5.330498443918859,0.8544985751313493,1,1,0,0,5,restaurant,0
93.45954011025921,20,11.46260131688293,2.8943245655878176,0.8910203763562854,1,1,1,1,4,grocery,0
150.81696191486873,7,17.030628775289244,9.390549997606529,1.1984772288744647,1,1,0,1,3,travel,0
94.30572065619323,19,2.6846370148854772,5.467008198243118,0.8108120021107778,1,0,0,1,4,restaurant,0
214.4624965288225,6,17.18374521912849,2.0887346021129343,1.281078847024935,1,1,1,0,4,restaurant,0
147.52617130571824,7,6.2990703560852985,13.722965288127034,0.7917145149503584,1,1,1,0,5,entertainment,0
53.7184328309014,15,1.7241942191305273,3.1796454521217727,0.6860868822172133,1,1,1,0,3,grocery,0
54.87247648209511,21,2.459216365263183,5.342816274488506,1.208936315159829,1,0,1,1,5,entertainment,0
47.94914370428941,8,2.032331494739848,0.11437554933910773,0.9713741644262995,0,1,1,0,1,grocery,0
554.8037702931315,4,5.0,56.55706657280388,4.383224777995431,0,0,0,1,9,travel,1
88.11170537378456,9,3.531519475495325,0.914315296448259,0.9446963787623588,1,1,1,1,1,retail,0
105.52456855934297,18,7.836581465524594,3.168361798044833,1.4704392081041555,1,1,1,0,1,travel,0
283.91572227130786,4,128.27073030812838,33.613021749772365,3.5215870034122503,1,0,0,1,3,online,1
21.331882911274466,12,35.63145812687679,0.10925868697634365,1.298244937122722,1,1,1,0,1,travel,0
2.325673734368568,20,4.1104316933753555,0.5637064732002885,1.5327526823062945,1,1,0,0,4,retail,0
4.800200849142874,10,17.565983970053896,4.257399335643351,1.0649336037959238,1,1,1,1,3,restaurant,0
14.109820000992443,16,36.784123165316366,4.712881737025272,0.6358345130654932,1,1,1,0,4,travel,0
36.77592433377611,17,17.5549720484508,8.923356866499452,1.1846923223618888,1,0,1,0,3,travel,0
81.40520141840823,18,37.122149997942024,0.1,1.0797264110147513,1,1,0,0,3,travel,0
11.940583145144766,15,5.197397495874126,4.081359108316515,0.8989515061200734,1,1,1,0,1,restaurant,0
1218.2457778369715,22,18.494502065352258,184.5386259331269,2.119490588961437,1,0,0,0,12,retail,1
11.688373960969978,13,37.88165475090611,4.756038296898637,0.7326020345303313,1,0,0,0,2,entertainment,0
72.86605806114258,14,42.33349517238408,0.3957245747368882,0.9293077505088038,1,1,1,1,1,entertainment,0
111.7810277547119,15,1.7132385420582557,0.36409859049138077,1.2997732608954238,1,0,1,0,3,entertainment,0
1.0,20,6.903471690474854,2.604251565961701,1.328341963853095,1,1,1,0,4,travel,0
62.58356685497007,8,3.3122767142687803,4.3181359069670435,1.0045771012231945,1,0,0,1,2,grocery,0
101.62188723994467,18,9.400604142907516,8.17755882829203,1.2442357426101958,1,0,1,0,1,grocery,0
103.87931387361715,20,4.70097944274228,6.8255661857696985,1.0604501356443965,1,1,0,1,4,grocery,0
4.625252227836399,14,4.1497819901875195,2.265321621619728,1.020641069967102,1,1,0,1,3,retail,0
75.97047923370441,21,10.880544342092017,4.592344287412327,0.8394742097355746,1,1,1,0,3,restaurant,0
95.8172401931835,18,14.880996907438357,0.18429825415930315,1.096359082626078,1,0,1,0,1,grocery,0
29.167849755808174,17,9.943933701884461,1.9514906356208144,1.1359498337535028,1,1,0,1,2,retail,0
225.98368289268183,12,3.3776466543520756,4.272570334570023,0.8151186500426327,0,1,1,0,3,restaurant,0
2.062172351734133,16,29.28230240931487,2.7676246496353523,1.110598110478554,1,1,1,0,5,entertainment,0
44.1626500243979,21,56.72696542136989,2.2076761900357806,0.9857550506144642,1,1,0,0,3,retail,0
34.891779209740754,6,5.836306491986152,3.5269814048653596,0.9420696723198632,1,0,0,0,3,grocery,0
56.34001398046269,13,3.7551995717767372,0.40509385502886125,1.037799222768215,1,1,0,1,2,grocery,0
10.726985191290657,17,3.9995008894348576,3.5092746913511714,1.3528915965305222,1,1,1,0,1,restaurant,0
7.650955723225556,12,12.52685091404338,0.3374984978757206,1.3197333088455585,1,1,1,0,1,restaurant,0
50.0,3,103.57948322473,135.64562663275635,4.647951437550702,0,0,0,1,8,travel,1
36.089186037969874,9,0.8585410943797442,3.112480458367884,1.1868785879116093,1,1,1,0,4,grocery,0
469.7482767968746,15,14.141454344271121,3.2919762268010095,0.8339198509219696,1,1,0,0,2,grocery,0
373.728197134767,19,5.869665298486261,3.0970018417047513,0.8227269539197345,1,1,1,0,5,grocery,0
35.34392005195312,7,16.503193883940373,0.23358417253628866,0.6223567477950818,1,1,1,0,4,online,0
94.52722499048242,16,3.2282414072852244,9.26569015151722,0.9044231718809266,1,0,0,1,5,travel,0
151.93922284155255,19,16.006482245388092,0.22114354065245334,1.304422690327361,1,1,1,0,2,retail,0
62.453587692138925,11,0.5697163214727875,3.4523540344127857,1.1326838008022146,1,0,1,0,3,retail,0
46.820044396562665,11,20.195429123796366,12.2506217736263,0.6641697984291184,1,1,0,0,5,retail,0
2.515603578066923,19,5.05139423076574,12.246158391579181,0.7801284461611208,0,1,1,0,2,retail,0
46.309140962613725,14,1.1273551793411465,5.183681840890265,0.829181838331154,1,1,0,0,1,retail,0
180.92753085813345,16,4.448761976986598,1.7263678907214206,1.2923228463696033,1,1,0,0,3,retail,0
66.07740296281789,19,15.55527225376207,3.3481845466530302,1.194920183707756,1,1,1,1,1,entertainment,0
73.93617751880925,18,3.898444154701562,15.792899146583972,1.2153325079009667,0,1,0,0,1,retail,0
21.111733035303107,10,4.685728692012983,1.8154337184337366,1.1559045324545476,0,1,1,0,5,retail,0
150.47224637002773,19,15.663294086734364,9.219292730804664,0.9019576184569222,1,1,1,0,4,retail,0
26.28447319312155,10,9.119325687708379,0.16162105275542293,1.0531584210437854,1,0,0,0,5,retail,0
88.86952587467276,16,34.512354096879044,2.6443821495325652,0.23673291125891394,0,1,1,0,5,grocery,0
173.1753034888727,2,34.44744828102508,45.14359340643686,4.501935401743493,0,1,0,1,7,online,1
65.03821960066557,14,3.158566582651252,4.000352116322644,1.0502427728306893,1,1,0,0,4,retail,0
60.993108643922255,8,11.11265109050752,2.5112107673285022,0.8513217770237609,0,1,0,0,5,grocery,0
12.068072843039776,7,5.279802690451302,7.814619520426024,0.8829103816054426,1,1,1,0,3,grocery,0
109.77621063829915,20,1.4697949403244526,4.935874999310238,0.8357810004724546,1,1,1,1,1,grocery,0
160.8145396929538,19,6.668336716176598,4.8265103968824565,0.8794262419677428,1,1,1,0,5,retail,0
114.42281247475832,9,3.529643697243535,9.722147629526837,1.2024406999521908,1,1,1,1,1,retail,0
207.8300970443294,16,3.32199292523633,0.36701471217575876,0.7686971639008977,0,0,1,0,4,grocery,0
98.15300595428607,22,9.29236126706335,4.074021015375135,0.9269945097286831,1,1,1,1,2,entertainment,0
338.821790285946,15,27.30795540291266,1.7835162491382075,1.6585646765204842,1,1,1,0,4,entertainment,0
82.30418478422979,9,0.9228486935187388,15.321393649795228,1.500492794717233,1,1,0,1,2,retail,0
28.80109798631573,22,0.1,1.3398770564094133,0.5442700832004826,1,1,1,0,2,restaurant,0
23.90488070502316,16,8.95705125725154,0.589635751839397,0.32025311480458074,1,1,1,0,2,grocery,0
52.45911149094162,9,3.3269868972674503,1.6618682546943377,0.9266192252034379,1,1,0,0,2,restaurant,0
81.1569458809773,22,11.15576329880187,0.5213147559081976,0.7489241794302247,1,1,1,0,1,retail,0
42.160315848939696,16,14.756948678604282,2.5166648710683632,0.8785862353209909,1,1,1,0,4,retail,0
1.4428482265559248,21,8.35151135381807,2.6745851389456208,0.7813893742585556,1,0,1,0,2,grocery,0
4.351083056774115,19,9.681232030146841,7.419370644592428,0.8484043129720342,0,1,1,0,5,restaurant,0
90.07775030162101,16,6.874251893886967,4.689024221100901,0.9543564358530068,1,1,1,0,1,retail,0
27.166784590253762,6,2.107504053182415,4.953710426959484,1.3493537782714218,1,1,1,0,4,retail,0
267.00521296416787,16,5.166550406495208,2.4902500500188793,0.8629215721409297,1,1,0,0,5,entertainment,0
195.3859123896048,6,12.601430872983084,2.358302682550161,0.6214912855116328,0,1,0,0,4,grocery,0
58.45124877794058,13,6.042888726016466,2.943463796977077,1.0636303110076941,0,1,1,1,2,entertainment,0
26.902697370097645,22,0.5622445573792003,4.517187712991243,0.8984465369239713,1,1,1,0,5,retail,0
162.48326038216004,22,0.5051542301924181,0.935255634559959,1.4090002056322188,0,1,1,0,5,grocery,0
39.59309095853791,6,3.8449248291702034,1.064186285808648,1.1694342398748911,0,1,1,0,5,entertainment,0
5.955071754200789,12,4.865964128938115,1.4817152937304103,0.5600751458939146,0,1,1,0,3,retail,0
36.53701334814399,8,10.37461101301014,4.363368859480695,1.5120444254765468,1,0,1,1,3,restaurant,0
105.4086223304379,7,21.468897756352195,4.090356758906347,1.4035874237086559,1,1,0,0,4,online,0
932.7888868234102,23,46.25963502883014,59.110260292286995,5.894996002646655,0,0,0,1,13,online,1
16.248931855849662,17,6.693545729336158,7.365516048502383,0.8289618665748196,1,0,0,0,5,travel,0
43.75780751005671,20,5.685358216908342,3.014821070679379,1.1560114816022025,1,1,1,0,5,grocery,0
101.11622472291867,15,8.81737697537536,0.8454556947733992,1.2009890884414565,1,1,0,0,4,restaurant,0
261.73678009960236,14,2.8119523378674094,2.7249283963974626,1.470294925138442,1,1,1,0,4,grocery,0
36.51476501033489,20,28.215728863093737,0.485996213030251,1.1242706525906707,1,1,1,0,5,retail,0
78.42270387059368,8,23.527495563082105,0.4883348958117533,1.4326431635223167,0,1,1,0,3,grocery,0
9.495441711222766,17,6.781448028460801,2.6931918443059226,0.7566697117981324,1,1,1,1,4,grocery,0
426.2898516513305,4,27.234615336058233,2.4345697679491014,0.5254772085170267,0,0,0,1,12,entertainment,1
91.53130808162813,7,0.4763525249905233,26.84618540404862,1.5528732889050705,0,1,1,0,4,retail,0
555.7602619663237,3,5.722445038760303,51.33404477534928,3.7091623369324442,0,0,1,1,13,restaurant,1
3.3473196436131216,21,2.6526455070336374,10.608003749177515,1.2706244977317116,0,0,1,0,3,grocery,0
14.980449703915086,18,10.210173401991531,21.58528037604503,0.8167706005607236,0,1,1,0,2,retail,0
234.59615687540506,12,4.214326788197724,6.368167606702711,1.3098867147053364,1,1,1,0,5,grocery,0
40.30069624970374,9,5.381839869254001,5.921035192729499,0.6896008989854567,1,1,1,0,5,grocery,0
44.46560999916575,22,17.84317138288958,7.468053490230781,1.8789350547746275,1,1,1,0,1,grocery,0
26.860849091000052,9,15.409773607587711,0.6004297045312827,1.449060489399182,0,1,0,1,2,online,0
121.26710786791996,20,2.0545244767294926,13.951080956509546,1.5972797711106812,0,1,1,1,5,restaurant,0
50.0,2,52.365730770246806,3.920568560775118,4.567766619731286,0,0,0,1,13,online,1
73.30736827935307,18,47.40588929401266,8.738241651917987,1.0926837997750953,1,1,0,0,2,restaurant,0
78.12699870454463,21,12.967122219081432,7.431424583792988,1.1769929722378434,1,1,0,1,1,online,0
24.826346328188983,16,8.567652759262836,3.2885832015771888,1.5124223621091537,0,1,1,0,3,grocery,0
35.63938738519593,13,12.421153413511203,0.6674776414916104,0.8099998388977955,1,1,0,1,1,grocery,0
52.80498384059925,6,14.667433348909395,6.714372220923586,0.6846723499429392,0,0,0,1,3,online,0
94.44886949151771,22,18.95665701137502,2.4759588838937976,1.2049302092698058,1,0,1,0,3,travel,0
102.5182897042844,17,1.1543684592268473,3.674673735158978,1.456793354214031,1,1,0,0,3,retail,0
112.99499887593757,10,17.05800442048723,1.5502342830321507,1.0739761472312623,1,0,1,0,1,grocery,0
72.58521060655939,22,39.28616563993137,2.7229335260406318,0.8214170730118884,1,1,1,1,1,restaurant,0
20.771821677113355,14,10.543635706083368,2.648477811359159,1.0811781207283173,1,1,0,0,3,grocery,0
318.69584727245433,10,1.5765496469841125,1.5148641483544758,0.7590690507076461,0,1,1,1,1,grocery,0
13.180792124533838,6,0.18496172995471336,9.756809108387474,1.113610587972328,1,1,1,0,3,travel,0
77.94473568694974,8,17.53295233074898,2.325719582624926,1.263314251424207,1,1,1,0,5,grocery,0
158.9983740986072,14,3.738032046849976,0.31178326583996147,0.7441532473212984,0,1,1,1,5,retail,0
46.65073432656433,22,0.9207776879267836,14.624413228819472,1.4191620067373225,0,1,0,0,5,retail,0
100.79418184912471,17,1.152339006445386,7.7135036514592334,1.215820788629089,1,0,1,0,3,retail,0
103.1108642889551,13,9.63937944172738,4.946235933459077,1.1090918931923985,1,1,1,0,2,retail,0
131.48418283487888,15,16.20955526139522,2.0312970784939344,0.705108139170058,1,1,1,0,3,travel,0
10.004909104325936,21,25.67515770480108,1.9355132189784743,0.6793391482020903,1,1,0,0,4,grocery,0
23.714155806692112,8,0.8969616500472126,1.4847905781186863,1.3501792589755874,1,1,1,0,5,retail,0
157.0055175406006,21,28.26030894676112,8.302944283682956,0.8702944438003802,1,1,1,0,4,retail,0
40.58063949939444,21,3.977972075495508,17.113463596586826,0.9267813369556849,1,1,0,0,1,retail,0
15.368545483215776,19,9.764940242990432,1.4596529753448648,1.1191020869807022,1,1,0,0,3,online,0
19.172806510308632,9,8.00323400168102,6.617947983991122,0.5914240684698042,1,1,0,1,4,restaurant,0
50.446941563096395,13,25.4611278747769,8.850823565327284,1.0467292224097033,1,0,1,0,1,grocery,0
76.0295590824951,11,1.0157572067108214,3.608608607035371,0.5942348721081707,1,1,1,1,5,retail,0
14.546245999661565,7,55.50676103821544,1.7552888309671255,1.205056759171286,1,1,1,0,4,travel,0
19.217363644746605,21,14.917662413318226,0.4790827496120783,1.1060068152200921,1,1,0,0,5,grocery,0
330.8791676800226,12,1.7492078179344568,0.22931251906753128,0.6714790445084622,1,1,1,1,5,grocery,0
2.378979564635882,21,2.9760432018482934,0.34941050491755565,1.1648105220150433,1,1,1,0,1,travel,0
89.19384780871597,15,26.210211866012507,7.558004936710456,1.4818249242348076,1,1,0,1,3,entertainment,0
50.0,0,66.8334050451316,11.27838210829393,5.2066740080453044,0,0,0,0,7,online,1
1064.3731677797252,2,43.091431734114344,20.724310302856853,5.148938126987668,0,0,0,1,11,online,1
27.754687089001347,16,13.687214795674112,0.45717881913973557,1.032118176866331,0,1,1,0,3,restaurant,0
84.18656323282113,21,0.1217179840152656,10.674960896987491,1.5753229227460794,0,1,1,0,4,grocery,0
100.12931548264586,12,12.941686773369108,0.7510929189934026,0.7940979442939259,1,1,1,1,3,grocery,0
77.71561719193467,16,8.26330951178445,3.4836037665612785,0.949953581555554,0,1,1,0,5,grocery,0
52.23031178856491,21,13.567202599948498,7.656776118900214,0.9588010354697233,1,1,1,0,4,grocery,0
45.14287586504679,22,0.28595291528539385,5.420396038687234,1.5109254260679221,0,1,0,1,5,restaurant,0
71.12051309882096,20,2.6205996935917666,3.347793701917103,1.3769177227017506,1,1,0,0,5,grocery,0
220.06965728767395,0,69.70726171671791,108.06536401214015,1.1290147493895684,0,0,0,1,13,online,1
6.095562227111271,10,0.8590140954492518,4.279959533863325,1.0934758808643958,0,0,0,0,2,restaurant,0
39.92429602950889,6,6.0785092293352525,2.3659530841063465,1.4988302335593557,1,1,1,0,5,restaurant,0
30.340901619101484,19,1.7368862198369317,1.9333962060166558,1.1412840617157807,1,1,0,1,3,retail,0
102.48758504776255,15,6.1813865643253845,6.442706761159188,0.5459103422935032,1,1,1,0,5,grocery,0
72.76753199521005,21,7.724191122359705,15.546440365138789,1.0062041532249402,1,1,1,0,2,grocery,0
42.8911679930206,6,2.6978921016163198,5.625160775309621,0.7235336810962056,0,1,0,0,5,retail,0
48.88563157058119,6,0.1,9.229798064433831,0.7086195928289885,1,1,1,0,5,restaurant,0
46.086024655722404,14,30.43904212004492,3.129710116878851,1.126959348033395,1,1,1,0,1,retail,0
44.56526584758499,13,11.02537812472512,0.3631870558896202,1.241878539719251,1,1,0,0,5,entertainment,0
1975.3035649190174,0,379.87206829197845,7.812653924273391,4.25518199479729,0,0,0,0,12,grocery,1
16.868315289226697,18,6.684858754542775,1.0158875388654027,1.298362600270099,1,1,0,0,1,grocery,0
80.27890191661277,7,19.06732960889926,0.14619358279823153,0.8839548931020893,1,1,0,0,1,grocery,0
79.20067768512735,17,5.126093981740018,12.711689340577017,0.9254241071368233,1,1,1,0,2,restaurant,0
77.98849620432301,8,10.757286684072803,1.8644348497183567,1.010743798965755,1,1,1,0,2,restaurant,0
25.06662372899659,22,7.516219546840236,0.7084840202459959,0.8450774537115859,1,1,1,1,4,retail,0
236.30056284359983,22,12.630347224262394,3.801625460263114,1.517542682647219,0,1,0,0,3,retail,0
46.238674501864104,11,7.686245191902432,3.1986947634966336,1.263813492202804,0,1,0,1,1,grocery,0
69.6719153980561,13,2.577972278130845,0.48499569240991997,1.3952998589717127,0,1,1,0,2,online,0
3.3560075264584253,21,12.899004520917476,3.134287165584974,0.40334452002279586,1,1,1,1,4,travel,0
23.932587771455673,9,5.642914366982923,18.883777563297425,0.85104126130094,1,1,1,0,4,retail,0
35.545936248006505,18,8.687668559134663,1.4551588741231107,0.6327674706317901,1,1,1,0,1,restaurant,0
88.93895868019514,10,19.686399575456036,2.563438495553517,0.6942182964508015,0,0,0,0,3,entertainment,0
45.35944244762543,21,40.2241379194931,15.302192369879377,0.6996162565660597,0,1,1,0,1,grocery,0
140.14976789404616,10,7.096524121508189,0.30835837423520945,0.7407392367791636,0,1,1,1,1,travel,0
22.97916124320961,21,34.162314836317755,0.21773940881850568,0.536321263099624,1,1,1,1,4,grocery,0
17.583331078081653,6,11.213470423794767,10.361312494491928,1.0210615174559077,0,1,1,0,1,grocery,0
222.84395567274993,17,8.486132642005725,5.168406045571295,1.2084030523332603,1,1,1,0,2,grocery,0
165.76345309898863,9,5.043000515622618,1.203998168847613,0.8416177832324608,0,1,1,0,2,retail,0
87.1622271849748,19,1.3428887900090904,0.5918999088696506,0.5976811244493387,0,1,0,0,4,grocery,0
72.79075221799813,22,8.32527844099046,4.314898427360531,0.6972356482354971,0,1,0,0,2,travel,0
199.16902959208406,22,93.21859667862512,236.53674361303766,2.7654367909522026,0,1,0,1,12,online,1
239.99722701198834,20,17.591814101784145,0.1,0.9202919569820437,1,1,1,0,4,grocery,0
123.61308461991094,13,3.95194190654565,0.1,0.8320394876499227,1,1,1,0,5,restaurant,0
1.0,10,11.975778580902572,4.105958754526496,1.7873650310945317,1,1,1,0,5,retail,0
287.3733008007405,21,5.632909899066947,1.4163515290250075,1.3491328918483758,1,0,1,0,2,entertainment,0
10.189791489240152,18,0.5592184858601478,4.537219770190427,1.0581011715642732,1,1,1,0,1,grocery,0
27.303544991956148,13,14.557663096312439,3.6337130695191893,0.8399679811267613,1,1,1,1,2,restaurant,0
114.81671289167443,15,13.737611307817108,0.7354241635504698,1.0585188416465896,1,1,1,1,4,retail,0
140.43026042701132,21,11.465923555516188,10.534584428751288,1.2012358696282524,1,1,1,1,1,restaurant,0
44.69200968889009,8,31.3694706748894,3.253054586612821,0.6907725426538069,1,1,0,0,1,grocery,0
76.42290684383694,16,22.551838627046443,5.532618884813973,1.0359347070288776,0,1,1,1,4,travel,0
70.12191737175543,15,39.762736044134506,2.037141503027274,1.3082322951077954,1,0,1,0,4,entertainment,0
10.331780675330203,15,7.50556792156946,2.793974137929043,1.1234511893318233,1,1,0,0,2,retail,0
6.248840463379761,17,7.434282351315651,5.838413600259007,1.162041083682114,1,1,1,1,3,restaurant,0
23.6885839225435,7,29.76743244131707,11.844021342940469,1.2513079240859435,0,1,1,0,5,grocery,0
610.9982952515752,0,127.58492581296545,104.37727685691488,3.2918790967415066,0,0,0,0,14,travel,1
185.77421993416263,16,9.052253803279008,10.673149836690856,0.9577915889853453,1,1,1,0,1,retail,0
32.43319193395532,10,2.2395188904288306,3.2327209270313952,0.5265578661516589,1,1,1,0,2,restaurant,0
20.86744248880517,6,38.32298785231747,3.979738826113868,0.9230491002204202,0,1,1,1,1,entertainment,0
52.96493276679274,6,8.979360824030039,1.3071213991314277,1.1762937327559433,1,0,1,0,2,retail,0
4.504042228104773,11,5.903692122553659,0.8569593487704439,1.1921918964983187,1,1,0,0,2,restaurant,0
61.72193772058233,14,0.31130144581985214,3.687376911918631,1.1680541783925997,1,1,1,0,1,retail,0
69.16353372656923,11,7.902613928775888,8.538278685795134,1.194360474626687,1,1,1,0,5,grocery,0
110.0983152311874,17,7.088239943239363,9.611458691679271,1.1851550840810587,1,1,1,0,3,grocery,0
94.60556951109483,21,5.345501147061558,4.240149083255009,1.5377947209642748,1,1,1,0,1,grocery,0
75.403181007128,22,10.610892751929653,1.8763422414262818,0.9691917791072748,1,1,0,0,5,travel,0
387.63312421230887,20,1.6833544425214568,3.543916102509087,0.6989805284483159,1,1,0,0,3,restaurant,0
37.464560886613775,16,3.014078697450891,5.871303778084654,1.0559371127479813,1,1,0,1,4,restaurant,0
50.0,5,27.309908070930582,74.5479260093895,3.8634278244764153,0,0,0,1,8,grocery,1
27.586777205956654,11,6.078472117853195,6.29155730588065,1.6863443264547926,1,1,0,0,1,travel,0
1.0,11,5.01267673727838,3.167526702757436,0.99481997611332,1,1,1,0,3,restaurant,0
205.41370654848305,11,7.101235702002481,4.94660800169234,0.788384794855339,0,1,0,0,5,entertainment,0
5.06497671604251,11,4.4614324968461485,4.161934724413498,0.5810804303635857,1,1,1,0,4,retail,0
1.0,12,0.3373545205911296,0.7182053409557999,1.5129855702557253,0,1,1,0,3,online,0
30.357261289866333,10,21.24331655177717,0.426074842507786,1.3414530864856786,1,0,0,0,2,restaurant,0
115.96133015014054,16,0.4040080385753631,8.447220405076111,1.0907768635713908,1,1,1,0,2,travel,0
83.03654064164859,19,0.7445199279588331,2.2315836263911124,0.5021147947584516,1,1,1,0,4,travel,0
72.53548450546145,9,2.114500638111099,10.656717860810518,1.2319688666971633,1,1,0,0,1,entertainment,0
53.91659723112242,12,16.315282420689613,7.182081228744761,0.903017247562223,1,1,0,0,1,retail,0
280.00554366330533,4,237.3130214759126,12.539238177857372,2.650910812724424,0,0,0,1,13,online,1
93.15087068463752,22,2.0939913435555493,9.985613667105076,0.5114578427417638,1,1,0,0,5,grocery,0
55.751460030017995,21,19.242542464504798,4.315775892443659,0.5768331052911637,0,1,1,0,3,grocery,0
130.3621987382762,5,46.0288923810953,24.241457443153617,2.3920504788346344,0,0,0,1,7,online,1
48.55122941464613,16,31.833442474617254,7.862155754445125,0.656499115521243,1,1,1,1,4,travel,0
44.92136131348723,11,8.895023069791478,23.66388741481357,1.0209853132442503,1,1,0,1,2,restaurant,0
50.0,22,153.3843429575238,28.455912148243577,0.8730532460591451,1,0,0,0,14,retail,1
10.267347333129152,12,0.8597328183829339,0.462547520974236,0.8278629886716441,0,0,1,1,5,retail,0
171.5347843382753,21,4.604022060427331,0.9725961373551342,1.2847767197388535,0,0,1,0,5,grocery,0
45.83403160728896,21,11.872031917109979,1.8703628896222944,0.9506962132310647,1,1,1,0,5,online,0
163.81628419638088,13,34.1292801413002,3.9635955091243873,1.0681048005996994,0,0,1,0,2,travel,0
19.61609662845557,8,1.5774092658147285,1.1331700434887846,1.48096184228882,0,1,1,0,4,retail,0
24.552047061603147,20,10.511918200411216,1.6279911002719225,1.3442866360553594,1,1,1,0,3,entertainment,0
207.3593651074911,22,42.77007226212231,7.783263779298458,4.2483409754361965,0,0,0,0,3,online,1
3.2340013118162525,16,33.817505861255704,0.9165087009413588,0.7936530678658529,1,0,0,0,3,travel,0
40.55133451428862,12,1.7729895513841303,9.802884039524326,1.181915710610196,1,1,1,0,1,restaurant,0
6.07117617710751,6,30.590509794052686,6.130922657215507,1.038774788206083,1,1,1,0,5,retail,0
76.80791332587742,7,17.76442574942173,7.178337141306027,1.1599482772148315,1,0,1,1,4,travel,0
138.00179528972845,15,0.9099612490576503,3.044299502431998,0.8230128277860276,0,0,0,1,5,restaurant,0
167.8666965728795,6,10.564704659785843,5.928638473070038,0.8575672876457603,1,1,1,0,3,grocery,0
15.842054816002912,17,12.591720876544654,2.571163932072033,1.4752480096142755,1,1,0,0,2,restaurant,0
29.622808787252577,9,6.059855773975262,3.324849639631288,0.7855413058078466,1,1,1,0,3,retail,0
3.4226127159384516,13,0.7802891003908026,0.3336857492600277,1.0486154604341664,0,1,0,0,4,grocery,0
585.0336197021418,4,167.5582936498006,4.470665506883604,5.274875801880447,0,0,0,1,12,online,1
4.341788203609229,15,6.035512025180463,2.356959662235745,0.8429540973760199,1,1,1,0,2,grocery,0
50.89689090979195,9,17.38289901103473,6.3976789434589785,0.7527312389881553,1,0,0,1,4,retail,0
19.943711973635295,13,2.780387886664309,7.467554888454523,1.170520077571918,1,1,0,0,1,grocery,0
31.169353388454184,11,4.522946553918326,7.393880657016064,1.1454515815807733,1,1,0,0,3,online,0
138.15862718263185,15,11.054951537043431,8.199067957973238,0.6589203007084161,0,1,1,0,2,travel,0
56.82979765600762,21,1.7416708069165332,9.227946151408998,0.596714053681735,1,0,1,0,4,restaurant,0
25.747681569360875,9,8.283561137400227,1.0812275364234951,0.8678676930241176,0,0,1,0,4,retail,0
42.19772409357831,9,4.1502516802363125,0.1,0.19825506890437072,1,0,1,0,3,restaurant,0
22.658712747254697,8,10.930189337750551,3.613528208534576,1.144466340306726,0,1,1,0,5,grocery,0
93.64847670004322,6,37.57182092086901,5.02396338952744,0.6509152924477399,0,1,1,0,5,online,0
335.0350881972759,22,23.923127452815436,12.768450728881046,3.6672952930002287,0,0,0,1,3,retail,1
52.54866882158357,21,15.467894703896265,0.29926307377581574,1.0915389561393205,1,1,1,0,5,grocery,0
87.30378110290657,11,12.672406727605823,3.3951422938805065,0.3685311810696912,1,1,1,0,5,entertainment,0
76.1215106353116,13,1.2124576296908434,4.246953624798227,1.3384731560149628,1,1,1,0,4,grocery,0
80.69953595336986,15,50.46003337439136,2.963562466004684,1.5963764296151786,1,1,1,0,3,retail,0
457.73192766354674,3,5.0,175.74134304731768,1.317924343521799,0,0,0,1,6,retail,1
74.71018104205466,6,4.277737105254105,7.603356008849703,1.4249545171022282,0,1,1,1,3,grocery,0
18.19951428960681,16,18.650556708011134,5.609287758998485,1.108858556324261,1,1,1,0,1,restaurant,0
5.2571261842154735,12,1.4958322755016638,1.3591316218212781,0.9289193694800436,1,1,1,0,2,travel,0
41.375804551569,18,15.882519358681597,0.4938236868718836,1.0961786624169847,1,0,1,1,3,online,0
15.763088435849768,18,0.5563477636912196,8.757935591136059,1.136584497675744,1,1,0,0,4,retail,0
84.61178406802311,6,20.625567209493525,13.495432814904627,0.4904691919637416,1,0,1,0,5,grocery,0
35.48065753969161,19,15.971316828592624,12.371220031336081,0.9844562734568533,1,1,1,1,2,grocery,0
60.221097637564355,11,20.489675939013907,0.9255106303832064,0.7365460046249415,1,1,1,0,5,restaurant,0
150.12644271003006,11,10.459364524761911,1.955131764756219,0.9246082263763443,1,0,1,0,3,entertainment,0
155.12074946162917,18,22.291219642163426,10.314979510347321,1.2062432587195933,1,1,1,0,4,grocery,0
229.152161832872,10,6.448426630749738,2.9334199130274086,0.7296694728578894,1,0,0,0,3,travel,0
161.4360037894332,21,8.401661108930405,0.18180930831367387,0.8514357433297534,1,1,1,0,4,grocery,0
59.28469158283548,12,5.634214764324254,2.420004896463421,0.8183218338718032,1,1,1,0,2,grocery,0
22.865891723722505,11,2.580917453301815,0.1720279270500866,0.867328642415194,0,1,1,0,1,grocery,0
304.2994665446699,11,6.405309375672312,0.21680884966651884,0.9729381166829206,1,1,0,0,4,retail,0
300.46186177819715,18,65.19173895238202,2.330365418732929,1.186561021747301,0,1,1,0,2,retail,0
50.0,1,284.7051419457405,87.19640768109178,4.5375782406100855,0,0,0,1,9,online,1
76.03153380611492,22,6.046766175857066,4.722865806794018,1.7275690070410863,1,1,0,0,5,retail,0
108.86393763563365,13,17.64874366098852,1.6734462013585456,0.9785364811984019,1,1,1,0,5,grocery,0
1.0,8,1.5492392019985557,2.097873868738981,0.705231718217181,1,1,1,1,3,grocery,0
137.44048060983482,13,13.48337849638132,8.872012115968547,0.9528002133417,0,1,1,0,2,grocery,0
64.82767951166684,10,1.4145290089544114,14.16640242380742,0.8675932117173155,1,0,1,0,3,retail,0
89.24050026783885,8,7.048976728992765,1.4025803692524696,1.0929816043063252,1,1,1,0,3,travel,0
11.741189570238957,22,8.59284414747367,4.430634840870303,1.1990291422102972,1,1,0,0,3,retail,0
108.2714299731393,10,7.645604676232546,5.465128762643381,1.0989840047465984,1,1,0,0,3,grocery,0
80.87133268223369,12,27.02280988403728,1.1036386977014718,0.8623704129113241,1,1,1,0,1,travel,0
9.679986159639293,6,22.91504251529126,2.565554727283486,0.37592326177701574,0,0,1,0,3,retail,0
52.62508094046234,7,6.096398414054093,6.112484168171006,1.1160643675886628,1,1,1,0,3,restaurant,0
30.71398083630665,14,13.969671177533062,0.8739322587407177,1.0224916407255695,1,1,0,1,2,restaurant,0
83.69990733591607,12,5.840939023436747,4.481461946810052,1.226221280846814,1,1,0,0,1,entertainment,0
79.30380599947262,6,19.65369277609482,10.984456761907335,0.6634166855392486,0,1,0,0,1,restaurant,0
139.68241777190255,17,2.025861029545638,21.82250490398184,0.800997208915708,1,1,1,0,5,restaurant,0
104.52187034689007,11,11.929237766042712,4.179061653962048,0.8016539286275902,1,0,1,0,2,grocery,0
53.63193242620814,16,9.899574456543183,41.1241908151065,0.9188873887598934,1,0,1,1,4,online,0
11.46488938460616,12,1.598736999269288,3.3634503150154345,1.0403919715374261,0,1,1,0,5,retail,0
371.11721913836703,20,23.344859626195706,19.98987560097296,1.1401104376952778,0,1,1,1,3,retail,0
114.26597453715024,22,12.572668197799185,2.988957368758618,1.1395816287631455,1,1,1,0,3,restaurant,0
87.53709112127751,22,13.81399647088563,13.04012274394211,0.8392124291092625,1,1,1,0,5,retail,0
236.04239880495987,20,14.821224296379697,11.040787212233882,1.173516421097618,1,1,1,0,3,grocery,0
299.91254042934054,11,1.8507379003724194,0.5262086276657943,1.070141500111548,1,1,0,0,3,grocery,0
141.7281256802892,18,2.080182396900577,5.3676299699911345,0.42004942207019413,1,1,1,0,2,grocery,0
19.44124375730378,22,5.565952349694664,3.3455272914255048,1.3437821267807593,1,0,0,0,3,retail,0
395.1307308465935,23,9.621505610453813,54.84118334662901,4.393365813938903,0,1,0,1,8,online,1
16.9804560804456,13,1.9793736405336817,1.2878554091369367,0.9711960548304998,1,1,1,0,1,restaurant,0
7.66727644846688,15,3.7481019641572546,3.594835757240516,1.053704791782708,1,1,1,0,3,retail,0
30.989839271571796,20,14.906074687554703,3.564791464108441,0.7695698608990738,0,1,1,0,1,online,0
108.60303237994574,16,4.5291508353713015,8.88276437254662,1.138121566237854,1,1,0,0,2,grocery,0
15.374104676366343,16,2.515252484693484,0.6503978383228027,0.8459394083854267,1,1,1,0,3,online,0
21.28666915980219,10,22.70874402572464,0.4237519361278155,0.9946565642393915,1,1,1,0,4,restaurant,0
121.30172536745482,20,1.2548748309444768,3.262973449306916,1.181966419908468,1,1,1,0,3,travel,0
36.908785117657715,15,2.949045910448302,0.7475619296574023,0.9008108307653167,0,1,1,0,3,restaurant,0
38.268109191904415,14,15.144046946991754,1.8529964934161356,1.1586395092482302,1,1,0,0,5,online,0
86.62792141028027,13,30.034478497905795,21.23150415790953,1.5606655968685184,1,0,1,0,4,restaurant,0
1.2306037359911253,12,37.9106143034997,10.92720441728521,1.3265956533267478,1,1,0,0,4,travel,0
14.950958110276149,13,24.976978181875435,4.947667673959674,1.1341602674327875,1,1,1,0,1,retail,0
5.5680885217130225,12,16.53957593419772,5.196145263133012,1.3351311374581385,1,1,0,1,2,entertainment,0
142.5018952539225,1,19.388581557973403,4.604632676398915,2.981531981229902,0,0,1,0,7,entertainment,1
68.1698881050403,22,6.915155612850912,4.3555081559442135,1.464727823506746,1,1,1,0,2,retail,0
14.384319889586676,17,1.0521314087578952,9.760648493240678,1.3405949267611244,1,1,1,1,1,travel,0
133.32493423219722,21,3.381679928628226,2.884865718761265,1.165878244190223,1,1,0,0,1,grocery,0
1.0,20,6.931618993000299,2.810841748776217,1.1639226241123568,1,1,0,1,4,grocery,0
174.37624648804416,19,5.228861431395591,22.665051630660763,0.9419415428276088,1,1,1,0,1,online,0
7.669962401504529,8,5.782140789982249,0.3070720998080568,0.9167227790904962,1,0,1,1,1,retail,0
140.22188411011072,8,3.837582641430321,5.2798055278729406,0.6169442855687719,0,1,1,0,3,travel,0
57.2500164850385,20,11.589723532775578,4.387444091902543,0.9646191095890042,1,1,1,1,5,grocery,0
93.61765231364272,17,2.7448103664438954,0.24340870933634595,1.2157343774895935,1,1,1,1,1,entertainment,0
49.19771399076433,7,0.6032492755120555,8.611906841854974,0.4994431460827611,1,1,1,0,1,grocery,0
55.012742277107776,21,12.515631777580321,3.149852255141,0.9694847734493873,0,0,1,1,4,restaurant,0
1.58442963389446,22,6.376298675867497,3.5390992141991418,0.5919866697026417,1,1,1,0,1,travel,0
404.68980774194114,3,13.523034744138167,69.8948232648276,3.843073206540173,0,0,0,0,7,restaurant,1
285.6032818169571,20,21.31621463158728,15.341110715043534,1.099430937248419,0,0,1,0,1,grocery,0
3.295000476555435,7,0.1,9.84245228990664,1.267653840582327,0,1,0,0,4,restaurant,0
167.9459849033139,7,0.7360847123258034,2.611254488660821,0.5679147620827871,1,1,1,0,1,retail,0
256.66780401529866,7,2.6560444206808356,0.7413016622363043,0.9821075790814414,0,1,1,0,2,travel,0
6.473782754654783,9,0.5869598963897813,6.878247465522433,0.974268813738602,0,1,1,1,1,online,0
82.22464338553192,18,14.140737213746053,3.3997471913805803,1.3049172464438445,0,1,0,1,4,travel,0
37.38417499801108,9,15.243112291950675,0.1,1.2049564979378122,1,1,1,0,2,retail,0
38.604812528786155,20,4.733422745406953,14.10665693484746,0.8734671063711164,1,1,1,0,4,grocery,0
78.284979643767,17,15.925830397083324,0.6204619364881345,0.6810699540088003,1,1,1,1,3,retail,0
15.996464776063814,20,4.548011827356383,1.325596103027996,0.8129710209113522,0,1,0,0,3,grocery,0
302.8591027887485,19,9.114171830964175,0.1,1.0607475971934133,1,1,0,0,4,restaurant,0
50.0,4,31.324960696210255,128.8261114563642,2.4971120845593684,0,1,0,1,13,online,1
84.61592711364615,14,1.410960204709861,0.4156571020103377,1.179094279188012,0,0,1,1,4,grocery,0
50.0,0,9.253679851165217,35.11998629483371,5.668586844121388,1,0,0,1,4,travel,1
4.031781178116013,11,2.324088171788728,3.7136630526852468,1.1235716206324582,1,1,1,0,3,travel,0
135.52468912582728,21,3.204658600230585,4.337225611857672,1.6275260309177948,1,1,1,1,5,retail,0
4.972792155097651,14,0.4776421410832505,2.6319157741816825,1.1553487164076275,1,1,0,0,3,restaurant,0
16.666165410194967,15,7.453083692567381,6.89759241433052,0.756912666471214,1,1,1,0,2,travel,0
69.07658581566614,10,21.54100866424296,5.15315207055267,1.6606329204675299,1,1,0,0,3,travel,0
67.74358360261391,19,9.3592653967207,17.810564402157702,1.0803239074176727,1,1,1,0,5,restaurant,0
37.64143317637253,14,13.433896250065175,1.7502221662823636,1.4431503732414193,1,1,1,1,4,retail,0
144.62141136920502,10,3.955317632549688,3.3778418835819846,1.1802684064873292,1,1,0,0,1,grocery,0
1.0,12,20.052309573702097,0.1,1.0613563265546024,1,1,1,0,2,retail,0
75.68243776299481,19,6.542600650818536,4.385045442888972,0.5328863404369436,1,1,0,0,5,retail,0
31.649763698307996,17,3.9056137187668276,2.6454296010925993,0.8568145432761658,0,1,1,0,3,entertainment,0
9.147128168619894,19,16.852756803024988,5.467356129854113,1.1695000951897567,1,1,1,0,1,restaurant,0
145.85596585266313,19,5.446131103463695,1.8143227829756063,0.9731045019906244,1,1,0,0,4,grocery,0
5.969842489168481,21,9.420779085506384,6.677191313166987,1.162063456343614,1,1,1,0,1,retail,0
626.2191208018639,23,65.78235643323112,32.59892284121062,4.827935986421636,0,0,0,1,13,online,1
71.00697604571745,9,18.333702742290786,2.7273950021438664,1.0052173773226922,1,0,1,0,4,retail,0
382.5940601566052,16,2.507402485861947,24.460713815004972,1.0426211397799205,1,0,1,0,4,grocery,0
10.351487455348831,10,10.008566911735649,3.0794976833385523,1.0373405146259667,1,1,1,0,2,restaurant,0
58.397967497481645,14,15.022581340861088,19.257630951718852,1.0484241108263312,1,1,1,0,2,grocery,0
154.7362426892527,17,3.6183831851110932,5.8773483134965945,1.1240514576750504,1,1,0,0,4,restaurant,0
11.53502404720828,20,16.457535586840876,7.711427281724332,0.6476778659965907,0,0,1,0,3,online,0
3.129338843090758,14,3.1384095547445106,0.5800020674310304,1.2476143015645709,1,0,1,0,3,retail,0
55.69475020409594,20,9.848461292439078,7.617596406279335,0.5432191242605371,1,1,1,0,1,grocery,0
272.98537891224663,7,25.259258762072726,3.8632131323239283,0.7368475689336509,1,1,0,0,5,entertainment,0
2.1575021053065444,21,26.5701247364942,3.5780353950436328,1.08740849538727,1,0,1,1,3,entertainment,0
56.42481890849753,12,23.29660036401461,4.746562244299498,1.5536446273194477,1,1,1,0,4,retail,0
61.41846562210105,14,3.776975798153436,6.62902506547567,0.9965460682616292,1,1,1,0,3,entertainment,0
60.16118199265102,13,9.883573288565637,2.3610292509696373,0.7232703060431558,0,1,1,0,5,online,0
6.8683665528086415,15,1.6234826239787339,0.42520890888387464,0.6921727334348784,0,1,1,1,2,entertainment,0
101.36186231370016,12,2.753746929512877,11.075224533206232,0.5713406079638623,1,0,1,0,3,retail,0
144.60598193660323,0,106.6014310724195,10.715822934247047,4.432370791631108,0,0,0,0,9,travel,1
132.13262535948647,9,12.066513260376732,4.016337116016465,0.7520523782714307,1,1,0,0,3,retail,0
50.89614307569484,9,3.6969395612532225,1.6467286404022987,1.1010592156600385,1,1,1,0,3,grocery,0
30.00783033235331,20,2.3525394696706132,1.3586281594693415,1.6292926963720569,1,1,0,0,4,travel,0
31.201577128478306,22,1.514320568439485,4.791806069314632,1.1141714541628878,1,0,0,0,4,retail,0
68.08560809016521,15,20.792032059069598,8.094410643787954,0.6486603467640895,1,1,1,0,4,grocery,0
37.550720372404925,9,3.480219137503384,3.9012548986355267,0.954315665667188,1,1,1,0,5,grocery,0
34.01416887126321,14,2.5898750683098184,29.608810339186835,0.9869901701354992,0,1,0,1,2,restaurant,0
375.9255632424447,22,15.844361929676097,59.55667864045575,3.1133568340019893,0,1,1,1,6,online,1
64.5002135589742,13,5.733241364044756,3.9235241425827945,0.7891355335531816,1,0,1,0,5,retail,0
202.0964647597293,6,18.605383211073867,3.738073066332224,0.8876946688299061,1,1,1,1,3,grocery,0
118.54390450550909,14,0.7527919228169786,0.6680780890250216,1.1077824764155022,0,1,1,0,5,grocery,0
161.39947396585168,12,7.778223517938666,2.267022285673079,0.5188867445735892,0,1,0,1,5,grocery,0
32.42621826970272,14,20.077358079205375,3.362084591649435,1.2897602930689132,1,1,1,1,2,online,0
233.0557541919597,10,0.8219022390336981,0.4497230329607167,1.441572154826454,1,1,1,1,1,restaurant,0
17.723155240470877,17,4.193701813636194,6.925958890212369,1.2793635006214816,1,1,1,0,4,restaurant,0
31.18424724040019,12,5.227919250160542,11.108957718539065,0.5555354216457999,1,1,1,1,3,retail,0
30.772671749533153,20,7.733529005153466,4.01130921971426,0.8525937533748795,0,0,1,1,5,restaurant,0
145.08499462981968,18,0.7460274681696086,11.95404162486662,1.2032619761074512,1,1,0,0,5,grocery,0
138.89163975791772,11,1.1731569003701472,1.7193705288156622,1.273548991069803,1,1,0,0,5,travel,0
18.70709470715455,19,1.2578638904849444,6.544568235159563,1.2613123693447026,1,1,1,0,3,restaurant,0
17.664776330794318,15,12.258286971543678,0.30972272119773614,0.9960705721553863,1,1,1,1,4,entertainment,0
50.0,23,55.882080982984135,1.0,5.428403229123694,0,0,0,1,4,online,1
12.683517297021645,10,0.1919036279453339,12.397959512343338,1.5683592232238097,1,1,1,1,1,grocery,0
15.598487924691504,9,40.318999244560885,6.187328173709213,0.9311078119804743,1,1,0,0,4,grocery,0
172.57040520311398,7,19.4725356549536,0.1,1.0636279816179346,0,1,1,0,2,restaurant,0
218.4507128652589,14,15.115429297643894,1.4984770052368872,0.9939593630526794,1,1,1,0,2,online,0
5.648589016328817,6,1.144568712443529,4.287909506521304,1.310143130525802,1,1,1,0,1,retail,0
117.96557864474096,12,1.7039946936572756,5.39490385922699,1.0388409260841958,1,0,0,0,2,entertainment,0
19.54322613508315,18,12.484099201780532,2.4941804397012026,0.22108854066463912,0,0,0,0,3,entertainment,0
156.61573895646825,11,0.1666075254009603,2.663080765256346,0.9850302191844909,0,1,1,0,2,restaurant,0
92.2406415057423,14,1.5948092125619797,6.20883931119084,0.8735477807490071,1,1,1,0,3,online,0
112.90053268339653,12,4.062126730183031,0.1,0.7318847641725011,1,1,1,0,2,grocery,0
57.87655463575743,9,29.5243363238519,0.1,0.5715867341810764,1,1,0,0,5,online,0
165.2891260085962,21,12.491550940878888,0.48010040857945274,1.204812561727861,0,0,1,0,1,retail,0
394.73815451952873,15,3.52280800454025,2.5655193208737304,1.2411626357521337,1,1,0,0,1,grocery,0
24.96313845845708,6,1.4502064990226056,2.1669199633858143,0.9359878953483091,0,1,1,0,1,online,0
55.803749252658086,7,0.695951623678497,5.852412120882462,1.205282192335452,1,1,1,0,5,restaurant,0
50.0,4,282.5788264050175,88.37814503584039,6.47266940893334,0,0,1,1,7,online,1
11.660035690580226,15,11.952890312834313,0.4873491112759869,1.0421474287177184,1,1,1,0,4,grocery,0
71.0223342348383,17,8.287124815386568,17.18301952606647,0.6076745296900621,1,1,0,0,1,entertainment,0
18.320869337283607,16,2.616002189572484,1.552720526052148,1.0675479080392,0,1,1,0,4,restaurant,0
135.9587258111377,12,10.257916706147745,0.5619095139808543,1.156862205956409,1,0,0,0,2,restaurant,0
182.92628398363465,10,0.659703499704502,0.9614568294538949,1.1588710279859493,1,0,0,0,2,retail,0
312.84324581737746,12,8.293305428581837,2.004580385231588,0.9737590980915861,1,0,1,0,1,retail,0
139.57865274361583,16,1.3307957427489068,6.061610455657504,1.1734424570772275,1,1,1,0,5,restaurant,0
228.22801361328422,23,5.0,18.0458973604991,2.6243239773507083,0,0,0,1,6,online,1
275.02367945702184,6,2.727457656586184,5.126685173360804,1.3760703089860324,1,1,1,0,2,grocery,0
84.36766871007917,9,6.5610539883811345,1.3789166442653626,1.3872912247757543,1,1,1,1,1,entertainment,0
28.3228864501487,15,12.501111022689233,6.403890484571109,0.6735767654770302,1,0,0,0,1,restaurant,0
40.22268351509518,20,14.253710047143908,3.1470695801071384,1.2225459368254992,1,1,1,0,4,travel,0
341.50191516815875,11,18.469472768594702,0.3840577365446036,0.6498516964517127,1,0,1,1,3,grocery,0
12.875752344814407,14,8.224745163441131,0.7451956408811542,0.9313851977908117,1,1,1,0,2,restaurant,0
237.53358544585367,15,18.180679571648298,11.240660801334828,0.8417127214616283,1,0,1,0,5,restaurant,0
253.87037173539508,19,7.790838555500228,4.638543682141023,1.45731950185229,1,1,0,0,4,restaurant,0
64.54317138332539,13,19.592675500783837,8.783643557091338,1.0797575329635973,0,1,0,0,5,grocery,0
45.535860457699016,19,10.37515057266389,3.220750006457621,1.3469610589577847,1,1,1,1,3,grocery,0
50.83918965010372,9,44.7504078243104,2.3381242300138467,1.074802424512187,1,1,0,0,3,restaurant,0
28.93544786703209,6,32.80000295271706,2.3236557654788523,0.8892477853018124,1,1,1,0,5,retail,0
108.2857709343199,15,11.669633512943328,1.4890151741674005,0.9422232626882843,0,0,1,0,3,grocery,0
128.99005752886075,9,4.01749726005059,5.082481106715408,0.9273910401092809,0,1,1,0,3,grocery,0
44.85023287089292,6,15.875554587546436,6.408616043110391,0.9310193699902223,1,1,1,0,5,online,0
109.92856590940136,3,196.6326472202922,45.24338328643441,4.183152084758271,0,0,0,0,6,online,1
32.79682301694006,22,8.260462013890038,4.602357135895003,1.488300009444571,1,1,0,1,4,online,0
19.023619055005064,12,28.22295346487507,2.0101592179606116,0.897996973970537,1,1,0,0,2,travel,0
9.77439936387351,20,4.996774259209006,0.7282131872489804,1.09810370748481,0,1,1,0,1,grocery,0
1.896949833948001,7,6.6269120849574055,11.535587329082492,0.633829245876075,1,1,1,0,2,grocery,0
15.731794479090569,14,8.24279207818826,3.7161768958151633,0.973909798101444,1,1,1,0,5,grocery,0
20.831441795580076,19,4.0037312554751265,8.747485980269715,0.7296115322739127,1,1,1,0,1,grocery,0
72.15850632723975,2,13.59611715022117,27.38171322507819,3.553718041774991,1,0,1,1,5,online,1
139.88598186279182,20,11.8490407104425,4.082772729754754,0.9138230310242642,1,1,1,0,2,entertainment,0
243.02848693747535,10,10.118247633154702,0.8563388715823379,1.1657886552770556,1,1,1,0,4,grocery,0
73.95499060911115,20,18.44911423963261,12.181303025108178,1.224122722670836,1,1,1,1,5,grocery,0
50.0,4,49.93500806288133,20.183867488939217,5.436955472081465,0,1,0,0,11,online,1
36.80111531976906,21,12.9866021304251,14.43198109459805,1.0970164702994107,1,0,0,0,2,restaurant,0
315.597668123631,22,19.056387460649034,6.612830102431731,1.330645931881703,1,0,1,0,5,restaurant,0
5.294904275299207,7,0.6933892333380345,2.2852869764020083,1.0286762397753628,0,1,1,0,3,retail,0
23.00997354369615,8,4.234362778251608,1.785836956223683,1.074267866454192,0,1,1,0,3,travel,0
40.66347487812931,13,5.661635251287228,22.440154616365486,1.3499205694329386,1,1,1,0,3,retail,0
39.902640018723815,16,33.25022505929739,2.197787766116646,1.6477474267050198,0,0,0,1,5,grocery,0
50.0,22,5.0,6.994228925449033,1.8138638147253865,1,0,0,0,8,entertainment,1
6.54701516864698,9,11.543021936453165,4.434340123336517,0.9815105364399419,1,1,1,0,5,grocery,0
28.921853480646618,10,3.4527729979695003,1.5260772537812428,1.0220575232752824,0,1,1,0,2,retail,0
122.13492829190741,21,9.203884556465797,10.985978174066869,1.0749347194515564,1,1,1,0,2,online,0
82.52538058843908,17,9.153941437981153,1.0872698286783102,0.689426469083529,1,1,0,1,3,restaurant,0
76.94766164054461,15,10.395692976992727,6.723421159464001,1.3548411254111374,0,1,1,1,1,retail,0
147.11591082433875,0,38.374714150304634,25.472766397768748,3.8627084745377678,0,0,1,1,9,travel,1
268.8875268719605,21,4.546336558402567,4.792687052175041,1.3962098351849888,1,1,1,0,3,restaurant,0
91.0630907743301,21,16.087811507919703,0.9181357787806297,0.8471102032336196,1,0,1,1,3,travel,0
124.19743995105824,14,7.607909062357681,8.817589190991104,1.4086551962949252,1,1,1,0,2,grocery,0
29.272574149778578,10,3.487874078608153,8.50470299748792,1.0597095709884499,1,1,1,0,1,retail,0
66.59678459745244,15,9.142854713064539,2.1800145498667853,0.5764496525458326,1,1,1,1,1,restaurant,0
413.21468489089335,7,1.5743019540559111,2.4115039342126967,0.500976300731995,1,1,1,0,1,online,0
220.67065372151143,23,73.87399705769633,10.124382190151696,3.7940358504415217,1,1,0,1,10,restaurant,1
72.55845149098124,10,2.0281545260862424,8.231691755367482,1.0244781040212243,1,1,1,1,4,restaurant,0
114.98914788376047,11,11.966764373533733,3.1473902745933557,1.4102113174622541,1,1,1,1,4,travel,0
8.384073885640644,6,11.982201557422123,0.29147938114813593,1.556323522552191,1,0,1,0,4,grocery,0
35.06770756107266,11,36.06662968706259,10.26593710862131,0.7859555674427472,1,1,1,1,4,entertainment,0
57.70329629733741,13,43.29846740701197,4.383701364606641,1.3117783857902097,1,1,1,0,2,restaurant,0
19.660931787966053,11,1.1721466814105264,16.454368850326038,0.5282527827243446,0,1,0,0,5,retail,0
33.226081045485365,9,15.050153707786663,10.218766711221665,1.3300149824929062,1,1,1,0,4,grocery,0
60.8485439244232,8,10.854420409438548,17.074203321366824,1.1139493432262484,1,1,1,1,1,entertainment,0
5.197860536582306,12,7.149463002558524,4.733805614270187,0.9135616477902803,0,1,1,0,4,online,0
72.0061084008051,20,0.39839330426593295,2.974481552345453,1.0036311282913732,0,1,1,0,4,grocery,0
192.27680236780768,15,1.0418656284407497,1.055736177327081,0.4096125659468848,1,1,1,1,4,grocery,0
169.03543681126826,20,2.0444127823378193,4.346424797580934,1.2273811060124897,1,1,1,0,3,retail,0
48.306772023489735,19,7.952662710309361,2.264490196068813,0.4143918797679774,1,1,1,0,2,restaurant,0
69.98149829954933,17,7.013225154414105,11.660570997450021,1.2320342801147721,0,1,1,0,3,grocery,0
182.00985801556183,10,15.252778902321037,0.1,1.1109503323923966,1,1,1,1,5,restaurant,0
6.408342284014109,11,0.7824006815543125,1.6664821005221255,0.6471229756163661,0,1,1,1,4,grocery,0
4.917470869113774,15,7.226171832182765,4.674416924330597,0.6738896231373352,1,0,0,0,2,grocery,0
122.93105515176066,11,10.502894694520164,2.5432606995519027,0.9564030145573692,1,1,1,0,1,retail,0
12.427218801785703,22,10.762093448324732,5.087810498968031,0.7563866843480844,1,1,1,0,2,restaurant,0
11.341645177920547,6,7.925891174839553,7.954970523852285,0.7502406137197712,1,0,0,1,2,travel,0
89.71579088796568,18,13.256538835179832,5.3669847000214865,0.5601131436548692,1,0,1,1,1,travel,0
152.09883954104885,22,2.492898365948513,5.1296402926198645,0.9607114051129826,0,0,0,0,4,travel,0
158.22300217786758,19,18.195213365626557,4.053317258268741,1.2646798601232119,1,0,0,0,1,grocery,0
85.11533519309964,20,6.345836370524963,0.8589346717158476,0.5920502232617848,1,1,1,1,1,entertainment,0
58.42113636339877,16,15.373704644242776,7.00193676401906,0.6760733345644759,1,1,0,0,5,travel,0
101.94704324782603,7,2.52674229876696,2.8352683046189595,1.034421218637379,0,1,0,1,2,grocery,0
36.02652320236464,13,4.825469089624249,7.620509165789518,1.1434519960980396,1,1,0,0,2,travel,0
45.365721344184905,11,3.794943609761823,4.640227194808274,1.5031855498563855,1,1,1,0,4,restaurant,0
83.93733816921838,17,7.848579610350082,0.48375770656834005,1.0269069789135963,1,1,1,0,4,travel,0
29.612399186351908,19,1.3523679951339407,6.312215120306589,0.966503957045211,1,1,0,1,2,restaurant,0
22.853569483907034,19,5.792142713518864,19.65563899131665,1.264294912072299,1,1,1,0,3,retail,0
25.219971079100482,19,3.9698372184627706,7.114009415604471,0.2527241580871712,1,1,0,0,5,travel,0
12.117286567574602,13,7.788595924035566,9.192432586920878,1.1501346899449156,1,0,1,1,3,grocery,0
20.97880224415701,19,1.2311119575856009,2.137740314621645,0.9210046714869937,0,1,1,0,3,retail,0
144.84590222511838,10,2.927115153829652,1.1407417767299317,0.8544713158180617,1,1,1,0,5,retail,0
18.371887353517295,6,4.532800085068858,9.98837245302225,1.198472253462637,0,1,0,0,2,entertainment,0
376.8568919650281,0,5.0,61.119495861988646,4.077808843143688,0,1,0,1,9,online,1
76.73243654380626,15,0.17955122797190082,6.065551842690057,1.1122385957306409,1,1,0,0,1,retail,0
206.3920175713327,11,24.065119044575948,5.286659810030853,0.6211411519137018,1,0,1,0,4,restaurant,0
114.91008030466813,21,13.409087106355699,5.627952173768099,1.076711862526167,1,0,1,0,2,restaurant,0
279.79102648987185,22,1.8938448145216957,0.957025640836155,0.9275813869400047,1,1,0,0,5,entertainment,0
128.7214741836993,6,36.601847349077815,4.5525809649841955,0.5723622746227075,1,1,1,0,2,grocery,0
116.73247772904398,21,1.5507303097980676,0.15241276736698214,0.9320416619309787,0,1,1,0,1,grocery,0
270.1281917979099,12,1.387819158774544,2.2882831981492533,0.781104589156788,1,1,0,0,1,entertainment,0
28.216240414197763,6,7.5793717613341824,3.4974175988152685,1.1015189044850917,1,1,0,1,2,restaurant,0
86.47610757093327,21,5.696622418623835,0.8439432684113757,1.2271642538239544,1,0,0,0,4,entertainment,0
67.5524440546633,9,5.108166184890379,0.1,1.0861322348432845,1,1,0,0,5,retail,0
176.35497914426847,19,3.2813017411148255,10.412429973400627,0.9798882634364645,0,1,1,0,4,entertainment,0
21.470445331325383,21,4.727532522933861,2.3896586742622885,0.6490462748979982,0,1,1,0,2,restaurant,0
1.0,6,14.205139927309933,10.571308917431043,0.8231996084416092,0,1,1,0,1,travel,0
437.633990426728,22,16.74621876348214,26.687926323170398,2.493921874375875,0,0,0,1,7,online,1
43.9304558921068,12,4.441192233669795,16.316264184421886,0.42911265007789445,0,1,1,1,3,retail,0
6.839266459100698,12,0.4540435376720772,2.6052076584578105,0.9359438063586163,0,0,1,0,2,grocery,0
197.60100299266645,20,4.755739383531834,0.21751745240447676,1.3209605225620435,1,1,1,0,1,retail,0
29.727071774415506,6,7.767623796525106,5.146559304838357,0.9727912841131567,1,1,0,1,1,travel,0
44.05390364452671,20,0.22174591464413562,2.091497485536042,0.7993462787128311,1,1,0,0,1,online,0
24.333544160447033,10,10.858094688334408,9.258667386549442,1.0907016067461701,1,1,1,0,2,grocery,0
51.47751669462245,13,16.2901008972134,1.1504751663807087,0.6903524947094128,1,1,1,0,5,entertainment,0
23.77148919436695,14,0.17075713969023165,4.470540430145154,1.1205573515907072,1,1,0,1,4,restaurant,0
64.62684123255882,20,7.035165948452057,4.801382614575188,0.604947674470843,1,0,1,0,3,grocery,0
43.39839595705246,8,2.647061078387272,5.816661988559682,1.015772246914833,1,1,0,1,4,grocery,0
73.51838088602106,20,1.2297394717086612,2.2074102768487753,0.6907580166408701,1,1,1,0,4,grocery,0
371.4117667259522,5,58.807258147376984,52.10873824594103,3.3554289297447975,0,0,0,1,14,online,1
45.73050010533613,7,0.21174781970383677,3.4510864142518844,0.8844402888120939,1,0,0,1,5,retail,0
62.34349753114087,18,23.40795196716377,6.613881057738827,1.8273177863808998,1,1,1,0,3,retail,0
78.14810709922641,13,5.649218085441974,0.8214773038951029,0.7897750699929115,1,1,1,1,3,restaurant,0
14.078166947260392,17,4.9333537801199645,4.285674182745433,1.4897469689121061,1,0,0,0,2,entertainment,0
253.8319481275202,21,24.311921715598555,1.4258134816985724,0.5454911404886016,0,1,0,1,2,restaurant,0
50.0,3,10.120543660053356,34.7994547335745,5.872865928827893,0,0,0,1,13,retail,1
136.45856831142595,16,1.2015235145575223,3.100572713884961,0.9233006904061324,0,1,1,0,4,grocery,0
26.8830421402204,7,5.278865368086474,1.5719766933996575,1.2090414743548186,0,0,1,0,3,retail,0
421.0251145591436,21,10.273819330814222,3.1250486943721434,1.2980910123628426,1,0,0,0,3,restaurant,0
18.496202200362866,19,15.077022779698444,1.0442544929767177,1.1165989036987578,1,1,1,0,1,entertainment,0
64.54617327183269,7,9.20920507884569,0.15488834549557348,0.9616474985606343,0,1,1,0,4,retail,0
49.37485662816914,9,5.159647107823519,1.9780344811586952,1.4942037412011788,1,1,1,1,4,retail,0
69.21412743120294,4,121.89167864419211,66.84672589480326,4.436675266227561,0,0,0,0,12,online,1
176.86198854480946,8,17.723869238484177,2.9500204157057395,0.8768072339868949,1,1,0,0,3,retail,0
93.18799304886807,14,8.992059064276747,9.068772702526555,0.9188205559943823,1,1,0,0,4,travel,0
12.330637781394021,14,2.859711129499354,2.3793155828243058,1.2356376385215162,1,1,1,0,5,restaurant,0
60.56157100106581,20,5.268851113173289,13.437860212607761,1.357958267343009,1,1,1,1,1,restaurant,0
50.0,2,5.0,8.249502016620298,3.6522203613009845,0,0,0,1,11,online,1
40.82866543422025,22,10.222603340069526,5.629577806955114,0.8675979966833449,0,1,1,0,4,grocery,0
4.980002505521206,6,40.052136134021616,2.5853990063089722,1.487023315743728,0,0,1,1,5,grocery,0
2.7818584388250702,18,22.542168063498895,5.660015057071579,1.2120443341320686,1,1,1,0,3,grocery,0
108.42551312907223,23,83.27903108460752,32.06199912130305,4.693627905781562,0,0,0,1,5,travel,1
31.582224203472464,18,14.046130327196726,0.8257490091676261,0.8688614328942994,1,1,1,1,3,grocery,0
61.22293688394893,19,6.902666139420502,5.574089802294505,0.8119078368107693,1,0,1,1,5,retail,0
4.7063798295294665,16,1.0587866266002517,6.842471377822558,1.1689553361903255,0,1,0,0,5,grocery,0
117.48071238474367,14,0.1539168464715738,3.026320393536419,1.46829580295962,1,0,1,0,4,grocery,0
344.0529459297164,4,38.65192182722167,113.64102921760218,3.1185998372582016,0,0,0,1,10,online,1
129.88738310236283,22,28.105255934711828,2.1971424004814106,0.9189788266247945,1,1,1,0,5,retail,0
77.96244435660505,17,5.684901985886802,1.4126840715747422,0.8794236103830073,1,0,1,0,3,retail,0
129.72156194666053,21,32.3379374214188,3.293596223116659,0.7564248661161637,1,1,1,0,1,travel,0
125.0462633142588,7,29.27290653001512,2.540416144546762,1.5436824779523262,1,1,1,0,1,grocery,0
314.21518705448176,0,58.865468301012775,69.66457162602596,4.564651939451206,0,0,0,1,6,entertainment,1
104.30166374035196,12,2.944870822580554,2.3743806398807843,0.5323986789773104,1,0,1,0,4,entertainment,0
139.4992256223788,15,9.134008505377365,0.3545146887674945,0.7449880946400609,0,1,1,0,2,retail,0
43.226985157831585,10,25.289619923458897,8.012448344295212,0.756276308950552,0,1,0,0,1,online,0
259.0167713825462,8,2.812336017982898,0.7355557982298376,1.1580859934720167,1,1,1,1,3,restaurant,0
466.72271624507937,22,8.659777286320296,87.57088780504375,2.215264671496153,0,1,0,1,7,entertainment,1
200.36145027239488,12,6.697143065261603,0.6308212369845362,0.5968422695748015,1,1,1,0,5,retail,0
105.58108949177411,17,8.20990470476424,3.601633438159764,0.9381974123216585,1,1,1,0,1,retail,0
249.73775123331927,9,7.927402436237997,21.738630117316674,1.0408492842139088,1,1,1,1,2,restaurant,0
17.122455632803163,9,8.299794886896244,0.11488025378453198,0.9245738461482096,1,1,0,1,5,grocery,0
148.62859408661274,19,3.9352837536534135,1.4594484475669938,1.7129849971526538,1,0,0,0,5,entertainment,0
59.13699527470985,21,2.425948895288534,5.044247802733503,1.0498271617799921,0,1,1,0,5,restaurant,0
57.72200224578569,15,13.236205252582709,6.016430902610381,1.2727881700536103,1,1,1,0,5,entertainment,0
231.47459099042183,21,0.5910103733098738,3.2443504429341266,1.3021659992021724,0,0,0,0,2,travel,0
52.91285459304309,13,0.1447445728351081,4.3760516740124284,1.2184341905065637,0,1,0,0,3,grocery,0
62.84310621965615,12,11.089863002997724,5.844715688831138,1.094581428447942,1,1,0,1,4,grocery,0
312.98369620671497,8,18.35645883093067,2.117470269892418,0.7547842311871666,1,1,1,0,3,retail,0
61.347272315396786,7,13.481678627968847,1.1562944724365027,0.6992424240510182,1,1,1,0,1,entertainment,0
126.7045358643764,1,167.59014768386288,11.82728279089155,7.425889072715874,0,0,0,0,10,online,1
22.116884252946836,7,28.768314032936445,10.255389749658796,0.8943582011603621,0,1,1,0,2,retail,0
501.84369215239104,0,5.0,46.51836605895237,1.766968973129186,0,0,0,1,14,entertainment,1
4.151739488784988,17,13.91806586992902,0.9010593817577448,0.4354888341194365,1,1,1,0,4,travel,0
66.78025595531903,11,8.93273048957269,0.9425658804181338,1.1325876822071324,1,0,1,0,4,restaurant,0
42.28153680407499,22,9.125626105641466,6.189947085606712,1.2515941669995825,1,1,0,1,5,retail,0
5.16861508509313,12,16.984865192179456,9.396375233857322,1.049514075998769,1,1,0,0,4,grocery,0
197.0531312429979,12,0.9022361186014711,2.1668715060295347,0.6119767939746055,1,1,1,0,1,grocery,0
8.02092984293352,11,13.395703490751952,0.13320870139124666,1.0651701411011483,1,1,0,0,1,retail,0
51.85266854950119,15,5.613217775661217,7.2354188829371635,0.9783169559197354,0,1,1,1,5,grocery,0
10.170417805636614,11,9.792112674455192,20.27220582483318,0.9682411827774519,1,1,1,1,5,grocery,0
5.994989746743463,17,3.987784624308204,4.21541008627702,1.235195132029996,1,1,0,0,3,entertainment,0
43.477776530739234,6,18.883556025928222,1.5309018816209723,1.2895756347138696,1,0,0,0,3,restaurant,0
65.18033144646496,15,7.618993716730234,11.953197537592857,0.7710241036991925,1,1,1,0,2,restaurant,0
5.22818950644009,11,7.842993143595076,4.41863692070924,1.0064063256813267,0,1,0,0,5,grocery,0
7.274567561396468,18,12.3341946807348,0.3856316996757655,1.3619735847825958,1,1,1,0,3,travel,0
1.0,20,12.632688749293045,4.022985110601755,1.260166208887447,0,1,1,0,3,grocery,0
30.494577609070653,6,0.7859427393289771,0.5330401018690447,1.2196488675716206,1,1,1,1,1,retail,0
67.96681345657706,12,15.105284916222644,5.349864631171199,1.209373021834183,1,1,1,1,1,online,0
50.65561457359745,21,25.501195823585793,6.785255196032369,1.0968069946912569,1,1,1,0,1,retail,0
110.08991060853725,15,3.715420670084988,9.55366578631922,1.0342748103657098,1,1,1,1,1,online,0
69.2693717757658,13,10.033691437644702,11.548824239395433,1.1062300576078623,1,1,1,1,2,retail,0
72.06895599104006,19,8.382593552686286,16.82777249574835,1.2831007655276094,0,0,1,0,2,restaurant,0
25.634127396002093,22,16.238734674914188,0.5823015108405896,0.5307425704719049,1,1,1,0,1,grocery,0
2.791990301827835,21,11.62314085837798,4.4620856714396755,1.0682478303256302,1,1,1,0,1,grocery,0
70.52502084319683,15,15.595316465506663,2.6567954072195423,0.8119826287325353,0,1,0,0,1,entertainment,0
19.62989969460249,18,21.855138536229237,3.6145644700730877,1.2128018743417137,0,1,0,0,4,grocery,0
226.5814083585082,6,35.28518374725867,0.7828103130149993,0.8057396844078895,0,1,1,0,2,grocery,0
44.46668387921754,17,4.670456674561044,1.3509021814427018,1.5358884921869262,1,1,1,0,3,retail,0
76.34080529621225,8,14.096683738878042,5.606803447694308,0.9846117667202572,1,0,0,1,3,entertainment,0
68.73404499951344,8,12.309039048983943,3.237719934185515,1.0177004491306252,1,1,1,0,4,restaurant,0
5.309044063476773,17,28.713880363073617,6.100116792256997,1.2054013531228869,1,1,0,0,1,entertainment,0
32.36477862797044,15,20.711331342621,1.065526684039334,1.0301286822508133,1,1,1,0,2,grocery,0
94.91590557672971,9,1.2186932961365422,1.8393526682499115,1.1012969014155787,1,1,1,0,4,retail,0
182.12677675832253,22,10.5793609165516,2.1548229665209124,1.401834630476151,0,1,1,1,2,entertainment,0
132.07096643876557,12,13.44523808863448,5.1872057130642135,0.7789804338269184,1,1,1,1,4,restaurant,0
12.076359849841669,6,15.130422096554595,10.792513842298153,0.6652983501777396,0,1,0,0,4,restaurant,0
178.86158714296937,20,12.370722086407945,2.2243850415431985,0.42475265956287644,1,1,1,0,2,restaurant,0
50.0,4,66.3561635826951,18.91229584154253,2.2205954316564713,0,0,0,0,3,retail,1
144.29158353970377,16,15.322953463904387,3.475547156906302,1.3627607644229145,0,1,1,0,2,restaurant,0
4.492644715261113,9,14.017177390488866,3.580357382206733,1.1544791892531132,1,1,1,0,5,retail,0
36.992326098640106,10,10.346295655379967,4.85415686695057,0.9740563986888565,1,1,1,0,3,restaurant,0
72.7875448157194,10,14.794030089720291,6.1514457649889875,0.7530537731530265,1,1,1,0,2,entertainment,0
44.61472633427451,7,13.546666532172404,2.879650828476617,0.5993708207209081,1,1,1,0,2,grocery,0
8.216681767296391,12,18.30118567858582,0.38944061733585494,0.7409270177034362,1,0,1,0,3,entertainment,0
63.29532764315235,19,1.8737884394636577,2.1892007011043924,0.9600424512584321,1,1,1,1,1,grocery,0
153.9110552714229,15,15.360629377327406,3.2597086499615973,1.3316942760276556,1,0,1,0,2,grocery,0
8.383935535852698,21,5.948167326482351,4.189755545132378,1.2108624609751548,1,1,1,1,3,grocery,0
85.5159858390235,12,4.054418311269384,0.19943734070463515,1.028714262127813,1,1,0,0,1,retail,0
54.07653214788653,14,9.163592409186709,4.261624069080703,0.7514862512900802,1,1,1,1,3,grocery,0
62.78365020480814,12,7.708475408187258,0.8374489570985576,1.1417243593231023,1,1,1,0,2,grocery,0
11.528331711033648,6,4.35612109454466,2.43674758287552,1.3866336131519932,1,1,1,0,2,retail,0
15.963137223234881,11,7.53884619179323,2.587195921853767,1.4174630951238703,1,1,1,0,5,grocery,0
41.232150945164314,9,26.100781747884845,0.34291248613200703,0.8760872488057025,1,1,1,0,5,travel,0
60.54040283240159,4,16.4680999211286,3.2207567504431407,3.1442096124417205,0,1,0,1,14,retail,1
9.25659422558116,6,20.42081468035484,6.3141907192127835,0.8782744369694049,0,1,0,1,5,restaurant,0
71.90356193495352,12,5.030037298106294,11.212486623935414,0.9639959990114458,1,1,1,1,5,restaurant,0
47.81427467868313,15,16.366602699847924,0.9273673683658641,1.0763830483076573,1,1,1,1,2,retail,0
78.01756949251943,10,1.189115265432419,0.6764468758182591,1.4356099687691557,0,1,1,0,4,retail,0
29.07054956734294,11,1.0453879703794735,0.45776303460877477,0.8816495398639312,0,1,1,0,1,restaurant,0
18.077220338543412,13,22.57244135768273,13.221904254654138,0.5941733188852851,1,1,0,0,4,restaurant,0
123.03993885823343,20,14.88549117002606,2.4544012292690973,0.543502857337213,1,1,1,0,5,grocery,0
66.92558854212399,10,3.6745104737405576,2.633371676591488,1.786955401163425,1,1,1,1,2,restaurant,0
105.11807139705076,20,7.029486613917387,0.7359316078203262,0.9232552887242776,1,1,1,0,1,restaurant,0
277.467190280772,22,68.56056411607626,3.4454134959355134,0.7965621837591073,0,0,0,1,4,grocery,1
69.5465764092443,20,5.4839173874242695,9.093772367271676,1.576648250509761,0,1,0,1,1,grocery,0
240.51567031248817,18,12.294712479066561,0.1174297801501628,0.8891009618553654,1,0,0,0,4,restaurant,0
27.534150263053995,14,9.804088016745453,0.5709763195026281,0.8798349363187009,1,1,0,0,4,grocery,0
54.78567086846361,8,6.550027277146744,7.383238887972977,0.855640955483074,1,0,1,0,5,grocery,0
215.95055719634362,6,23.833613080568167,1.7747289038007796,0.8488512164244485,1,1,1,0,4,restaurant,0
27.046973191369133,6,62.05962433857149,7.468181888334284,0.8007932073598083,1,1,0,0,3,restaurant,0
54.499333950893174,6,15.043123305019579,2.5664598351998498,0.8748260770517005,1,1,1,0,4,retail,0
95.23166275971104,10,16.311390059406786,1.132614451456972,1.607531532354327,0,0,1,0,4,grocery,0
26.4446387020324,8,10.2319075597846,0.4739186796122425,0.6873191336025671,0,0,0,0,3,retail,0
296.9676921987109,23,196.46727644985742,45.49299630336356,4.104024528595398,0,0,0,1,12,online,1
74.10829506892716,10,16.88599385491251,6.062042271463987,1.2691621715695658,1,1,1,0,3,online,0
33.03151138524066,20,11.502001224849934,10.022124137681734,1.1527462889841968,1,1,1,1,5,retail,0
25.080452236048405,11,1.7323953225697535,2.282953724094291,0.9332817671689327,1,1,1,1,3,retail,0
156.02228120761478,15,2.188321033973371,0.9015120793083116,1.1173898543016048,1,0,0,1,2,grocery,0
39.35130097617534,13,2.6949054006301845,6.339221082103635,1.5231940048597332,1,1,1,0,5,entertainment,0
36.238489240873484,7,10.897372057236174,1.0209575112657179,1.080568183637302,1,1,1,0,2,retail,0
69.54057635548843,17,5.286492274943862,6.383292512621992,1.2832336509559965,0,0,1,0,1,online,0
57.50814020739529,21,45.62425097396588,2.653248226235159,1.1622849413881275,1,1,0,0,5,restaurant,0
108.58110509192267,7,1.8005519113441273,0.1,0.9573382040171704,1,1,1,0,1,retail,0
131.86505655829836,18,8.557770960845595,6.0233634769006095,1.266633567485158,1,1,1,1,4,restaurant,0
65.100923416614,7,2.6496339285855903,0.23900097399719486,1.0605943076449795,1,1,1,1,4,travel,0
35.05954456635926,22,30.270608641106776,5.253345388035125,0.47854240510722823,1,1,1,0,2,grocery,0
36.68182394114432,15,0.9261512947125478,10.306744674087305,0.4937592816360884,0,1,0,0,3,retail,0
183.05844001420044,22,0.7779163317132821,4.411154948568186,0.5124669211926103,1,1,1,0,3,grocery,0
122.58772464445835,15,1.4970044876578155,7.944876161410538,1.240615239623781,1,1,0,1,2,restaurant,0
17.086728379822038,19,10.207852396956739,4.059639222793503,0.4700481142682348,1,1,1,0,2,retail,0
47.081705102408705,19,22.96197533718365,1.2593431125058911,1.1348783426644797,1,1,1,0,3,restaurant,0
98.84280986854621,10,0.343120919265428,2.305422188110217,0.5677459137579,1,1,1,0,4,retail,0
52.677434770147194,18,0.4204910019303022,16.71901604100733,0.4705401870419915,1,1,1,1,2,retail,0
39.47578637532975,11,1.7385021945334358,3.6723940934884376,1.276902844513607,1,1,1,1,3,retail,0
179.62020054785057,12,12.517729385690568,2.3625164063714115,1.1244340866514595,0,1,1,1,3,retail,0
31.503084190766366,22,11.869095945364682,2.812752920914554,1.2342348591027306,1,0,1,0,3,travel,0
43.95542584159277,17,25.497114793635415,0.1,1.100508102357988,1,0,1,0,2,restaurant,0
50.0,3,36.494392536169784,83.4690055091059,2.031058745931541,0,0,1,0,14,online,1
12.988602355905476,12,11.938364374442312,3.8661556867758096,0.9323490178654597,1,1,0,0,1,retail,0
82.35721356254157,6,7.257066196530742,6.511262847418723,0.669927834483524,1,1,1,1,3,grocery,0
30.21877014642098,22,4.948099168813061,0.3356175003099659,1.1852692893252719,1,1,0,1,2,restaurant,0
5.123561950247869,22,14.206651263386547,1.897666656906483,0.729487335898922,1,1,1,0,1,restaurant,0
323.5647599131661,8,13.08354169576149,6.690168848023179,1.1498353476719598,0,1,1,0,3,grocery,0
62.42914551497084,6,3.297001523846048,9.23134590248741,1.0124547130046573,1,1,1,1,4,grocery,0
13.58732530916813,19,16.346460071270805,7.575328545437175,1.0517535932958688,1,1,0,0,4,restaurant,0
291.1845392684389,22,2.0509643633820227,16.16570961959993,0.9943425454137373,1,1,1,0,5,entertainment,0
62.17082103237536,7,4.762335057337465,3.7059979652568553,0.6798048213240349,0,1,1,1,4,entertainment,0
38.365777162476114,18,10.716438555278868,1.8362286726780672,1.6020899494323722,1,1,1,0,1,online,0
32.14750572468153,20,34.82491313116894,9.432806252288241,0.7907472997619296,0,0,0,0,2,retail,0
169.17580153916157,11,3.2326526973006153,0.1612388840970015,1.4818604030135551,1,1,0,0,3,retail,0
91.4759141207432,16,5.065601876650052,1.5984234679628708,1.1924515695062559,1,1,0,0,3,retail,0
56.88763449746472,14,12.844605708693688,0.2649588539679218,1.0382177852662606,1,1,1,0,1,grocery,0
33.59713664181327,15,4.897649313404989,1.219088466903219,1.0450608607900076,1,1,1,0,3,travel,0
51.102863463637114,16,5.249561705161513,2.6019075191903243,1.3875544649324347,1,1,0,0,4,grocery,0
71.41103484626585,9,16.761152400992064,1.4767410346903889,1.634843072223279,1,1,0,1,3,retail,0
39.29923781872912,21,10.728702033529219,1.2424779353938695,0.5344007991595138,0,0,0,0,4,online,0
98.23022862269198,9,1.787748356180427,2.1457905839521096,0.6820565971717267,1,0,0,0,4,travel,0
222.85810415871626,9,2.398255064200157,10.202980113041942,1.3518966331684414,0,1,1,0,2,restaurant,0
28.311699920261187,12,3.414650512164953,18.32578185617367,0.842886077757529,1,1,1,0,1,online,0
50.26186711062781,2,28.479101426591914,53.358840001048925,4.205828410859682,0,1,0,1,14,online,1
24.21417460913903,13,19.502893739436164,3.2337438404618317,1.1386402731698717,1,1,1,1,1,online,0
35.94332778318445,17,33.118176110162636,4.092529297721713,1.2498313265725094,0,1,1,0,5,restaurant,0
55.20291374791081,11,17.327923644131577,2.526254340286936,0.578547063822703,0,1,1,0,5,online,0
148.45248371099447,6,6.873604434209133,0.2745313162554875,1.0237100131058563,0,1,1,0,4,entertainment,0
18.441855942474785,19,4.438303453983214,1.1757374154268583,1.4501852466339211,1,1,1,1,3,entertainment,0
86.10632386285245,18,13.29855072252369,2.619911568018516,1.3415465699186635,1,1,0,1,2,restaurant,0
99.01148810930371,16,4.824103313772002,5.270009352682717,0.42352576043269485,0,0,1,0,2,restaurant,0
57.92022473297129,22,3.705172986939692,2.1417191717397084,0.7454530215023671,1,1,1,1,1,retail,0
202.93548371031423,22,4.002206286008767,0.8265792651360191,1.319032686756177,1,1,1,1,2,grocery,0
9.997534439410595,12,6.648705117577517,3.9406329717449813,0.28156840207787215,1,1,1,0,4,retail,0
81.83795695772358,22,0.9431940527407876,4.618289862038807,1.1016505405801034,1,1,0,0,3,retail,0
180.17215980273573,21,29.305392035303704,0.45912196521631954,1.1291745494474275,1,1,1,0,1,grocery,0
175.9502568159723,10,31.425176911220028,4.78705129897536,1.1827777621768159,1,1,1,0,5,restaurant,0
47.6283111337484,13,2.979505059409644,5.655749329063805,1.2336673248502315,1,1,1,1,4,restaurant,0
8.933960047871354,17,39.927851089876455,1.3217010488654732,0.7887063371499583,0,1,1,1,5,entertainment,0
157.20261407678356,4,9.020705759611255,65.40401916652424,2.6420522166129294,0,0,0,1,4,online,1
370.71770024581025,0,34.922402687459495,7.669230440442659,0.6816688531547768,0,0,0,0,8,restaurant,1
6.081047060430977,8,10.358755559544859,2.2507800025126863,0.7833966437261104,1,1,1,0,5,restaurant,0
210.89443543387176,4,144.13509059534047,13.338857945534045,3.6810168726598493,0,1,0,0,12,grocery,1
16.521608848437012,7,13.863831266105532,1.7501178539478066,1.0733623604295661,1,1,1,0,5,entertainment,0
74.6576685627212,11,8.4834174347584,12.62121265366046,1.5835523272233347,0,1,0,0,2,grocery,0
89.6088332520956,14,5.764982479679624,1.7565662383204363,0.4087395031142048,1,0,1,1,5,grocery,0
11.026512802059635,15,2.701988143878565,3.2328459880331035,1.0463869499474483,1,1,1,0,1,restaurant,0
24.26930006722116,15,16.266238817748032,5.941961110033395,1.0654014106549285,0,0,1,0,5,travel,0
128.5217251168152,18,6.120269626224438,14.18350333657579,0.40881915379610756,1,1,1,0,5,online,0
63.27441020846428,8,0.23418332133424058,0.3939202355860192,0.983329533182489,1,1,1,1,3,restaurant,0
136.2577783630127,22,3.5727539192959807,3.9738659806816754,1.2262887755078231,1,1,1,0,5,retail,0
56.27447916909448,9,21.518914343795142,3.325715553783244,0.9473154684607018,0,1,0,0,1,travel,0
135.85012424725835,14,11.701325691947922,7.342587610378514,0.9069854876704397,1,1,1,0,2,retail,0
116.2786994504687,7,11.61010368590212,3.7308755728035514,0.9461188725733317,1,1,0,0,4,restaurant,0
55.297710552741684,19,11.909796677941642,4.883142468482403,0.7901001646999842,1,1,0,0,5,restaurant,0
151.3564861970721,19,29.778351650851526,8.957008192679023,1.0915635409238131,1,1,1,0,4,retail,0
50.913589919295326,14,0.4587687061500011,6.991479059088242,1.3413427393829505,1,1,1,0,1,travel,0
2.701347656441924,20,12.257975312341793,8.541304413276164,1.3348702598103317,1,1,0,0,1,travel,0
55.873884917410344,10,11.413859627350384,2.30662634232758,1.108806796169962,1,0,1,1,3,online,0
90.94565820008,17,9.595613939353715,4.282030230541589,1.5094366399309291,1,1,0,0,2,restaurant,0
147.97409097096232,9,3.8542122064104136,1.9473666508106704,1.2488101788074732,1,1,1,0,3,grocery,0
37.54248638038652,6,3.567126667429365,8.575597675280251,1.176480238099443,1,1,1,1,5,retail,0
192.0338309914419,13,1.5040251209391675,5.0819783163889864,1.2692846550590864,0,1,0,0,3,restaurant,0
60.795003578941774,16,3.22387345863552,7.779377995298504,1.2066827911298388,1,1,1,1,1,travel,0
40.45237370901777,7,0.3553766310380835,25.69531032889647,0.48691342787107994,1,0,1,0,5,retail,0
72.27931537009673,21,2.111176817685962,8.380663239999821,1.1958736786639648,1,0,0,0,3,retail,0
61.779162793392544,13,3.481821644087784,2.194554782167781,0.5003714962771478,0,1,0,0,2,grocery,0
699.2554611158082,3,41.83255241944241,8.748802162688454,4.6565505141135075,0,0,0,1,11,grocery,1
33.39263051286381,12,17.184059275748854,0.5628421719458947,0.7773483420837853,1,1,1,0,4,grocery,0
9.548022799419087,15,3.6236291262142215,0.5279278984548126,0.7697367835359905,0,1,0,0,5,grocery,0
50.0,4,21.02372250686422,21.860913784670533,4.863217213713982,0,0,0,0,12,online,1
211.76339246924493,13,3.5210844411679556,3.54388328114621,0.4120853374885477,1,1,1,1,4,entertainment,0
128.78342551213987,12,1.6385393769408387,1.3782773637860266,1.4777878351575857,0,0,1,1,5,retail,0
374.53593657095956,2,63.53263819261998,30.404375448105725,4.215687791958755,0,0,0,1,3,entertainment,1
52.40030855062753,14,1.2375950650617502,0.6331552845687051,1.0255378871396759,1,0,0,0,5,retail,0
216.38044835234524,7,3.8987715031599253,0.8607639355530408,0.9605177928036295,1,1,0,0,4,travel,0
11.17344370666283,6,2.684680440020555,9.662479536491762,1.286663664975347,1,0,1,0,5,grocery,0
117.38042675443019,7,13.46722600317519,1.926405462796348,0.855254918624714,1,1,0,1,1,grocery,0
147.8858061215846,9,2.635502224881532,9.948574001195762,0.9036343011287368,1,1,1,0,2,grocery,0
40.70924113583993,13,7.2029244918640964,4.019393211084637,1.08008807253679,1,0,0,0,1,restaurant,0
15.23219469303096,6,20.302240014112623,5.542879033890381,1.5534199697126718,1,1,1,0,3,restaurant,0
79.26420158801253,10,1.2590215800452387,0.9912959421384138,1.490704629616422,0,1,0,0,1,grocery,0
10.203653804711404,8,0.1,0.57287248516875,0.7245902641093476,0,0,1,0,3,grocery,0
181.32789029047234,9,10.10976565300609,0.5737996796148928,0.3090440654217754,0,1,0,0,5,travel,0
17.620847194956532,16,50.66893016229457,2.3688906374327847,1.3453985977048442,0,1,1,0,2,retail,0
11.750259398455004,20,9.028772313281396,9.254130508759063,0.6883965500488152,1,1,0,0,4,grocery,0
31.650197583023218,20,5.181460204686646,0.6926126595296942,1.3773105878951444,1,1,1,0,3,restaurant,0
32.30024992503101,16,24.253070987414425,24.42992631783046,0.8496651449812478,1,1,1,1,2,restaurant,0
31.376854429348313,18,45.74613453831664,5.911278398385045,0.8201288118098589,1,1,0,0,2,restaurant,0
177.95527261632228,7,7.567430593839709,6.660332033748491,0.9631006369219852,1,1,1,0,1,retail,0
78.85831857686075,17,4.1843835480677,3.9277295372434775,0.4671392251767631,1,1,1,0,3,entertainment,0
29.55971140896461,6,57.48029178614394,10.211807743771242,0.9660550039224296,1,1,0,0,1,restaurant,0
105.33965548363595,17,11.140490031152865,10.945625788943918,0.9016873510260692,1,0,0,0,1,online,0
84.51129770013681,22,44.656752295293046,0.5786675253843628,1.2420883168430452,1,1,1,1,5,restaurant,0
1.0,18,3.007474951981386,0.5345526850869988,1.1996302531322585,1,0,0,1,2,entertainment,0
40.13292321268626,7,2.6971637173423417,14.903295995016368,0.8698998402743182,1,1,0,0,5,restaurant,0
1.0,7,2.391296832309528,0.5278327084679414,0.5896255334587619,1,1,0,0,1,grocery,0
24.38034235704095,15,1.1364416155392723,9.185743214090953,1.0773233024962674,1,0,0,0,1,grocery,0
653.7956478254466,19,18.368499898171045,0.4455182486683369,0.5241283014951511,1,1,1,0,4,retail,0
160.63056031716962,12,0.5943208200901189,4.334273538712252,1.0505972485515422,0,0,1,0,4,grocery,0
19.237083206897445,8,8.500883375929174,3.1365617962731216,1.0390893098639924,1,1,1,0,1,grocery,0
178.10501799927005,16,4.344554347820561,3.3174413316219447,1.1128991670086565,1,1,1,1,1,entertainment,0
25.44769384764248,15,12.169686628470727,0.4147934091911926,1.3446622625126936,1,1,0,0,5,retail,0
25.265273141542224,14,14.506760418372714,6.58209041414962,0.6724102479142027,1,1,1,1,1,grocery,0
714.9006784153987,0,18.679634925587308,53.44954842375247,4.544142512872254,0,1,1,0,3,online,1
134.8082626051207,14,4.571200392447839,1.1778374975979908,0.6085129655397563,1,1,0,0,1,retail,0
156.16736921146602,22,16.857886388101107,1.0072618673342961,1.2835979174983094,1,0,1,1,1,retail,0
43.433173134710465,14,7.690260784558658,4.847901690246944,0.9667116757086869,1,1,1,0,4,travel,0
7.318082257986106,16,0.22073718151269586,4.837575712659574,0.9755896447099855,0,1,1,0,3,restaurant,0
170.76858655944898,21,10.643819413393336,1.9062598310789327,0.9264161262471742,1,1,1,0,4,retail,0
27.99756875040392,12,9.778006215956479,1.8723484176204774,1.0240882684790875,1,1,1,0,3,online,0
8.085211583947693,22,1.0343482190048616,2.8140635734728154,1.067648756099358,1,1,1,0,5,restaurant,0
35.00898600216092,12,16.60667393158261,0.7806182324399403,0.5393038514025241,0,1,0,1,1,grocery,0
138.8656332807381,21,2.3680493258332445,0.6278495335967198,1.06219587268312,1,1,1,0,4,restaurant,0
69.34998773591059,19,1.5845256225640802,0.11644301377905857,1.334423109224821,1,1,1,0,2,retail,0
89.42560654052734,13,6.08290319660508,8.442611983658136,0.6767219814849366,1,1,0,1,4,grocery,0
103.90113391754112,9,4.259666416727857,12.043387467352806,1.1411219410433318,1,0,1,0,1,travel,0
64.65279222150659,21,38.744908582625094,27.739138165384265,1.258439069121944,1,1,1,1,1,retail,0
45.012457593935224,14,9.132296820053595,13.650006208025156,1.176153870705244,1,1,1,0,1,travel,0
126.10398767391638,15,22.012712623255972,0.9290729910210694,1.0294190249420305,1,1,0,0,3,grocery,0
14.04208135130786,9,8.984009475450303,5.307513652885236,1.2004972229048954,1,1,1,0,2,retail,0
50.0,3,548.3010968477558,13.814834945524856,4.308073307755759,0,0,1,0,11,online,1
8.946514766862592,12,33.524132025597495,0.9284065335978271,0.8368609313566018,1,0,1,1,1,grocery,0
50.0,5,268.59997481330913,136.90074724440882,0.5,1,0,0,1,11,entertainment,1
5.67163521009721,14,0.1,0.5071919426803184,0.893096244060622,1,0,1,0,2,entertainment,0
5.526594741299645,9,5.948416858134755,4.859829357341255,1.186910193316894,1,1,1,1,2,online,0
275.4169994209243,7,5.288953487252703,1.7180155018535963,0.48011958554971235,1,1,1,0,5,restaurant,0
25.920483854038125,22,8.67779256634949,0.20360136588215183,0.9731870361428028,0,1,0,1,4,grocery,0
19.01051458102525,8,3.895111442506636,1.897497984356523,1.5409654461763163,1,1,1,1,2,grocery,0
6.041266364688869,6,5.213317901733852,9.677108574260554,0.9141035276395193,1,1,1,1,4,restaurant,0
70.01013808891578,16,2.1853891879426834,3.2234612955267075,1.0054050289965066,0,1,1,0,2,retail,0
173.26813041209255,5,137.31517122632337,28.187369892903664,5.001762141848773,0,1,0,1,7,travel,1
12.328056236890767,19,8.631344004420855,8.624497835361542,1.568065942354553,0,1,1,0,4,restaurant,0
35.60412267351859,12,20.531417083425207,1.4109135273237718,0.6586153046402459,1,1,1,0,5,online,0
205.87951238029382,8,1.4396638218578213,1.240040841167354,1.088828278994356,1,1,1,1,3,grocery,0
112.66267590744724,12,3.225178502787081,22.658124755178214,0.7261144265135213,1,1,1,1,4,entertainment,0
67.20549915284626,14,5.283819893745046,1.684388311871479,0.9648078918582114,0,1,1,0,3,restaurant,0
131.3334454231937,3,193.87151187201113,45.55114744041472,4.914745448633132,0,0,0,0,3,online,1
4.962147478657403,20,4.243821582356716,11.743361979878856,1.1380736245842646,0,1,0,0,4,travel,0
55.828332841608315,2,10.129406858994658,42.310611067551726,3.659357479094936,0,0,0,1,12,entertainment,1
36.625835232450264,19,5.872905935369155,13.14102877298129,0.9892577141359912,0,1,1,0,4,grocery,0
183.65422143904868,22,94.32268811190441,6.884139588580589,2.8956274985152284,0,0,0,1,14,online,1
121.32019044716374,17,0.3598065421197599,5.829655941699005,1.2532590781274164,1,0,1,1,3,grocery,0
19.92679188964054,14,1.3963468106736168,13.073029243434906,1.1467864118738766,1,1,0,0,2,travel,0
21.3764137273671,15,13.515168632350111,0.5561119909527359,1.2482689685247705,0,0,1,0,5,grocery,0
50.0,23,182.88626412544272,43.56737196821733,3.490373973661449,0,0,0,1,9,entertainment,1
67.40184963049094,13,4.479925858185906,2.518440324538767,1.0790858513041173,1,0,0,0,3,retail,0
57.13213450945535,11,33.46247875115883,1.8588013140103519,0.8404618469803986,1,1,1,0,1,entertainment,0
5.518176062552432,15,42.25716477995309,3.2472176755808575,1.011287663319948,0,1,1,0,5,retail,0
27.902085453772823,9,18.025747238798115,10.975078234336312,1.0639684069013453,1,1,1,1,2,retail,0
137.84431612577717,1,25.46721274711629,8.832154412145416,1.8795050425376458,0,0,0,1,10,online,1
82.35823057911895,18,7.040901504862709,1.0996783526359875,1.858089217317012,1,0,0,0,5,online,0
105.78395276120455,22,26.245345949220052,61.579239733394274,3.3606702574976612,0,1,0,1,12,online,1
184.54195421187416,8,12.306317871736645,1.2463078091210176,1.5655671780394504,0,1,1,0,1,entertainment,0
129.9046328852943,17,19.147575324970866,0.7425847608462981,0.6693919954720116,1,1,0,1,4,retail,0
50.0,2,26.195552578912885,48.59442788856941,2.965320449098925,1,0,0,1,11,online,1
90.36367763522847,20,10.460664570100416,3.3261985197556125,1.6598121676197732,1,1,1,1,5,entertainment,0
62.42903302763657,14,6.822380036500199,4.603226618939747,0.836834531978151,0,1,1,0,4,travel,0
28.715557947029275,15,12.401437465935265,3.0660533729251243,1.2863899642523302,0,1,0,0,3,entertainment,0
10.525753484914713,18,21.786862694792642,3.184091736883738,0.8222115271578307,1,1,0,0,3,retail,0
60.34090622537492,2,8.258162228825714,2.432603196271579,4.926569067558534,0,0,0,1,6,online,1
67.7410212924634,10,13.01503395013299,3.80210093500294,1.1373525552158816,1,1,1,0,5,entertainment,0
21.98644053307158,22,19.90011649495527,6.801887452710934,2.022920211265017,1,1,1,0,3,entertainment,0
4.2099309274146925,18,13.455747664790984,5.924183516176587,0.798532891983148,0,0,0,1,1,retail,0
42.706072438059635,6,12.27244507611615,9.390288271791094,1.2088707802681438,1,0,1,0,4,online,0
16.392553368881643,22,18.0790738065052,0.4092767469601184,0.6380941714545695,1,1,0,0,4,restaurant,0
48.61554750009914,7,1.992275218297888,7.603846401813406,0.8364297414737347,1,1,0,0,3,retail,0
1.3691803812795502,13,25.320962430856,5.839932588608989,0.9415935099665822,1,1,0,0,2,travel,0
20.595877450404227,21,17.543413074873577,6.7976828349182625,0.9295786548958372,0,1,0,0,5,grocery,0
66.25586636879478,22,14.925945057982585,6.58349839356132,0.9343300551711818,1,0,1,1,3,travel,0
25.855848792782375,8,5.352493484978735,18.260640518403097,0.8834555875533291,1,0,0,0,1,retail,0
144.93422325332892,13,42.61851945637073,1.0674333162742502,0.8979573781491063,1,1,1,0,5,grocery,0
82.95750290362191,18,7.3949154770624945,4.623386877084651,1.0439056740128727,0,1,1,0,3,retail,0
24.069829897778625,19,1.303328127729006,7.831620780669313,0.8384521076651679,1,0,1,0,3,restaurant,0
123.70365449971844,2,13.805406701080274,81.6224660029901,3.4562780308118533,1,0,0,1,9,retail,1
1.0,9,8.345581037486815,5.465675176751765,0.963379867237627,1,1,0,0,2,grocery,0
48.24746113754655,12,0.7903092591753829,8.05954347640651,0.9485850362873751,1,1,0,0,2,travel,0
276.893140422298,22,51.554922214204744,30.69570895751872,3.1745716625719163,0,0,0,1,4,restaurant,1
96.73632122334578,15,0.9896775843233198,7.150075537453226,0.8431259483490209,1,1,1,0,1,grocery,0
1.0,7,31.327160057001674,1.4761674297046943,1.0103377196270866,1,1,0,1,4,restaurant,0
307.1983931296485,9,11.112822787232354,4.053653551332132,0.5748665278801763,1,1,0,0,2,online,0
60.38063941827648,10,8.287428187839529,1.938653975147808,1.338620206283005,1,1,1,1,2,grocery,0
24.34919705727847,21,5.476516435989575,1.2653821484782624,0.7639501866800146,1,1,1,0,3,restaurant,0
128.6318726474577,21,0.7651509836181352,6.140655071840239,1.3447406966197897,0,0,1,0,5,retail,0
135.4063420253753,12,2.503872909316924,11.678524820650221,0.9773605069728266,1,1,1,0,1,retail,0
69.53331532290903,6,35.27469893090635,5.846038371159792,0.7172980282614506,1,1,1,0,4,travel,0
72.0195879380414,5,5.0,4.976560038410219,3.583241950749709,1,0,0,0,11,online,1
127.26556537666583,12,13.9464689674747,5.814805778361266,0.7585304644590778,1,1,1,0,3,retail,0
127.88077635645779,17,0.9776775712451796,0.9605111836045633,1.3248558862530488,0,1,0,0,5,retail,0
93.25051508154598,10,3.4602852589005995,8.721089175109192,1.2211166265116713,1,1,1,0,2,restaurant,0
1.939011040740029,15,8.825582448365056,0.8075901150868741,0.5110354466947945,1,1,1,0,3,retail,0
25.218869005399632,13,1.6530077685601328,0.5024524350468539,1.3833966330864773,1,1,1,0,1,retail,0
20.3210685655484,7,4.9165235239222005,1.7275719350670915,0.9315994847573654,1,0,0,1,1,restaurant,0
75.23936567860746,10,7.899986481941857,0.7141482607132765,0.8145543195154511,0,0,1,0,3,grocery,0
92.59583697886129,20,3.7286075700140557,0.891937373861224,1.0353083771553075,1,1,0,1,4,entertainment,0
1.0,19,11.618347868757088,24.82671346036854,0.6283395152278481,1,1,0,0,5,retail,0
141.42162556179238,20,5.955500738539136,1.239986767104425,1.2613980680160355,1,1,1,1,2,retail,0
12.34549363041829,8,2.186711758300223,2.344835958872764,0.1,1,1,1,0,4,grocery,0
61.81335299127092,10,13.905184348250636,6.119173955726831,0.7544669301413619,1,1,0,1,4,restaurant,0
47.795642383422575,10,21.47336746167655,0.2573832510648502,1.106147780572215,0,1,1,0,2,travel,0
22.46179967886182,16,1.0927178695745177,1.8792331023435362,1.0661867148719957,0,1,0,1,2,retail,0
82.23996701068904,16,13.536234216716796,4.3610505587271655,1.1208423116249482,0,0,1,0,5,grocery,0
80.27953524164248,20,7.789293129167571,17.744167391765814,0.8539447648940314,1,1,1,0,5,grocery,0
56.37585876520771,12,10.799761170032795,1.9466317450328285,0.4412887527443692,1,1,1,0,3,retail,0
69.54417499190929,9,8.808202809211728,5.209229699211308,1.2457352668246795,1,1,1,0,4,travel,0
82.0436033472975,1,56.79895600982397,12.028141529505906,3.8846600044320696,0,0,0,0,9,travel,1
293.1968098018054,6,4.793006886280332,0.9314073097344954,0.680804403426355,1,1,0,0,4,retail,0
42.46217147933943,21,37.08449437169391,3.0235358157430454,0.6631982774054643,1,1,1,0,2,grocery,0
222.89018122089925,20,9.375345982022115,7.28978043913296,0.8655732583219369,1,1,1,1,1,retail,0
101.94395740261889,21,38.665432376019176,4.619324644662918,1.126918653223308,0,1,0,1,4,grocery,0
167.18673171160688,20,17.00709272053175,0.8473514254619073,1.1754279088547674,1,1,1,0,4,online,0
137.84045134852323,17,2.145211733308932,2.2409493937023566,1.3877344548155435,0,1,1,0,3,grocery,0
23.34608259028116,17,0.7096226994623057,4.3326741997932245,0.6597503075988074,1,1,1,0,3,online,0
156.9042132674594,9,0.10356845907493854,0.6770637618155155,0.7087977993830444,1,1,1,0,3,retail,0
143.17810949570335,11,15.910008165508653,13.58423716463005,0.6698717235185032,0,1,1,1,3,entertainment,0
154.2148229385657,8,21.058569071581786,6.099494617076075,0.7351277838573097,1,1,0,1,1,retail,0
88.10312669219044,8,17.233900132078023,0.5321599543076508,0.900986756629898,1,1,0,0,4,retail,0
369.77369251129386,22,26.086182874829575,62.020323019321175,3.4464092362434617,0,0,0,0,5,entertainment,1
108.38222642944247,21,16.97726075176326,5.4808522982824925,0.7660945043926288,1,1,1,0,5,grocery,0
40.09517518839702,9,11.96731893398323,7.593009928534842,0.7148431464911255,1,1,0,0,5,grocery,0
12.809587977688544,11,0.2745717667750442,5.281348682037123,0.9094911143959683,1,1,1,0,3,restaurant,0
139.92709879482715,11,1.6080880613379434,1.3692334486871396,1.3538012975130784,1,1,1,0,1,grocery,0
92.55152082106557,17,9.250812446559065,12.182097084474705,1.0163059388210982,0,1,0,0,3,entertainment,0
217.94753183701027,15,5.293751267283685,0.7495829176759132,1.4000760058177175,1,1,0,0,2,travel,0
58.93383409622053,15,3.3988138924005487,4.214863340344201,1.6920832376185992,0,0,1,0,5,retail,0
37.88906507752724,11,25.320312909947297,3.469382997043894,0.8723869095055741,1,1,1,1,2,entertainment,0
270.0942265507285,7,4.183457666650202,6.631018101174738,1.1780918393126893,1,1,1,1,3,grocery,0
211.90063047712948,9,2.182236134000611,1.4865696294180712,1.0356979138618054,0,0,1,0,4,retail,0
34.22323252364127,21,3.4342330933555343,11.348081114313509,0.6901107663623505,1,1,1,1,1,travel,0
194.66523170782654,20,4.217125419910791,0.1,0.754293144248795,1,0,1,0,4,restaurant,0
10.690640722311889,15,14.658957398877362,3.9370945880108947,1.5986759246510789,0,1,1,1,2,entertainment,0
28.141805528370817,20,8.406549971340178,0.6190638920657641,1.131509541198667,1,1,0,0,1,grocery,0
46.76564551648688,18,26.152232359614306,0.8176759667512343,0.4511366899724044,0,1,0,0,2,grocery,0
104.63006271661926,18,26.82492038539939,6.046637131638341,1.292012334815975,1,1,1,1,4,grocery,0
9.668475589653033,10,1.2945072682786627,1.240395496875237,1.0149378465531151,1,0,1,0,1,retail,0
4.787809827496487,12,11.92475135258573,2.342862398122026,1.097282513784863,1,0,1,1,1,restaurant,0
66.19469489036747,16,13.129139137244543,15.362979874424735,1.38784107365922,0,1,1,0,2,entertainment,0
62.53843753077145,22,8.230452458801988,0.5103630303188021,0.785932036221586,1,1,1,0,5,restaurant,0
12.333810797140073,14,3.6197247845634113,8.387106227699713,0.6775636485069328,1,1,1,0,3,retail,0
52.34235549284975,7,6.29820101963414,6.2740239865007785,1.4679499441054409,1,0,1,0,4,entertainment,0
141.24780331157226,21,0.1,0.735143657252896,0.8302417237456919,1,1,1,1,2,retail,0
58.516224460812154,10,4.48241659301683,1.9265072146224353,1.0644918228003948,0,1,0,1,4,retail,0
7.457845417951904,20,4.965787021401514,3.885417092189777,1.684778815867233,0,1,1,1,4,grocery,0
20.900700630820708,14,14.096342329688218,0.38400338338963413,0.7264738800782331,1,1,1,0,3,entertainment,0
8.589329496303343,10,29.605014674941415,6.294490360550596,0.769875136864518,1,1,1,0,5,grocery,0
64.7262791285591,10,4.045329156331718,0.7920424336999945,1.2021015552634768,0,1,1,0,3,travel,0
113.5924584928288,7,10.291638872851966,6.01851045216828,0.7771509042978634,1,1,0,0,2,retail,0
436.5747704507057,13,18.150828590147952,15.26253937038021,0.9214426419321533,1,1,1,1,2,restaurant,0
412.8449617236632,22,224.78900629350272,24.9493330784805,4.962467474420515,0,0,0,1,7,online,1
110.58387401093826,10,4.745997617985051,0.6697767988445591,1.2474390445141257,1,1,1,1,3,travel,0
39.838549404892056,21,1.6037737758668502,2.1704641626399734,1.0717573809855054,1,1,1,1,1,travel,0
16.77266067125546,6,0.44568145629255346,0.39890482797444216,0.9745802241377296,1,0,1,0,4,retail,0
74.78171968310423,8,10.723490029890703,5.326276163545124,1.1709405281152774,0,1,1,0,2,grocery,0
86.18861766438494,10,5.180259138554161,2.249967152897652,0.9685742107932018,1,1,0,0,1,entertainment,0
54.33681394494627,12,2.8151718910417314,7.31118375825758,1.0783660766272012,1,0,1,0,5,restaurant,0
6.165707076840942,15,24.744672094236826,6.169230397069951,1.18999211983907,1,1,1,0,1,grocery,0
61.09177152054436,19,11.494778346109571,4.81883973316212,1.4513528708288799,1,1,1,0,2,travel,0
6.541056883927353,20,17.163234453940685,4.311164731410087,0.3590279025603662,1,1,1,0,4,restaurant,0
23.052839437688245,12,3.316633122042828,15.184775951090527,0.7438277377506441,1,1,1,0,1,grocery,0
19.43095022753379,6,8.880777103251402,6.6017612595877715,0.8593563863161411,0,1,1,0,3,online,0
108.44600822730521,7,12.148108446547493,2.349808839799757,0.860123475067177,0,1,1,1,5,online,0
23.83014585779805,15,5.745184156976545,1.198258960150347,1.4913641950148075,0,1,1,0,4,restaurant,0
222.40482142343737,10,8.166907691245727,4.233085404566591,0.8558373676866126,1,1,1,0,4,retail,0
116.21688197979024,6,13.945053265523306,9.116164549567339,1.101800737907744,1,0,0,1,4,entertainment,0
34.365409264931515,21,18.22625492358402,12.54027129545774,1.340144017029124,0,1,1,0,2,travel,0
3.5898391291463403,21,8.76814555504848,2.103145252772719,1.2765221733706331,0,0,1,1,2,restaurant,0
97.1965602241618,6,1.5332178898481155,5.446004715107895,0.7962192721878093,1,0,1,1,1,grocery,0
34.09453809178587,15,16.772103471420415,11.604159665336235,1.0819465132465975,1,1,1,1,2,restaurant,0
68.69617198820481,13,3.8653625520684356,4.742209107019958,0.8707576223343264,1,1,0,0,2,travel,0
46.246920250044965,21,11.1932490398234,0.1,1.245245043524291,1,1,1,1,3,retail,0
50.0,0,126.37182318202665,106.64977013016338,3.653484291867067,0,0,0,0,12,online,1
14.397755473392131,17,37.08694413393228,6.548130267741666,0.5935058491928895,0,1,1,1,1,retail,0
296.82493471209773,4,31.964815164145747,198.36496788142745,3.8659069172245557,0,0,0,1,11,online,1
58.1440131149325,16,1.0982434044820468,6.856947008367475,0.7459806191523726,1,1,1,0,2,grocery,0
10.205048262782501,7,1.491352941123072,2.5023999607142815,0.6959571059897374,1,1,1,0,5,retail,0
291.5832071939167,3,166.571778083249,42.62958725400425,3.733181888401282,0,0,0,1,5,retail,1
32.328485622409346,8,10.965113521028133,1.4679193127835235,0.869173194295422,1,1,1,0,1,entertainment,0
128.81008503325756,14,3.610369412293309,1.974563867728475,1.075193404347498,0,1,0,0,5,travel,0
13.229227625792223,18,12.316727224027357,0.11709214348393145,0.9447318332896681,0,1,1,0,4,online,0
131.78786330428528,13,18.23142962903718,0.1390598034374049,1.2294991581783754,1,0,1,1,4,grocery,0
21.427574483896553,19,9.746967423391624,4.010931423223827,1.2936417511845892,1,1,0,0,4,online,0
1.0,8,20.112441347740187,3.4493138238233128,1.0945938221245615,0,1,0,0,1,grocery,0
72.83826905762871,9,9.322811638152809,6.453819947987807,1.4446612625592024,1,1,1,1,5,entertainment,0
14.347835139825612,19,7.345708787164993,0.6629061104565674,1.4264903673519576,1,1,1,0,4,grocery,0
32.47262398695907,8,5.120518004028688,1.4502639500976238,0.9857264516691757,1,1,1,0,2,travel,0
176.76988845883426,9,3.31137769066188,3.443752272045674,1.1693674296630021,1,1,1,0,3,restaurant,0
39.55237057475561,19,2.9970719583810768,1.9626019179045817,1.0696242411665227,1,1,1,0,4,grocery,0
51.563852782746764,15,20.294265398237794,0.5513262824791341,1.0399244341267166,1,1,1,0,2,restaurant,0
13.554151623653748,7,2.322986359970686,0.644880539668179,0.9377811844564748,1,1,1,1,2,travel,0
229.04968981529197,22,18.97680284028375,13.448740552179693,1.0509825624752778,0,1,0,0,1,grocery,0
12.170655014644653,7,1.1977932271546334,2.689948595440272,0.934606928325834,1,1,0,0,4,retail,0
4.522775838898683,19,0.8941647707037064,0.9420400886623159,0.9890938386147747,1,1,1,1,5,retail,0
210.7272801519667,2,200.5822113190399,171.7416819803685,4.214139792060839,0,0,0,1,10,entertainment,1
13.453237638251782,8,24.52438440050241,6.6457281140197555,0.7852369547213279,0,0,1,0,2,restaurant,0
55.55171974171149,14,11.695364549557887,6.0225668322377635,1.1297393397534825,1,1,0,0,3,online,0
141.16462921927473,12,9.402289432492783,1.2579913443326876,1.1320320823354737,1,1,1,0,4,grocery,0
25.928632566811352,7,2.76899924108575,2.650763268043463,1.669569281577743,1,1,1,0,3,grocery,0
7.5142871199862125,7,7.760169360563559,10.280728099814036,0.8755052026546992,1,1,0,1,3,restaurant,0
3.220733309260817,8,12.207278510407132,10.44556241590508,0.8737804377122137,1,1,1,1,4,grocery,0
160.49952495745237,10,11.448502891034495,1.6476754424512068,1.3674290737187906,1,1,1,0,2,restaurant,0
30.01558817775456,20,15.728033583666146,5.20720181909855,1.1260717703530372,0,1,1,0,2,retail,0
28.691622034451363,9,0.5442071188430464,3.864595181482104,1.1132760764125613,1,0,1,0,5,grocery,0
39.43998528981375,15,2.5104229509377074,2.0163147514430544,1.2938940592886368,1,1,0,1,4,grocery,0
46.447585243218185,16,7.712488758133647,0.7503673546107632,0.6075166947578723,1,1,1,0,2,entertainment,0
191.25610259077266,15,20.365819443599396,2.044572696361791,0.7994053377944512,1,1,1,0,3,grocery,0
134.04603226261418,22,4.368438257003304,11.791272021811118,1.1156238766340703,0,1,1,1,3,grocery,0
10.251306525668898,21,8.841758906228474,0.3426309116531637,0.6372161304073674,1,1,0,0,4,grocery,0
39.78793037293479,17,7.724002269558456,6.062629506031014,0.3193306589819027,1,1,1,0,3,travel,0
141.15130559728703,11,15.559485357119767,0.5360242102743217,0.5466913934824467,0,1,1,0,1,grocery,0
146.9588056382243,11,25.429689415964745,4.839725193419077,0.976836061323802,1,1,0,0,3,grocery,0
35.30029461901401,20,4.1573065006798595,7.775229396368476,1.0738385267992967,1,1,0,1,4,restaurant,0
25.33146152868852,22,1.89061999852706,13.001038363371393,1.0181912464704161,1,0,1,1,5,retail,0
95.0047210800121,18,1.6585174507560116,2.7770087424463865,1.0413193278033275,1,1,1,0,2,retail,0
104.55276568597499,6,0.1,0.14326402588618148,1.468238463366156,1,0,1,0,3,travel,0
241.1583029269765,13,7.460162718535668,4.790508845112102,1.2338344042578717,1,1,1,0,1,restaurant,0
13.598273011004762,19,25.293093553644802,0.5700010905708958,0.7762148969051966,1,1,1,1,5,grocery,0
75.26346019918644,14,1.3302339413416695,4.3079669474052364,1.5273546535589761,0,1,1,0,2,grocery,0
27.308363878805135,15,0.9564594279432405,3.3588374797418723,0.6544293962899408,1,1,1,0,3,restaurant,0
154.54211647252671,18,6.377606970712437,0.15282591762351566,0.44166195256696406,1,0,1,0,1,retail,0
700.4938055538172,22,69.52957291258753,21.987239306241257,6.0515880524709145,0,0,0,1,13,grocery,1
176.7740662762789,9,28.351443639783973,2.780882873100545,1.0886676176571386,1,1,0,0,1,restaurant,0
16.67233291488516,15,1.108247355186711,0.4240221974524578,0.679915193764765,1,1,1,0,2,entertainment,0
31.28702504953861,20,4.351091983024473,6.923591750037479,1.121585572069275,1,1,1,0,5,restaurant,0
36.02358438983859,9,2.884313618562944,3.320022299794245,1.2489479097487286,0,1,1,0,4,retail,0
15.584945398648635,17,3.1775482656392304,0.7095204429900399,0.2126273507656148,1,1,1,0,5,grocery,0
167.41884897413112,19,4.805208902106655,6.926820486763923,0.19891673606855165,0,1,1,0,5,restaurant,0
97.81852505565831,21,17.77896736403089,3.678990125350208,0.7655544366443852,0,1,1,1,5,grocery,0
108.80426177709475,7,4.671013806283987,6.0056852136894845,0.6123828330931746,0,0,1,0,3,grocery,0
11.634815962229979,10,15.411795634105626,4.0598594029874135,1.0318784682010493,0,1,0,0,5,travel,0
194.62300765945696,21,13.499770946298149,0.4955665079977084,0.795288353356534,1,1,1,0,1,restaurant,0
33.49711348618156,10,0.6745761623835972,0.1,0.3084162739820995,1,1,0,0,2,grocery,0
10.500163510774518,17,4.546646962670138,0.23738801604454726,1.5150937465931675,0,0,1,0,5,grocery,0
177.41547753614145,20,6.060590749821326,1.2943026327752707,1.215037007500477,1,0,1,1,4,restaurant,0
18.081208538693282,20,5.958960591175783,1.9512287545621132,0.8879127586882177,1,1,1,0,4,entertainment,0
50.11193403641771,21,4.061947270442393,5.981895788759148,1.0096089790049545,1,0,0,0,3,travel,0
131.15295119169386,16,15.79526139653957,0.5230321379450616,1.0534471604314943,1,1,1,0,1,retail,0
18.924871916001965,16,21.55637365203711,7.359970383491088,1.328483904696221,1,1,1,0,1,grocery,0
185.40440779781096,18,2.803919304871552,4.04726417685216,0.6839869401349221,0,0,1,0,2,retail,0
26.823599407332956,9,9.593283334043015,1.6800113583679812,1.334253350078598,1,1,1,1,1,grocery,0
124.7370478075478,14,18.808005637254325,1.0834698634435527,0.834020745810392,1,1,1,0,1,restaurant,0
72.54341242068807,17,10.064763896544557,4.882473018858296,1.2553591551127279,1,0,1,1,4,retail,0
318.1654009988618,22,18.44226134323286,3.2104667621212455,1.2909810200555136,0,1,0,1,13,online,1
73.62627382030597,16,2.9974935450931173,7.4972563084328385,0.9680577045171266,1,1,1,0,2,restaurant,0
101.55854595629609,13,0.4932284501427885,0.8874656844799227,1.2267658524446428,1,1,0,0,3,retail,0
602.0194454485121,1,34.50653189059452,123.00821028366317,4.288290989335614,0,1,0,1,11,online,1
91.2118236220295,18,6.9997867989409555,11.88575240364878,1.4006355645386572,0,0,0,0,5,retail,0
38.119151442191075,18,1.0661111857630765,7.760069270099783,0.8636645376979559,1,1,1,0,5,retail,0
63.67796858959117,19,6.958365545359536,6.809467889881996,0.9568282959198247,0,1,1,0,3,grocery,0
71.6635713107255,12,23.44874297760827,2.5024125044809535,0.9440465471693196,0,1,1,0,3,retail,0
28.743946300698195,10,10.444378141664956,4.856819416826431,1.1354119063313006,1,1,0,1,5,restaurant,0
7.88467704595692,11,2.7787302808528604,5.947746753138386,1.3224571647190841,1,1,0,0,5,retail,0
1.0,15,8.51667925429309,3.6138250442875632,1.2864446254283395,1,1,1,1,2,grocery,0
204.70536326641806,6,2.5176567316195326,6.195116305385248,0.5369203851481514,1,1,1,0,4,grocery,0
90.82292093597462,14,10.098785360213824,0.6226440026360143,0.9443565078415247,1,1,1,0,5,retail,0
50.0,5,44.21682875280017,4.466453921339236,1.305335195483953,0,0,1,1,4,travel,1
349.7247514291192,17,12.973283786254328,2.3238706181347983,0.7375327162661185,1,1,1,0,4,entertainment,0
153.81412818155826,19,2.52210508951664,5.520113319474764,0.8595159719289471,0,1,0,0,2,retail,0
26.493760442493276,8,3.191898770213801,6.650486801467954,1.004787096334461,1,1,1,0,4,restaurant,0
233.01950589012966,6,3.6055970855111834,21.70564037559803,0.8497229844465503,0,1,0,0,1,retail,0
99.12697300608934,14,0.6408900515252698,5.329754181766736,1.434191681089997,0,1,1,0,2,restaurant,0
100.51181222533926,12,3.3028127036440806,1.270433640292048,1.009596850698577,1,0,1,0,5,retail,0
53.64902786516375,15,28.411714676238468,0.1,1.1792033015785595,1,0,1,0,3,restaurant,0
191.10887608714722,13,13.240201067504486,0.30984700207864324,1.1978022894873368,1,0,1,1,1,grocery,0
58.96117776455635,16,11.116807564070054,5.838777230589055,1.0952964665576865,1,1,1,1,1,travel,0
42.97737117136961,16,13.707609233553873,3.981907355877499,0.8989487015049552,1,1,0,1,1,retail,0
8.916877961328355,9,2.7397923070781047,3.014399467396785,0.5330160536876127,1,1,1,0,1,grocery,0
191.90588865262185,18,2.5330972066302238,8.26297774970755,0.8947900755892433,0,1,1,0,2,retail,0
137.7455840146668,7,2.9041494959045644,1.8428948134184142,1.3432551811019695,1,1,1,0,2,retail,0
45.617175190650705,21,0.1,9.475365516232756,1.2694639530981817,1,1,0,0,4,restaurant,0
180.8310007991298,11,15.633000184382421,10.920809289238449,0.8447466178762965,0,1,0,0,1,grocery,0
62.965808484861476,19,8.816580169966771,5.267059742635806,0.9557205524199308,1,0,1,0,4,retail,0
150.07305019559143,17,2.868219492975727,0.2342393871894367,0.8821943693369578,1,1,1,1,1,grocery,0
27.31417382634685,21,3.9273577708953806,12.883641577848353,1.0401058009991802,1,1,1,1,4,grocery,0
126.53968177138967,9,2.956322013810782,5.302236451571861,0.7858756184474527,1,0,1,0,5,grocery,0
35.03900675186423,18,38.744186859256835,15.43717979064006,1.2221532103800963,1,1,0,0,1,retail,0
5.437355214332518,12,0.8362543409789146,6.896285731174773,0.9420190349865,1,1,0,1,2,restaurant,0
135.44012925439569,10,3.9378681360914487,9.607154165423815,0.6006915495661296,1,1,1,0,1,restaurant,0
146.60562872676883,16,0.49634908603698125,6.297441287888526,0.9863250036039516,0,1,1,0,4,grocery,0
16.961638286057227,14,10.507973692222105,1.759706948343157,0.6481925229521217,1,1,1,0,2,grocery,0
22.58900532428354,20,5.186775722015478,6.7567175431296835,1.2216663940312802,1,1,1,0,2,restaurant,0
170.86727275546835,12,0.6808937041500753,6.333539789273411,1.0192316943961908,1,1,0,0,4,grocery,0
77.68734511010919,9,1.7335412196017619,10.563088710521003,1.6293451295225396,0,1,1,0,5,grocery,0
107.86226704791142,9,12.0086401751923,3.7715707330932737,1.2606904798340843,0,1,1,1,5,grocery,0
453.00300028843566,15,46.580558475419345,1.2453482693291453,0.49279455844226305,1,1,1,0,4,retail,0
45.676430308798004,19,0.6875179178246339,6.576348015942428,0.989849817294342,0,1,0,0,1,grocery,0
105.67440121014843,18,4.125537976009406,1.936526016557276,0.8207305167636048,1,1,1,0,4,retail,0
147.04349809524626,15,23.36360155455216,11.664172594708223,0.8978323666007036,1,1,1,0,3,grocery,0
50.0,23,96.99749581974261,25.15840753437852,4.102527267189471,0,0,0,1,4,online,1
37.839608625185946,15,25.55196867190098,4.672433936408625,1.1000348667607134,1,1,1,0,4,grocery,0
22.28452354072086,9,15.874685087784453,2.116087768621152,0.9792305602080021,1,1,0,0,1,grocery,0
78.39460043904305,21,48.2287490499549,0.32002632119144914,1.4627046860087938,1,1,1,0,5,travel,0
24.46479912022347,20,8.663284987373629,9.329159406187783,1.4047191768916394,1,1,1,0,4,grocery,0
67.32351257304472,17,4.7312836401464855,11.799932439131437,0.8585424307284811,1,1,0,0,4,restaurant,0
117.62912671678262,9,17.63471815126148,7.10898187332695,0.9584115374303096,1,1,1,0,4,restaurant,0
98.9393359551242,19,1.7419703655521321,1.0811419358740502,1.1980939643546287,1,1,1,0,2,grocery,0
15.328337803130701,19,0.6951920538650579,7.20157179876873,0.7791253852581281,1,1,1,0,3,travel,0
11.90279422639789,8,14.742267349215574,4.20783076997299,0.9757330244208974,1,1,0,0,3,restaurant,0
59.27440621617086,22,22.141893722329904,1.2732803591497492,1.5339229063254272,1,0,0,0,1,retail,0
75.26884824484063,18,1.824836583767084,5.108106587618073,1.0743005397086192,1,1,1,0,5,restaurant,0
74.68450534504206,17,2.817230500636697,0.5348284443064121,1.3324142724729717,0,1,1,1,3,grocery,0
95.15778150046755,15,0.26646321522492894,0.33322392699857883,0.9574594086040142,0,0,0,0,1,grocery,0
32.14550410010408,20,3.5888311342125174,1.611752800199619,0.7986738404790843,0,1,1,0,2,grocery,0
71.577102946326,8,12.098392189988438,16.844858227282906,1.1071856740177066,1,1,1,0,4,entertainment,0
100.18392707815609,9,5.2918019832263266,6.195310452269984,1.163381481963599,1,0,1,0,5,online,0
14.756198957769065,12,1.7255657759133687,2.304627564928924,1.1879523597825072,0,1,1,0,3,grocery,0
28.14778436483678,16,5.344831420001514,7.009486344420271,1.0702164652805202,0,1,1,0,1,entertainment,0
229.5701960352199,22,13.879720125314037,23.51372872712543,3.646412190763766,0,1,0,1,12,online,1
144.81599347694552,14,18.55401298993154,0.534905699176527,0.9062070382323588,1,1,0,0,1,retail,0
7.895683134988845,11,1.7051485580708463,24.441034509349734,1.3556048641226788,1,1,1,0,5,entertainment,0
27.77797015645583,15,1.1689601316614078,4.3466016279818795,1.0934331622893974,1,1,1,0,2,grocery,0
33.60162419482393,21,4.110071551613767,0.3191243928697029,1.0417513755082741,1,1,0,0,1,retail,0
93.79659472100337,6,17.341713463918435,3.3359215106505644,0.8296681905900467,1,0,0,1,5,restaurant,0
87.02499147684698,6,1.3761774709916068,0.10414287706798682,1.4740886524205763,1,1,1,0,4,grocery,0
1.6933934761292102,18,20.52582699121674,1.2023445840380824,0.8654056103084279,1,1,1,1,1,travel,0
157.3590003522482,20,2.4375446568558172,12.411656154213034,0.8497326563168435,1,1,1,0,5,retail,0
22.531171848612786,11,10.791541210594568,0.40620815383463954,1.0778650785130044,1,1,1,1,2,retail,0
50.0,22,13.507723229254434,30.737562648653068,2.678333152217327,0,0,0,1,4,online,1
11.298824809159418,18,5.392948182427043,0.3797617037016491,1.5353921921823162,1,1,1,0,4,restaurant,0
43.01651638821454,22,3.64799390331622,2.8335727236241275,1.2739593244407768,1,1,1,0,4,grocery,0
8.972197860591363,13,7.181168548310049,1.2368698333901678,0.9842255637704073,1,0,0,0,3,online,0
335.59920855561217,15,24.301428625056346,8.793010492133371,0.925975715867597,0,1,1,0,5,restaurant,0
121.79620608915846,18,19.524781769797507,1.1584301011045035,1.164263827014909,1,1,1,0,1,grocery,0
1.0,7,9.42315325186046,6.9798580320771215,0.671950046822831,1,1,0,0,3,travel,0
70.32495458301347,17,2.924114550643911,5.42870697729998,0.518165114262336,1,1,0,0,4,retail,0
40.469042125973466,20,0.7927959181932248,7.506499453944687,1.1730351887007975,1,1,0,0,2,grocery,0
51.46527969913293,12,1.4686438424074886,2.033293930355871,1.315184826702667,1,1,1,0,3,entertainment,0
10.270483756397216,15,35.82074788546121,2.3898111723771147,1.4036436102521446,1,1,1,0,5,retail,0
16.526511119873458,7,37.397952591942804,1.874148025752662,0.935041201957787,1,1,1,1,4,travel,0
24.473275440491165,12,1.126500124988779,3.2575513922059636,0.9647811206546414,1,1,1,0,4,retail,0
249.25044466153122,21,12.347299304927699,20.100379876547713,0.9335045546876941,1,1,1,1,1,grocery,0
14.74061889515193,9,5.57120772020331,1.3169651466784713,0.7621040038389367,1,1,0,0,4,grocery,0
203.13499095833674,13,2.9042841158320316,0.18389107471786337,0.7867029515830974,1,1,0,0,4,retail,0
30.25739110500468,20,0.19397453125306316,6.292814211943299,0.39007735023549583,1,1,1,0,3,grocery,0
5.672471946905367,18,1.3602271990979244,5.658901313253562,1.037271154673674,1,1,0,0,1,grocery,0
90.86593670882935,0,59.93364802437447,89.17013408144324,3.229031060120784,1,0,0,0,11,entertainment,1
214.51466649280837,18,7.118699463118945,29.86648713412705,0.958904886157966,1,1,1,0,5,travel,0
6.951287425174842,6,2.34663000423019,0.1,0.9071580386444195,1,1,0,0,3,travel,0
8.844196206933587,10,14.738718233326304,0.6316753165850537,0.1309559482829744,1,1,1,0,5,retail,0
126.7841263301787,17,1.4092553823576661,9.373315439293838,0.977779058063194,1,1,0,0,3,grocery,0
56.329389557656164,20,26.640060413653508,5.105727149598167,1.1214018258251433,1,1,1,0,3,entertainment,0
12.4461557449086,7,28.955273349422697,12.078533598572998,1.4649361385972093,1,1,0,1,4,restaurant,0
35.35277753840799,18,19.80725345620062,9.125743744164028,0.912190780433232,1,1,1,1,2,grocery,0
24.232647418615223,13,2.4263730988277747,2.4617106963751576,0.6756497521564406,1,1,1,0,5,retail,0
47.39981787071497,15,12.955129242722421,10.016878735713249,0.5407390201600544,0,0,1,1,1,grocery,0
73.7986231437753,7,37.71094905258473,3.162357260870735,0.6411468506155626,0,0,0,1,4,restaurant,0
79.44460587807379,21,10.885054458788755,1.0402975022500471,1.4228780326214856,1,1,1,0,3,grocery,0
22.322347542221877,13,0.7042276863948637,5.833132838820637,1.1219781738816454,1,1,1,0,2,grocery,0
61.843654966883356,13,5.263244357191685,2.3512174566872117,1.1081689005206634,1,1,1,0,2,restaurant,0
283.0720968129413,18,6.796681198267354,2.4990949850081283,0.8175463893833282,1,0,1,0,3,grocery,0
31.385567242868756,18,1.4708956948818084,1.0285319938741826,1.0582459824938795,1,1,1,0,2,restaurant,0
126.37288788780802,12,21.574996711987442,1.281865328956392,0.7716430817674597,1,1,0,0,2,retail,0
107.63161938568467,18,4.403717120223369,4.675247397879308,0.6253426658235417,0,1,0,0,2,restaurant,0
14.61322578969672,8,8.666213596466948,3.9506312551842453,1.5865391935075162,0,1,1,1,2,retail,0
25.01265301504434,9,3.394530852469202,0.5411143677120469,1.145999122719368,0,0,0,0,5,retail,0
16.683275201728826,20,15.498528297918273,1.5448435790258985,1.6529751142900104,1,0,1,0,2,online,0
50.0,4,169.55348202976512,6.2160587923501245,3.332545137406811,0,1,0,1,13,online,1
88.25316965596947,17,22.56801874408652,1.1936293127730853,1.2950597740717908,0,1,1,1,2,restaurant,0
259.8138932767724,19,4.907307005075953,8.28848270398973,1.0559623206659345,1,1,0,0,3,restaurant,0
43.916237673224686,18,5.917789995207099,0.1,1.1660441553598884,1,1,1,1,5,retail,0
571.2051508208601,11,38.437923640212446,3.371060456344698,1.0076135115323188,1,1,1,1,2,travel,0
115.54628671032634,18,21.267185645294138,4.6939397004966175,1.361813401548825,0,1,1,0,5,restaurant,0
158.24609326474166,19,0.7829924546596895,7.34778523242821,0.8033060107851138,0,1,0,0,2,retail,0
50.643218103747586,13,1.3532159272148259,5.730954494421875,1.1070114275953593,1,1,1,0,2,retail,0
13.466421308135901,6,2.414270229583482,13.687563014574218,1.374603961299046,1,1,1,0,1,retail,0
182.25663286799087,15,0.21082147623449968,0.653446254862004,1.3453480147356855,1,1,0,0,5,grocery,0
49.2301732652417,19,3.202711178379547,0.4976576821945486,1.529287620618255,1,1,1,0,1,retail,0
147.28779541122609,16,1.9903244446178001,7.100953774411965,0.9537864545387466,0,1,1,0,3,retail,0
11.455729598770205,11,9.620923544972861,18.77960715303585,0.9118255673414318,1,1,0,0,2,travel,0
6.035282521913848,22,2.1665686497506704,5.791514647638943,0.9686885500987109,1,1,1,0,1,restaurant,0
133.09181783968688,21,0.5652577539204642,8.582348989224425,0.31560742417314736,1,1,1,0,1,grocery,0
300.02520027427346,10,2.3757152245409388,2.2767471538408226,0.41923528741386507,0,1,0,1,4,retail,0
60.804560965631175,12,8.984804442228665,9.994212595157563,1.173076669264279,1,1,1,0,2,restaurant,0
168.8786360247298,20,16.222306778240664,8.118196516133349,0.8375312084721633,1,1,1,0,3,entertainment,0
220.67049643215734,14,2.537731079210096,5.6346194122828805,1.0898803280640168,1,1,1,0,3,grocery,0
141.5510307075389,17,19.278211481115438,8.988506798003705,0.5814715879159364,1,1,0,0,4,restaurant,0
94.22557141806581,15,1.1891783573153356,3.852646170576914,1.0346345458508504,1,1,1,0,2,grocery,0
1.0,20,4.569848935462483,1.6475988654458642,0.6502617225949916,1,1,0,0,5,retail,0
17.05705020125335,17,1.1329470303734555,2.232625744288752,0.3161424086018134,1,0,1,0,5,restaurant,0
157.70759775038667,6,10.304718436507468,0.22081944734681236,1.151382487876913,1,1,0,0,1,retail,0
145.68928298800867,7,3.6247066334326106,7.44038146283075,0.9627920304354052,1,1,0,0,2,grocery,0
180.37984325321514,13,5.35207435469812,1.4964368696569894,0.9736035270743447,1,1,1,0,4,retail,0
25.95534739843048,18,0.48092149032710757,1.1489757629764632,1.1508684341651527,1,0,1,0,5,restaurant,0
62.367479751510416,20,8.406782401082303,5.096335126630603,1.0311370960516961,1,1,0,0,5,travel,0
28.527375192123678,19,20.107110290131978,8.625644981134835,1.2971549472629518,1,1,1,1,4,restaurant,0
17.13863045588225,11,4.581376510937833,1.072844557994701,0.6736241568328605,1,1,1,0,4,online,0
197.05989473025602,7,3.267169200748949,1.2639500570356044,0.7317294322779295,1,1,1,0,1,grocery,0
43.21801243593944,9,34.17432130185388,15.971771096295287,1.4801923445793912,0,1,1,0,5,travel,0
22.158124191657905,16,5.287998155185143,2.3595974924525525,0.8453506986607222,1,1,1,0,3,entertainment,0
527.3211618132461,22,5.0,5.426324953889878,2.0519824464489234,0,0,0,1,11,entertainment,1
41.420006291896215,15,1.1092080671497766,40.48599332125322,1.2902879165780967,1,1,1,0,4,retail,0
27.283086512958008,18,4.320881121860827,5.767208153607214,1.3410246618298052,1,1,1,0,4,retail,0
15.172574298913933,21,0.972119926610854,4.394830505444988,1.4779401820012494,0,1,1,1,1,retail,0
29.276109036377097,13,7.082087479762535,4.17272020570043,0.7465598023645639,1,1,1,0,1,restaurant,0
144.11919126169076,22,2.9570835777736058,3.2872412871925643,0.9532950000920383,1,1,1,0,3,grocery,0
16.35108796063246,9,7.782957209034537,13.582366563895743,0.6057527347473737,0,0,1,0,5,online,0
147.42165966094353,12,35.699270216433646,2.514733789236276,0.7495652387169576,0,1,0,0,1,restaurant,0
82.44679267940002,4,220.1630247326359,2.770151584446186,0.6784272101224431,0,0,0,1,4,online,1
21.76388977671962,9,25.484569426289582,4.035986580507322,0.9541501750389041,0,0,1,0,3,entertainment,0
35.73221340518464,13,2.7669430248750753,0.7611560866582324,1.2422015906582977,0,1,0,0,4,retail,0
37.78782092666103,10,21.375318140440854,7.1477877203692035,0.9810595811528225,0,1,1,1,2,entertainment,0
115.6634169391041,10,1.7630807686703622,24.18648892670833,0.7010958261850284,1,0,0,0,2,grocery,0
216.15534670137404,22,3.1566624354233523,1.1607759691237878,0.7368898120492743,0,0,0,0,3,retail,0
345.18008676267027,6,17.650528301827368,1.7681442772244536,0.8843941977749673,1,0,1,0,3,online,0
285.423851063336,19,8.257147807888025,12.16359919095051,1.0226990069537014,1,1,1,0,5,retail,0
126.46699904886367,16,7.896451634536806,0.5481095013185162,0.830017021654255,1,1,1,0,4,retail,0
47.30785031325403,13,9.705426167665404,9.407306075433969,1.0818081696646837,1,1,1,0,2,grocery,0
167.20424887142298,16,19.05132583379283,1.5083747116315191,1.1767091066061959,0,1,1,0,5,entertainment,0
57.84599760062906,8,9.450409545081705,11.371709996719392,1.1307773101257101,0,1,1,1,2,grocery,0
212.39600687044998,17,28.33981435582942,6.655464042172233,0.8367866681210613,0,0,1,0,1,restaurant,0
463.3938155228853,9,2.732472811283,5.815723436282311,1.1042027525386784,0,1,1,1,5,retail,0
82.90027085892476,22,15.09021013489612,3.5713457827676036,1.5723900779910425,1,1,1,0,3,grocery,0
48.60583015852981,9,7.203308877918703,0.1449802089247895,0.39376806055809854,1,1,1,0,3,restaurant,0
60.82917028057832,11,2.335321025221992,0.23960992226433578,1.3507678894846635,1,1,0,0,4,entertainment,0
36.85322222294083,20,3.1380978062406237,0.3309744306666461,1.0946424849131793,1,0,1,0,5,restaurant,0
26.33181127778156,14,4.94487286431408,9.253953658123164,0.44249780579370324,1,1,1,0,4,grocery,0
37.98842389426576,12,4.04493526310115,0.673723738424407,0.5927239481507041,0,1,1,0,2,retail,0
1.1167290051390102,16,10.926085876194051,0.18304960341849896,1.3223147037756275,0,1,1,0,1,retail,0
83.55314237964286,15,19.941460519455642,1.8903521326026687,0.7862906072316596,1,1,1,0,5,restaurant,0
53.10177607986155,7,3.182091792335471,0.65875066971555,1.2538744678621785,1,0,1,0,4,grocery,0
71.5067993574769,12,31.82261133292424,2.761547163426804,0.5986974167092426,1,1,1,1,4,grocery,0
154.15110405453862,21,5.594437245132008,2.75251194986172,0.36353729946558544,0,1,1,0,5,retail,0
89.62910740758699,11,0.6825839461993387,1.9290460375244967,0.5903234369138648,1,1,0,1,1,grocery,0
38.519402754162314,18,2.57729062726306,11.751561295540387,1.041745251715685,1,1,1,1,4,restaurant,0
61.46281661167759,19,7.9640532964584265,0.31650229994761714,1.0226467937863002,1,1,0,0,5,grocery,0
57.57197821989665,15,4.3921529267874675,7.302219728242503,0.7913405811559585,1,1,1,1,3,online,0
93.0359028179837,10,14.890436737682817,0.4632518506119401,1.0961987783186478,1,1,0,0,4,restaurant,0
6.980200121921673,17,0.29519050178311723,2.4202475462656436,0.7495373181014792,0,1,1,0,4,entertainment,0
15.293852357687186,6,0.19222542457760716,2.879400240727782,0.6424358035348332,1,1,0,0,4,retail,0
65.38883260491944,12,0.9439185083905439,1.1775107505168292,0.7333176100826109,1,1,1,1,5,travel,0
275.5527319802702,20,12.099096273954784,12.481934290316467,0.8903220627961399,1,0,1,0,5,restaurant,0
66.55948934219964,22,1.2830042342125925,3.0395151871690125,0.9338550640036386,0,1,1,0,5,grocery,0
104.19051062237288,20,0.10966912668383044,15.108717895433365,1.0694979506195228,0,0,1,0,5,grocery,0
2.8428421251771985,7,10.1179812870155,0.7390057930765335,1.092725798192224,1,1,1,0,4,entertainment,0
47.4892629608187,21,6.056267956749581,0.4722944674045424,0.701997186101375,1,0,1,0,2,travel,0
83.05796892974894,12,22.258608301652202,6.245533464477732,1.114428073890487,1,1,1,0,1,grocery,0
6.112769260166519,11,37.38473384667223,2.6595241347175507,0.8221336392548478,1,1,1,0,4,grocery,0
110.68476198128204,17,10.14630475589845,3.887233151087994,0.32949546388241036,1,0,0,0,1,grocery,0
155.7221520636889,13,16.22026992746848,12.214306075671322,1.4226314225500771,0,1,1,0,4,travel,0
47.248081023269776,22,42.757595006930075,4.1755649785862525,0.9407455527948958,1,1,1,0,2,grocery,0
131.53673465947355,21,4.977911872722415,0.4772691312584682,1.5313465916681348,1,1,0,1,4,retail,0
483.5317748834587,18,5.994495574358395,2.6752453786757995,1.69713672539257,0,1,1,0,3,retail,0
131.95662743768588,11,0.8784991515353214,4.05824265376281,1.0197658344012495,1,0,1,0,4,grocery,0
126.61521886901872,19,6.606200973919648,2.332311614930565,1.2061768643884243,1,1,1,0,5,entertainment,0
37.1118546378072,8,9.452840226592635,12.604132256116644,1.3526472258513123,1,1,1,0,5,retail,0
165.78604474638956,4,14.075623154590085,41.48824558073459,0.8779798614814887,0,0,0,1,12,retail,1
25.412289199042565,14,9.245303833866812,2.4478013662814253,1.877584112544548,1,0,1,1,5,entertainment,0
31.781047488728234,13,1.6469004424532292,3.398039429283294,1.3802856211222574,0,1,0,0,5,retail,0
122.33856499852136,22,7.568461979655034,11.810220163804209,1.038698248371242,1,1,1,0,4,grocery,0
123.4192574306496,22,8.137104004167787,1.7332137004870107,0.8448144714526529,0,1,0,0,5,online,0
22.313294639595647,14,20.501750985568115,3.107452563997848,0.7429839988274023,0,1,1,0,3,travel,0
138.3694728138406,7,3.287858665889853,1.7252136484148597,0.9804582929112886,1,1,0,0,4,grocery,0
149.53179304200833,21,3.974056614284161,26.7803755160644,0.9566609464572101,1,1,1,0,4,entertainment,0
33.920423919597724,13,2.5439807041120064,5.7686128266550725,0.97433901510251,1,1,1,1,5,restaurant,0
93.55668505267472,6,19.7984925812315,13.537830209270673,1.4222489893622143,1,1,1,0,4,grocery,0
82.60445068509671,8,6.825401984728491,4.980727168203315,0.9843191499910007,0,1,1,0,1,grocery,0
43.50207147979952,22,3.069941801806635,1.4902631316191757,1.4999475305174923,1,0,1,0,2,grocery,0
60.721041392168054,20,6.356263877591319,0.49393886785604546,0.8385840759830641,0,0,1,1,5,travel,0
143.73111491947208,17,4.440690519895051,3.6645053092129776,0.6901757604549232,0,1,1,0,2,entertainment,0
72.04999062881076,3,43.15197493459649,14.022981060267709,2.260234200790478,0,0,0,0,14,online,1
36.70177130316827,21,17.425913058852824,0.1,0.7069704119676188,1,1,1,0,1,travel,0
2.799497715478327,6,1.1352560442519701,19.766159876674184,0.5349842842466261,1,1,1,1,2,retail,0
260.8600856253302,1,43.8876423113879,13.509448779080529,5.3843648596192235,0,0,0,1,8,travel,1
17.431700875236,13,17.645973176031905,5.505563855711611,1.0751620238468584,1,1,1,0,5,grocery,0
145.12694804967458,21,4.4911511023047685,6.296756097813932,0.8521240115831523,0,1,1,0,3,grocery,0
10.974524653112613,18,26.591769320954448,3.3749143350610407,0.9561392472843323,1,1,1,0,2,restaurant,0
232.05863572619788,17,3.0879642765172486,4.702342125126722,0.9355118680418233,1,0,0,0,1,travel,0
99.14639595115284,17,26.435248673948113,1.7704731290955587,1.2004071005821393,0,1,1,0,1,restaurant,0
197.3390831056156,18,35.518935426476276,3.5546493569047364,1.0443353630235566,1,1,1,0,2,restaurant,0
75.88122172606623,21,8.180597141333546,16.259065369974802,1.1674107787276324,1,1,1,0,2,restaurant,0
57.79970719378206,18,1.2200501367803018,8.227734286915627,0.7920370149128273,1,1,1,1,5,grocery,0
68.82717051351071,9,26.549478999371306,2.0440339268023857,0.9162790712107616,1,1,1,0,3,grocery,0
2.0863635140833554,11,6.323917789902842,0.3953789594720213,0.6775792521843083,1,1,1,0,1,restaurant,0
155.6090931717836,21,8.182588827061107,4.545860011196876,0.5664139063471679,1,0,1,0,4,grocery,0
82.88994732381536,19,0.5856963799618922,1.9613141522805049,0.8529441143310305,1,0,1,0,1,retail,0
2.875990184924336,21,3.7540524087775196,2.638346114688649,0.9417788546541441,1,1,1,0,2,entertainment,0
34.47805128584595,17,13.216858221807705,11.093601408895747,1.2961171546062116,1,1,0,0,3,retail,0
41.97199517747522,9,8.907796893732447,3.049474872354618,1.419062945306659,0,1,1,0,1,retail,0
22.112627711727768,14,8.17923891896289,1.2113576901137424,0.8628088505371458,0,1,1,0,3,retail,0
16.01652491869178,9,1.0000145674472387,4.595503280393256,0.3908395769766465,1,1,1,0,4,grocery,0
18.553815883940015,11,2.2780748799115167,0.37766853780139303,1.1532959965363194,0,1,1,0,3,restaurant,0
524.0241710852623,4,25.92105439632565,27.13021477826409,1.7146428464272336,0,0,0,1,7,travel,1
79.87824001804347,9,9.832059833024015,2.237133950503353,1.621603384977734,1,1,1,0,4,grocery,0
55.76206835692052,21,9.604877551365295,3.9007151428820115,1.4254556399357337,1,1,1,0,4,entertainment,0
94.44092870356272,21,31.541384608575306,0.7298004931376696,0.3859481573757306,1,1,0,0,1,restaurant,0
18.25194510204338,17,11.486573025852056,7.551724426912466,0.9030203109030636,1,0,1,0,4,retail,0
11.222030680008746,16,19.50335096494796,2.2505494578028005,1.6042288471392117,1,1,1,0,5,grocery,0
124.59803029840978,5,89.33442867880801,4.355050172705179,4.714941586888663,0,0,0,0,4,restaurant,1
135.89304272289436,8,24.27859775108598,3.538361851392353,1.228467619635284,0,1,1,0,5,travel,0
336.7362083064081,4,452.0242046854779,88.28972667387089,5.251613078905495,1,0,0,1,12,online,1
213.52206312846945,3,57.38298096465995,2.9000666035134546,1.9364507414017813,0,0,0,1,5,retail,1
64.08709738691752,9,4.335836273794807,1.608660179308443,0.49760013453595,1,1,1,0,2,restaurant,0
58.00066016363517,14,0.49742867002218855,8.611963532971966,1.4644344242165568,0,1,1,0,5,travel,0
239.3390820026749,21,0.18729852775844494,10.006144668721141,0.4192058790355523,1,1,1,0,4,retail,0
30.94482349339173,15,15.182966475583655,6.027954063809684,0.9580959168314371,0,1,1,1,2,grocery,0
175.8584464415817,11,1.2021370589707043,6.0059820253875955,1.0596942195618968,0,1,1,1,2,restaurant,0
141.0678774921712,18,16.223808383764244,6.621066173795236,1.1399667305915644,1,0,0,1,3,retail,0
94.28430689132257,22,9.624197111148188,2.0496385545282467,1.1264052046902389,0,0,0,0,1,grocery,0
348.31369027917987,5,17.333965696700893,26.822096304063248,2.0917960497680546,1,0,0,1,5,travel,1
47.62512484082956,14,42.451225476979424,3.6399076078295596,1.1254062959996576,1,0,0,0,5,retail,0
86.08047824875266,11,1.1190774156711938,1.6481662100238559,1.4569390021632145,0,1,0,0,2,restaurant,0
269.9148106598665,22,129.84289557779758,34.39078332333479,1.1924694448949866,0,0,0,1,12,online,1
416.4445736796729,0,63.72054286142302,31.535089424683083,5.825764760355044,0,0,0,1,11,online,1
72.36416031117564,8,16.680935707616737,6.138217720463891,0.600588452921063,1,1,0,0,2,travel,0
296.4344300382783,21,1.7836621575997,16.107183618426532,1.2837389038657443,1,1,0,0,2,online,0
107.91252828384754,22,1.8356566155912324,0.8824076220319468,1.5939939596121588,1,1,0,0,2,retail,0
422.40398152397654,22,7.754502201684329,0.5726814428094363,1.1154533478678754,1,0,1,1,1,grocery,0
43.46554658132692,17,2.326007997111779,1.4811613625575684,0.8096104223012408,0,1,1,0,4,online,0
104.33739038679569,7,3.697536539092111,12.831690192163572,0.8416934806968427,1,1,1,0,5,grocery,0
1.0,20,3.0945055860733484,0.7099666669513918,1.0146766695592053,1,1,1,1,2,grocery,0
32.73572867730981,14,24.38709857942298,7.456416670821966,1.1792528077820086,1,1,1,0,3,retail,0
13.80746486643165,21,1.5030512212909344,0.48670706643329126,1.3812201779638282,0,1,0,0,2,entertainment,0
108.35151530244993,21,41.93341974424651,3.542815281458292,0.7144982140031614,1,0,0,0,3,grocery,0
44.913777566881656,6,18.340386470971325,3.280219318389613,0.18124614772346404,1,1,1,0,3,retail,0
192.81017149065525,18,6.555960500695091,1.230321427207969,1.3133692543471163,1,1,1,0,1,grocery,0
12.52246887883758,10,2.8992378836749095,2.3261746172608198,1.517039164633232,1,1,1,0,5,restaurant,0
6.008687706606962,14,2.334262697227895,3.487312578212199,1.454756297602631,1,1,1,0,3,retail,0
15.476128539644343,9,29.776333677354792,5.99866730728836,0.8196487181160297,0,1,1,1,3,entertainment,0
29.50770078311865,6,8.038786872413986,4.880385189483711,1.1988257845538153,1,1,0,0,4,retail,0
724.2012483118382,23,47.05514305063644,93.85100534788174,6.3332548782544364,0,0,0,1,12,entertainment,1
132.11885680603842,18,56.51816267119316,0.27651250842161873,1.1776815599754293,1,0,1,0,3,grocery,0
49.24525772458778,8,20.453453025420348,0.6967791626225919,1.025168128972218,0,1,0,0,3,retail,0
17.67132575610757,10,26.616731554151507,0.5878630089689117,1.072065332299796,1,1,0,1,3,restaurant,0
11.801013050777518,16,7.34099548546396,6.649133336533519,0.5188391789697595,1,0,0,0,5,retail,0
219.2679986920786,21,18.741819635509394,8.470410578034674,0.9179625610880083,1,1,1,0,4,entertainment,0
787.4930271121076,0,126.7553457849969,63.32913877927323,5.547113967206486,0,0,0,1,13,travel,1
72.13793041725886,14,10.752210448939687,1.753121411292104,1.3970911831110817,1,1,1,0,2,grocery,0
9.257962549522407,16,2.453011960762576,0.7451117844106857,0.7000856642510034,1,1,1,0,1,travel,0
6.807596122968177,11,16.953240323965964,1.6285345556907838,0.8950539679792202,1,1,1,0,3,restaurant,0
362.8511202143637,15,10.204682623462961,1.5617745450253728,0.9653039925233198,1,1,0,1,2,entertainment,0
76.36365027835845,9,1.7980019005604744,4.638460228788001,1.6395187663784028,1,1,0,1,1,retail,0
11.230555118130983,22,1.1664090655383006,0.6530229927594201,0.7492668356622396,1,1,1,0,2,retail,0
78.48587386530228,12,3.5950784847477593,8.711565307329996,0.7628103793881674,1,1,1,0,1,retail,0
45.22869668217592,15,1.0006133566788353,1.136640557663404,1.1649732420086862,1,0,0,0,5,restaurant,0
57.95194198075885,3,9.551743622360613,38.77384802136232,4.1508931848612605,1,0,0,0,13,online,1
14.323599658526444,14,0.1,4.956254693435632,0.8874925081143106,1,1,1,0,2,restaurant,0
25.268117234890983,9,20.022476345515436,3.6461175419379566,1.2725831316681953,1,1,0,1,3,restaurant,0
64.60537921201096,9,20.691956893955563,4.1948635350238,0.7593871646872764,0,1,0,1,5,retail,0
8.217455044365606,7,1.5848238474598053,0.576456696334057,0.30477640786783644,1,1,0,0,1,online,0
61.63151977525625,21,4.367706630205547,4.3547783364728385,0.5313522849170211,1,1,1,1,1,retail,0
86.69803430195864,17,15.556997005936575,16.690905151178235,0.9735114451796225,0,1,0,0,3,restaurant,0
19.693277048939546,17,17.050572950923158,3.227109231080576,1.2107239380999628,0,1,1,0,3,restaurant,0
48.988662363505526,13,9.429875089346321,3.6611834760000854,0.8981522640344791,1,1,1,0,1,entertainment,0
48.522974303236154,6,34.886710523525764,1.2797631196495614,1.319872684356154,0,1,0,0,3,restaurant,0
18.536195260164007,13,2.6838284890515727,13.256742064099802,1.0440657907581352,1,1,1,0,5,grocery,0
1.0,14,5.476307779440571,1.7664106876125671,1.9019740542240169,1,1,0,0,1,restaurant,0
355.81465770411245,1,104.12701802738965,48.161615992290606,6.485798508669598,0,0,0,1,3,entertainment,1
6.334787215592986,8,3.465912068266677,2.387979582026677,1.0813048840721662,1,0,1,0,3,grocery,0
643.5789015535165,1,51.99483455947819,84.28732290370455,3.114612336013164,0,0,0,1,4,online,1
80.83815905739175,19,2.6566267206370027,2.712377655362392,1.2936311978919133,1,1,1,0,4,grocery,0
127.853042417383,9,9.85453492850755,0.13103759124644113,0.9171879712024489,1,0,1,0,2,restaurant,0
297.8845606959994,9,21.20144306315226,2.9463691044871836,0.7446222059476486,0,1,1,1,1,grocery,0
83.03392648609822,6,3.8517652719273485,3.0140649261130066,1.2981381665332274,1,1,1,0,3,restaurant,0
33.52465605577573,14,30.810146668769057,2.060258105896105,0.9496258347893501,1,1,0,1,2,restaurant,0
45.936840331290504,7,15.518485463158942,0.1,1.6244008226047542,0,1,1,1,4,retail,0
42.99754188623801,13,1.2680473050017231,9.484362687245738,1.1120620307143085,1,1,1,0,2,grocery,0
317.81761663003107,11,4.965140885877198,8.057200108685937,0.8846677489272323,1,0,0,0,4,grocery,0
41.85419746970135,9,13.864307622097119,1.9304084405347663,1.3303674230594555,0,1,0,0,5,entertainment,0
113.05922904246853,22,5.281677181631531,2.687860056994279,0.9059327281334562,1,1,1,0,2,restaurant,0
798.1287175546025,22,82.27741560644303,57.05615401622461,4.2387248485125175,0,0,0,1,9,entertainment,1
76.00676622817166,18,51.903923979609445,10.616524512537701,0.6314067732087834,1,1,1,1,1,grocery,0
133.62286003203923,14,6.160174905998308,0.43609538379565077,1.0166334985617447,1,0,0,0,5,grocery,0
385.89343604251445,12,14.534556327807504,0.8087920402545811,0.86430171010724,1,0,1,0,2,travel,0
54.887553167748,12,22.55197425880441,1.4050566300764833,0.835948813211624,1,1,1,0,5,travel,0
49.56296670383442,18,8.827653035284346,4.931546772180873,0.43000424820545746,0,1,1,0,2,grocery,0
206.85008194333645,15,30.57696089897814,12.616910012276112,0.6779817634238818,1,1,1,0,2,grocery,0
2.961401617209744,13,2.0242940904594438,4.771217549926069,1.134740217871848,1,0,0,0,5,restaurant,0
167.95326512695573,14,1.1862583034768983,1.8932079292044266,0.832328319773566,1,0,0,0,1,grocery,0
16.291655241533945,18,8.539421606795667,5.343534871825687,1.3047823271042254,1,1,1,1,4,retail,0
79.56031993959081,18,15.07691463262626,20.764530588396685,0.6010604919875058,0,1,1,0,3,restaurant,0
3.1807481344436765,12,15.241555024756043,1.802802880652269,1.1950377930545661,0,0,1,0,3,entertainment,0
220.26132376877908,14,1.42661252697201,0.5293788455554874,0.5110798426483136,1,0,1,0,3,retail,0
310.3834029691506,4,32.935231289078935,31.41607808724465,0.5,0,0,0,0,5,grocery,1
20.7260520346422,11,3.71513248436011,11.337648314402147,1.0428855629660938,1,1,1,0,4,restaurant,0
56.85700162021635,9,30.74142349676095,2.3645581571216785,0.652693111902003,0,1,0,1,4,restaurant,0
464.310428163531,0,34.27700714283989,49.75991979223269,5.221159787707992,0,0,1,1,3,entertainment,1
17.500520319816346,7,1.8999866992553194,1.293366137392322,0.6496429943759507,0,1,1,1,1,retail,0
98.66573603847027,11,7.7115072565357075,5.706782513973474,1.1268331776103573,1,1,1,0,5,restaurant,0
165.51370799576227,21,35.367167738988606,1.818103931793352,1.3529184278271027,1,1,0,0,1,retail,0
138.81079937209253,16,2.259736493714804,0.26577714037230854,1.0187077578445243,0,1,1,0,3,entertainment,0
141.37242628405806,15,1.8795770161479726,1.2381959341988418,0.8008607126644062,1,0,0,0,2,travel,0
1.0,17,1.8608262668132223,6.476359996634895,1.0446193155141297,1,0,0,0,3,grocery,0
41.06119158815662,21,0.6280420224921114,2.2962565767317464,0.555374099031835,1,1,1,0,5,restaurant,0
30.491698514457365,9,0.6337288943410208,6.100550647576077,0.7813078546423642,1,0,1,1,1,grocery,0
151.11499641227022,9,4.067024620856509,3.422239069116522,1.0896637013412311,0,1,0,0,5,entertainment,0
50.75768092711085,2,23.724520413962196,110.06941870861142,3.317177124553991,1,0,0,1,13,travel,1
237.17769886884355,21,9.000759608215434,22.900278510975838,0.6531815872044753,1,1,1,0,4,travel,0
96.84405188092136,10,14.84231620576066,4.197188318338117,1.3254331065946299,0,1,1,0,2,entertainment,0
74.43885833061886,8,16.666321237772756,0.34093194838952834,1.0179514411608548,1,1,1,1,3,travel,0
25.81143198330741,22,1.8978194641159964,9.189381632021576,0.6154473516527199,1,1,1,1,4,online,0
71.49060241169403,20,23.646674944803113,9.260048638918729,1.203681147810274,1,0,0,0,4,travel,0
114.00951771158107,15,10.2653001028522,1.3639345270759886,0.909490660543096,1,1,1,1,2,restaurant,0
160.85035339951924,16,2.2387385552547525,1.4197626627980084,1.5344528341283685,1,1,1,0,1,travel,0
85.12321320969937,8,2.4657339999366963,5.023497576638492,1.1385586670328878,1,0,1,0,3,grocery,0
476.8884557950375,13,0.6267756535097581,3.8475094053901424,0.7018507985565139,0,1,1,0,4,online,0
165.31325522964974,9,8.669939307900389,2.0435773264844546,0.5555175868292801,1,1,1,0,4,retail,0
10.154923978398294,7,20.384823373747235,3.5764405927149374,0.8173737261644989,1,1,1,0,5,grocery,0
77.94524558003589,17,6.021094839175424,0.5587663989851293,1.2494761141454678,1,1,1,0,5,retail,0
50.0,22,47.76346922591941,119.2072689079294,6.158650587473457,0,0,0,0,11,grocery,1
70.03741770614864,21,5.396366352366088,21.6649106471562,0.4849729941338957,1,1,1,0,3,restaurant,0
9.651112264071823,17,1.0071751072519917,1.4137935080198885,0.6663106358841813,0,1,0,1,3,grocery,0
22.71710071525984,22,3.0728513373657744,4.1007343198618615,1.013580293003619,1,1,0,1,5,restaurant,0
132.589960580777,16,1.2269859431874948,7.221456330616558,0.8945126649809294,1,1,0,0,1,entertainment,0
23.356512300388918,13,23.993595694035296,2.69604414558718,1.0547305549895005,0,1,1,0,4,entertainment,0
55.46109645847302,12,43.863422424528196,0.8224359324575548,1.1018610170245937,1,1,1,0,5,grocery,0
50.0,2,114.5270066255726,12.452670339990107,1.3803664533667073,0,0,0,1,12,restaurant,1
193.6372978184365,23,135.99562307202515,10.979244249692064,3.380573190405706,1,0,0,0,8,grocery,1
14.237874235212137,22,5.655020403332806,2.4434005434357577,0.7788723895512615,1,1,0,0,1,entertainment,0
221.78300207916806,19,0.1,17.186800475358414,0.8732788245849512,0,1,1,0,2,entertainment,0
40.67417673359789,7,2.0571431976818557,1.1949240593267183,1.0087990256309114,1,0,1,0,1,travel,0
62.36169069090607,6,12.045954014724295,12.082927691098014,0.8066796084831338,1,1,1,0,2,grocery,0
101.47795294770113,10,21.550622397497357,9.061878122853713,0.7698887419753545,1,1,0,0,3,retail,0
6.107017804474966,11,1.2203554222276234,5.866306555761623,1.1148003964636537,1,1,1,0,3,travel,0
187.67556717977283,9,10.392026456958131,2.805911053129843,0.8203537315108781,0,0,0,0,5,restaurant,0
102.42974676427295,7,7.35157603627326,7.166526038197841,1.2772497951504473,1,1,1,0,4,retail,0
3.148475737006888,10,4.861199181489079,0.35471312892492346,0.9849590218453156,0,1,1,1,1,retail,0
57.4897072899216,15,14.389733156988097,2.160508491458824,0.4185931266177725,1,1,1,0,3,grocery,0
84.1752399770482,20,23.174711574117083,20.93712487554097,0.670431245647302,1,1,1,0,4,grocery,0
5.2534452643826315,6,6.052757714099779,15.796164940594593,0.8707898280081067,1,1,0,0,3,retail,0
42.039165408579706,22,1.613927511396902,1.901540732061899,0.3951433560587132,1,0,1,0,1,grocery,0
96.4902651370785,3,87.10049375205253,79.07086640963415,1.7081670692703623,0,0,0,1,8,travel,1
3.586974610202703,7,11.821534022658657,2.4158306808638215,0.8185503524453859,0,0,0,0,2,restaurant,0
90.92173344175178,14,0.7817405508651388,10.387288879373962,0.9236624609272254,1,1,0,1,2,grocery,0
73.16323855771925,13,5.901369461731903,11.814063659614911,1.056958365270515,1,0,1,1,4,retail,0
23.26185278323652,22,16.170083597620046,1.0472238892054981,1.0929333001798667,1,1,1,0,3,retail,0
20.424102011270584,6,8.701433942738008,9.208364125572434,0.598686692180465,1,1,1,0,5,retail,0
199.26660114233192,4,55.40001484687048,28.893771693947816,2.32257634360431,1,0,0,1,14,entertainment,1
52.787243721577966,13,5.746281774996693,6.451822330770934,0.5602852836055479,1,1,0,1,5,retail,0
25.204008536413518,9,7.547313306043267,2.5392362230036976,1.3066937423494562,1,1,1,0,4,travel,0
21.062597102269976,15,5.218216986487219,0.5635518241795994,0.9476686249133676,1,1,1,0,1,restaurant,0
4.199131799603565,17,6.8798329537732315,0.776200807889421,0.9232506655162449,1,1,0,0,1,retail,0
868.941715520831,0,108.5955725685853,88.07883495214007,1.5991616621803928,1,1,0,0,10,entertainment,1
215.82593389913384,10,1.5909654814366565,3.8648187676943655,0.9458601810555581,1,1,0,1,3,grocery,0
17.05777144621942,20,2.682826611753023,0.7401580795480984,1.1381004402394084,1,1,1,1,1,retail,0
247.71144495522606,23,14.423396236488875,5.859566638693892,4.198118513313464,0,0,0,1,3,online,1
16.845370277032732,11,6.077088466618326,0.5662569998738322,1.212297414348465,1,0,0,0,5,grocery,0
276.04862427789584,4,65.48893268350609,51.25472345218177,2.7119225809133147,1,0,1,1,7,travel,1
156.91355918720703,5,215.23437022763818,15.56968290073795,2.3389455957993253,0,1,0,1,5,travel,1
28.41136385087708,21,2.350293775001056,0.7184788889346732,0.9968050743764365,1,0,1,0,2,retail,0
70.81629222702587,19,5.565134931425061,12.238650627150939,1.2034613911568275,1,1,1,1,5,grocery,0
286.19699222377386,21,27.709784287044027,10.852239741834026,0.6860339898525349,1,1,1,0,2,restaurant,0
5.953050382101962,22,2.8455376866661153,11.781244053605429,1.0667643256661294,1,1,1,0,5,grocery,0
143.81808065356844,18,3.596490755346249,5.836779337867347,0.5856827613598525,1,1,1,0,4,grocery,0
6.877844552190297,22,2.4843598128485938,1.6633402721894972,0.7046368047089722,0,1,0,1,1,grocery,0
74.46352982589158,11,5.0859327076711445,0.763265209027097,0.5529563883275216,0,1,0,1,3,restaurant,0
43.3005989707771,8,15.636395496381324,24.31754110590156,0.7162660435603989,1,1,1,0,2,retail,0
28.919411832723366,17,1.7501306020761391,0.7555794394997484,0.5222007491153737,1,1,0,0,2,retail,0
43.76556606552193,10,1.150167419020615,5.406796285354931,0.5880883502920974,1,0,1,0,5,grocery,0
68.80367970551036,8,27.125017550786747,4.775797202763676,0.9624377160939848,0,1,1,1,3,retail,0
6.389116589049969,22,0.32076490262046037,1.5162775298976063,0.7569468999851297,1,1,0,1,1,entertainment,0
80.38559794619422,15,5.618592646556422,1.1122351396422685,0.8559966599390577,1,1,1,0,5,restaurant,0
26.330904094314814,8,0.20271174362320513,7.61785625698253,1.0075247343134688,1,1,1,0,1,grocery,0
49.05281030085253,22,1.8544412780686967,7.416262384568397,0.521293444054719,0,1,0,1,4,restaurant,0
55.968707353425074,7,1.8316933790699252,1.2278323809560352,0.8815285069676579,1,1,0,0,4,grocery,0
57.31919222749288,8,0.11007737280029377,7.048897540108971,0.8079601252014267,1,1,1,0,5,travel,0
129.08294405677276,14,2.962906127063495,3.6481528222607915,1.3469210530183577,0,0,1,0,2,retail,0
77.60244922791448,8,3.978037840006445,3.9546370608664736,1.1537360040064888,0,1,1,0,1,grocery,0
89.67352007116288,10,12.857589186076094,2.1480126106129505,0.7859756265093668,1,1,1,0,3,entertainment,0
15.282695726094826,13,0.9237225754163039,3.857464161377159,0.6171828030882616,1,1,0,0,5,retail,0
21.888642124753858,6,0.6555162472445631,0.7788014363215643,1.3989550180165757,1,0,1,0,2,restaurant,0
56.67879701157588,16,7.611811618737798,3.6341540538963124,1.4747152085174733,1,1,1,0,3,travel,0
171.29185720268367,1,15.949319384871918,85.62178118193478,3.1838355580595072,0,0,0,1,7,online,1
35.326658340211424,22,4.050228410206821,1.298422682215554,0.8932147841461833,0,0,1,0,5,restaurant,0
23.227993882343874,18,11.568602847452034,3.5567191832899328,1.219137692695847,1,0,1,0,3,grocery,0
1.0,16,0.7082048266980333,6.5438692853244005,0.4584269371874803,1,1,0,0,2,restaurant,0
16.31229159112896,21,12.30180942982804,2.2971178399155106,0.9409616713811382,1,1,1,0,3,retail,0
253.48146746521778,13,6.093569959939071,1.9568478523206765,0.38840903677988703,1,1,0,0,1,restaurant,0
10.261911917600495,17,2.6484897868346655,1.451704888713658,0.7436157368140005,1,1,1,0,5,grocery,0
53.31144475951788,7,9.959592622699331,1.2258425543000766,1.4222982329316671,1,1,1,1,2,grocery,0
321.73532805117054,15,12.513196690129725,0.1,0.9183207641044443,0,1,0,0,2,retail,0
7.075792920344882,22,4.8357714735708335,0.28357527624915163,1.2363407147854448,1,1,0,0,3,grocery,0
81.83957043339461,9,14.108375440981265,1.5308509616739938,1.0859303651764125,1,1,0,0,5,grocery,0
2.989836185718277,21,9.831415499519352,0.3449327322376422,0.8556650117711458,0,0,0,1,3,retail,0
271.49974259437283,19,3.192681275904058,1.7204760614178805,0.8425779857481801,1,1,1,0,3,restaurant,0
179.5249633828001,22,0.22170386611890358,4.980089176737083,1.0437417664696602,0,0,0,0,3,grocery,0
26.244095401306048,22,3.2279798836521376,1.957755545074601,1.5398583284401814,1,1,1,1,2,restaurant,0
18.762590048642807,14,1.3903859651862476,6.151398359502972,1.29834952042361,0,1,1,0,2,entertainment,0
101.96126505406997,11,2.442167919588874,9.625036735110298,0.8635510855597632,1,1,1,0,2,retail,0
36.93912675616299,15,33.76244055010862,1.0049594383902458,0.557352336694568,0,0,0,0,2,grocery,0
1434.7225878182448,1,156.6876117196816,60.36344019892681,3.3400311527940416,0,0,1,1,7,travel,1
4.576905643856547,18,5.000736550094066,7.008244381574235,0.420982981047914,1,1,0,0,1,restaurant,0
26.199931150299783,19,2.5600536132351923,2.3319024274164013,0.9932051109377709,1,1,1,0,3,grocery,0
144.25341213541768,23,5.0,36.15152276717595,4.758428831291601,0,1,0,0,14,travel,1
50.0,2,25.543141319040046,41.0935185599932,1.6263491666552867,1,0,0,0,14,online,1
130.57339963931238,16,4.183700023031743,0.6926290960135074,0.7679116216474571,1,0,1,1,2,travel,0
139.2170803699127,14,0.6526203609548021,1.4028350777774374,0.8342386556153449,1,0,1,1,2,grocery,0
17.544643747310257,6,0.5272703015113832,5.018633065278917,1.3584304762389015,0,1,0,1,4,grocery,0
87.20974873189697,11,10.971633374568723,4.89324521493623,1.18119899473499,0,1,0,0,5,restaurant,0
276.41629898381575,13,3.7004011558329646,10.171099434554087,0.42601339564413443,1,0,0,0,2,entertainment,0
6.750506336059957,18,19.160045891123488,22.494653948051546,1.0540390299692493,1,1,0,0,2,retail,0
73.79465303636421,12,2.1496408414860175,1.2712034206000191,0.9571816320497407,1,1,1,1,5,grocery,0
42.16627495293069,17,11.020438855841777,0.6230196638047579,0.7316927961844474,1,1,1,0,1,restaurant,0
121.36026447792894,20,34.90899815422794,6.701866183118312,0.3743995178183934,1,1,1,1,4,retail,0
50.0,5,75.99315043399403,4.727221724022613,4.492403637055039,0,1,0,1,9,travel,1
26.563142864790244,21,0.255789309879402,3.0876514675664968,1.0349672930420812,1,1,1,0,4,retail,0
127.00565079557599,14,4.312782265941774,9.87901221360027,0.8025225081474198,1,1,1,0,5,online,0
6.249287791090548,17,0.1,0.7435023767578515,1.0631898264373452,1,1,1,0,5,retail,0
249.97101321583477,14,3.8693541568516987,16.806845738530964,1.2518614272281774,1,1,1,0,5,restaurant,0
210.25577806833417,7,10.907084268008578,7.346386751502055,0.9543952635827361,1,1,1,1,3,grocery,0
104.50214708491666,22,0.24734705516646605,1.6374770049279495,0.7930570173903544,1,1,1,0,1,restaurant,0
100.45638887837931,20,0.4096268195266651,3.6223323686085704,0.5304136719084567,1,1,1,0,5,restaurant,0
434.91769901307543,6,1.3158638979374417,0.1,1.0357462504017498,1,0,0,0,2,retail,0
26.44952620858553,7,14.93498864618421,3.788247828974478,1.2192142924298937,0,1,0,1,5,grocery,0
106.55522218800019,13,34.31580246074085,0.15335732020797346,0.9399387209321144,1,1,1,1,5,travel,0
164.93054379315333,9,7.440900390970523,3.2750114294059163,0.6144144666271376,1,1,1,1,5,retail,0
129.96496542815447,11,6.977178687961255,3.990751257773955,0.7956881584853226,1,1,1,0,1,restaurant,0
33.80034788316288,22,8.459274156273704,2.5992394423655982,0.7918571262411453,1,0,0,0,5,travel,0
157.1717857843554,12,17.441986026472314,4.952925456439641,0.9708184709562058,0,1,1,0,4,grocery,0
70.22491404087194,2,72.88686719092925,3.0379684786090713,2.253633800026217,0,1,0,1,12,online,1
15.401693164161362,10,7.427739043379794,2.8050259419321004,1.079391909722145,0,1,0,0,3,retail,0
114.84976784957783,20,9.967226911412022,3.9768698855711664,1.1691697965047678,1,1,1,1,5,grocery,0
170.7188126667252,13,8.840166673463504,3.9397560544127708,1.0322703121920471,1,1,1,1,5,retail,0
167.95198094244168,15,34.73828532523024,9.561099483934164,1.129012550967955,1,1,1,1,4,retail,0
31.46513705473051,11,19.005030635699814,3.055351845232461,1.1668315564613199,1,1,1,0,3,grocery,0
151.84042196315187,18,0.8404627376480439,1.373036211266467,0.5857762393854442,1,1,1,0,1,restaurant,0
190.78937911610058,6,20.22750842672046,0.6727065918895667,0.8145540572012568,1,1,1,0,2,grocery,0
4.070996316055902,19,2.788984671868151,3.1483362797289374,0.9404078106094289,1,1,1,0,2,restaurant,0
14.013019520364761,17,1.4255685519944001,0.6268119788639477,0.8506912600044751,1,1,1,0,1,retail,0
498.3942213126449,1,14.026170512805155,369.07360533607323,3.4560334048189874,0,0,0,1,6,restaurant,1
51.42035109386776,17,7.932061876030487,0.2510556337927643,1.189363366950976,1,1,1,1,5,restaurant,0
82.49774071150179,21,9.894263077905832,4.809166949050975,0.9806757253996764,1,1,0,0,4,retail,0
68.46469168007451,17,4.277704480134817,10.663004560247112,1.0446988965905115,1,1,1,0,4,restaurant,0
87.20147046661516,17,20.90773414144501,2.1377985851343584,0.7325082039542495,1,1,0,0,3,grocery,0
42.68193950490938,16,28.758298255920273,3.988524595831332,0.5728671886206187,0,1,0,1,1,entertainment,0
26.14265193413056,19,23.94998826617723,13.548001299085179,0.9976662488724779,1,0,1,1,1,restaurant,0
46.56773517662053,14,4.67253193680166,0.1797766164260663,0.8993368461960238,1,1,1,0,3,grocery,0
174.45919813758195,1,65.8120048264809,51.93753288816618,1.8611751452033607,0,0,1,1,14,travel,1
15.803255151512172,16,1.2820464201035646,2.005153323525116,1.1684931583678295,1,0,1,0,1,restaurant,0
13.040760794758375,6,8.226798994015205,1.584641712992284,1.2813028105719033,0,1,1,0,3,travel,0
75.60436919884324,16,5.714115026545051,6.613172178878058,0.9350266834009111,1,1,1,0,2,grocery,0
14.33621850469432,20,0.9084024733820788,1.3666287643080883,1.3053032758294973,1,0,1,0,5,grocery,0
166.92250261935584,18,19.28168842533905,4.764267171559728,0.771761427475361,0,1,0,0,4,restaurant,0
1.2461852297555507,11,12.72206187398259,8.695083031211897,0.4535222162929393,0,1,1,0,1,grocery,0
6.551201317638623,11,7.137850894298639,12.0833319166264,1.2119313120798336,1,1,1,0,5,retail,0
57.538718904951416,12,3.8185404968763175,8.17973796874914,0.9151519773125454,1,1,0,0,2,grocery,0
693.4349838520417,1,46.07688643641935,81.60778125438827,3.9834719169218795,1,1,0,1,13,travel,1
77.3070368731168,13,8.888652645944827,6.027507801887273,0.9569115814973851,1,1,1,1,3,retail,0
7.85491586073047,7,9.463249126830787,14.383544760179545,1.3644502516593688,0,1,1,1,2,grocery,0
118.36670672106587,10,9.086329668678717,4.085198425585014,1.4515142320682326,1,1,1,0,1,restaurant,0
44.15751577949042,18,4.888888994676785,10.480321998533611,0.8401595088158009,1,1,0,1,4,retail,0
14.984834248893444,9,1.0088004559698125,7.391155997753818,0.6329314416260431,0,1,1,0,2,retail,0
153.60147097629502,6,9.581432696614979,6.048139679418868,1.2826617716342765,1,1,1,0,2,grocery,0
49.8875129610778,9,15.379595623516737,2.5791104218668393,0.9268625203894078,1,1,1,0,1,grocery,0
22.69295170365818,20,15.031654344161115,2.7623761040459254,0.4784301466829961,1,1,1,0,2,online,0
15.734216756142827,19,17.64046505202659,10.505073404726113,0.6587118939075678,1,1,0,1,2,grocery,0
233.67293674117485,14,9.91858231837136,22.59330100779643,0.8747080065424331,0,1,0,1,2,online,0
1096.4562310071099,22,142.32701805771396,44.73617531461149,5.172109868106147,0,0,0,0,7,travel,1
8.844178911914376,14,2.2888924141126097,2.793353565602368,0.9599095422520423,1,0,1,0,2,retail,0
2.1495258133915542,13,1.7831647949129124,2.3524932438239463,1.0884513437511003,0,1,1,1,2,grocery,0
238.33589601343945,0,144.98032858334432,27.996824459916812,2.5866032170672097,1,1,1,1,6,grocery,1
21.82366292084176,21,4.421840926682531,13.043544108393066,0.9187804870251143,1,1,1,0,1,grocery,0
18.58307131049938,15,1.6214919444718974,10.62356617345711,0.6643256246435983,1,1,0,1,4,retail,0
10.786593534603808,7,0.8320654964369347,0.3348019400880633,1.2425993800820165,1,1,1,1,3,retail,0
4.032827725535717,7,8.733656634918109,4.493327420137275,1.2441170462868896,1,1,0,1,5,restaurant,0
8.86828406476369,11,11.511744229181621,2.3296727440005096,0.45153820384078625,1,1,1,1,4,restaurant,0
8.355816776887421,18,17.669775132444546,6.418850870210521,0.7964337260501141,0,1,1,0,2,retail,0
30.34328769861673,16,1.2842654716747695,4.657630378775517,0.4597543463996544,1,1,1,0,3,grocery,0
39.08111974819514,15,7.629268759727539,3.7443674221723366,0.7183787790480809,0,1,1,0,3,entertainment,0
227.6909470692081,22,225.6271134910098,62.39086791658198,4.962072530199746,0,0,1,1,6,travel,1
43.386304295605775,14,12.586363475549888,1.7158673927068482,1.1813537191872725,1,1,1,0,4,grocery,0
137.04044857270185,13,13.383454503932706,2.258710814541182,0.8422321404090412,1,1,0,0,3,restaurant,0
16.50486214346364,12,15.113726869114458,3.826242875585735,1.362473496620453,1,1,1,0,2,grocery,0
131.18869739482872,9,6.94227117746501,0.14093159097453,0.7652791722712479,1,0,0,0,4,online,0
138.26779473774982,20,0.17792175243329272,3.480130204635949,1.3881668817531403,1,1,1,1,1,retail,0
31.821124930372125,9,5.9932795068506675,9.483577358753308,0.8694607929904651,1,1,1,1,2,restaurant,0
22.520342393902958,19,4.962953103328635,17.007650322509217,0.8499705510736895,1,1,0,0,2,retail,0
251.41926098635182,19,7.479320711928552,2.348911819212843,0.6624506446845262,1,1,0,1,2,grocery,0
37.28517082350049,12,23.077533500876854,0.7947784329064717,1.9555283446479534,1,1,1,1,2,restaurant,0
25.98987359161041,21,11.385241639697064,0.4049664104594234,0.6473722822795711,1,0,0,0,3,restaurant,0
106.97781268557124,15,7.933393739503743,7.493835871108252,0.9598435513376466,1,0,0,1,4,retail,0
179.17631410578505,21,4.14767098696154,4.725739861587887,1.3782297843173148,1,0,1,0,4,entertainment,0
7.675672237681099,13,4.199230881436005,2.6504055206552724,0.8294125885533511,1,1,1,0,4,retail,0
146.78079558754143,13,33.707407895869984,0.3465587292343949,1.0873678076528368,1,1,1,0,2,entertainment,0
236.11090658838708,12,2.132548144322154,5.066457013513364,0.731788157743771,1,1,1,0,2,entertainment,0
57.43791664770918,7,5.97515735490382,6.814007208356539,1.071224921463331,1,0,1,0,3,restaurant,0
50.0,0,52.54754332237022,25.488070472047625,0.5314891890007729,0,0,0,0,7,restaurant,1
10.807879712107296,6,8.27631987814304,1.3822374795396177,0.8500914490087029,0,1,0,0,3,retail,0
63.01129614432432,20,13.818294622958218,3.8682269845068005,0.989934269713083,1,0,1,0,5,grocery,0
60.99201968587578,3,9.487362516799163,64.21851715625287,3.508308362326923,0,0,0,0,11,online,1
2.516826442100457,15,10.348647918915992,9.527009797167366,0.9034568061787869,1,1,1,1,3,retail,0
13.425431208983877,20,31.390378399833455,4.361739099778183,0.6946296211166445,1,1,0,0,2,restaurant,0
140.59741935178826,6,0.6424277327937956,1.8055938283962056,1.071602554382541,1,1,0,0,5,entertainment,0
14.570066592691195,9,9.561109090809643,9.357901231323266,1.4677470408108266,1,1,1,0,1,retail,0
43.67983343649486,18,12.706677172522724,0.1,1.0072103560556276,0,1,1,1,4,grocery,0
316.06598996233015,17,0.21203202374329602,5.754598134546793,1.0895893548547904,1,1,1,1,1,restaurant,0
126.05815492541939,12,2.1533509952414853,3.1870227787437018,1.0894048841751736,1,0,1,1,3,grocery,0
11.699807875520921,9,19.211793522960694,22.232641622674343,0.9176223261993478,0,1,1,0,4,grocery,0
4.336666939605238,16,12.24183707483814,2.5980397781902056,0.8586524949292527,1,1,0,0,1,retail,0
216.63344551447202,5,34.56245098260443,14.05119241851277,1.9091675338806313,1,0,0,1,9,retail,1
50.0,4,254.80657455062993,8.454980738536195,3.854998507980179,0,0,1,1,11,travel,1
85.22577618746261,6,6.758245987440866,4.7371057310442986,1.0863506045192182,1,1,1,1,2,restaurant,0
2.0920703975050117,17,10.671560050403524,2.3306690450052563,1.408972977472437,1,1,1,0,1,retail,0
113.82897733809878,13,18.032491241866474,8.559224071227275,0.12506734458136048,0,1,0,0,2,grocery,0
124.80026353874031,8,2.2865825296264,0.23501327898968108,0.5210587157110573,1,1,1,0,4,restaurant,0
26.423182115877978,9,23.083811634363315,1.6546730375433516,0.6249886630573707,0,1,1,0,4,retail,0
14.500126209745316,13,2.768542322730123,10.313091775043864,0.6529492506831787,0,1,1,0,1,grocery,0
93.21471477448164,20,7.837140206246392,0.1,0.901839099882439,0,1,1,1,2,retail,0
21.970906723860487,22,2.3597706780172523,2.8186264127071996,0.8322647548337619,1,1,0,0,4,grocery,0
1.0,16,1.1580816202799546,0.3891160658298529,1.2456626185183357,1,1,0,0,1,grocery,0
16.574162820093484,13,20.94266133553458,7.221847540201947,1.051299324523462,1,1,1,1,3,restaurant,0
50.905422739130444,8,5.712784434452489,2.8236259108476336,0.7892744187648332,1,1,1,1,2,retail,0
52.60698621642506,15,4.745083208429121,1.6681969818407807,0.6977394612739876,1,1,1,0,5,grocery,0
10.993449930926648,7,0.6177402694557097,1.2166559967597557,0.7596858751774986,1,1,1,1,5,grocery,0
8.521856284124919,15,26.485874103238316,0.1,1.1398261894765962,1,1,0,0,1,entertainment,0
21.665900724224475,11,30.094648716736835,7.141163566093147,0.7584393697512265,1,1,1,0,1,entertainment,0
240.8590856951682,6,5.243638585660275,0.6689479938026138,1.2330478495179,1,1,0,1,2,grocery,0
23.208368567968517,11,1.8215020699223423,4.326864176089692,1.23722846281512,0,1,0,0,2,retail,0
48.6540209567696,13,9.826157276073884,4.969156092155075,0.9174436364020233,1,1,0,0,4,grocery,0
137.07467696563575,22,121.41003172636935,1.9262690156292002,0.8447425834080331,0,0,0,0,3,travel,1
203.37660655208012,14,25.53547508537756,0.9360289166179491,0.82890128345845,1,1,1,0,4,online,0
67.68653804805196,21,9.690394495999838,7.919815218993749,0.9645437189181645,0,0,0,1,3,entertainment,0
36.129595257224835,9,6.871710184631132,11.271885198185757,0.6014089790839525,1,1,1,1,3,restaurant,0
374.0401768629642,9,2.340786422635125,2.4086873192309026,1.1142637552570946,1,1,1,0,5,retail,0
132.33782683865468,1,108.9358634073392,36.405399258033825,3.0598863551116047,1,0,0,0,4,travel,1
2.7198375894782356,8,9.876162055457785,0.4536148221867767,0.8061104592760298,0,0,1,0,1,restaurant,0
98.37623650034459,8,37.14760255323895,0.7700355265413378,0.9684639397527819,0,0,1,0,2,retail,0
123.03488088247295,15,45.97513813030589,0.6207578112709371,0.9389289461746047,1,1,1,0,4,online,0
296.2159885277975,7,9.53594527943078,2.105874748733269,0.6144483144114498,1,0,1,1,4,online,0
48.4111417972235,13,22.74602238971034,0.11729517923484602,0.7666325332657999,1,1,1,0,1,retail,0
23.364383753759558,14,3.3847622233531913,8.8684873562997,1.0988341011874447,1,1,1,0,2,restaurant,0
15.94025120393838,11,14.888161816061894,0.10276862322858188,0.8152352250186333,1,1,0,0,4,restaurant,0
27.342666135351053,8,0.7760801499249405,0.9260099154257538,0.8959597429825152,1,0,1,0,1,retail,0
136.82417717661832,7,23.194174214481325,1.7752538789754626,1.209188478556855,0,1,1,0,2,retail,0
618.1773654365477,22,78.99500455998711,6.1244975867223275,2.0303268484390387,0,0,0,0,14,online,1
15.876037694080376,18,1.705289894150884,2.208197753184824,0.7129591358188698,1,1,1,0,4,travel,0
16.049811635023374,11,10.553604598777547,2.6229143788871916,1.094912805457861,1,0,1,0,1,restaurant,0
544.4600975911426,6,1.9637171356328773,9.553952249479437,1.3558610709130057,0,1,0,0,1,retail,0
15.952711848501885,13,0.1,17.395891869132512,0.44159124710650965,1,1,1,0,3,retail,0
72.67430719900482,18,32.56341077387991,3.561950178423467,0.8984527975675468,1,1,0,0,2,restaurant,0
43.09747381310159,16,24.404888329581873,1.8592095971675864,1.1578014011292306,1,1,1,1,4,retail,0
17.59893215150918,20,16.138816235055998,0.9182904844559596,1.0174464332649047,1,1,0,0,3,grocery,0
72.96518901522042,7,3.4988373842539016,0.6279299225907127,0.920358346759278,1,1,1,1,5,grocery,0
99.0777604447276,17,10.273710401127676,7.77333357352754,1.0874747581623745,1,1,1,1,1,restaurant,0
101.82569472003786,16,27.22736549043123,1.4101700705004667,1.2839969627348364,1,1,1,1,5,travel,0
81.59586507982773,11,19.040939034637667,3.4454377672560628,1.1951658615528424,1,1,1,0,2,retail,0
43.985213823343294,22,0.12051012104702741,3.1623831953579233,0.967891903773961,1,1,0,0,4,restaurant,0
2.1376653493209092,21,3.136979927380283,8.292618763549594,1.183914931289669,1,1,0,0,5,grocery,0
56.21370740034358,12,3.8923084886155657,2.0809159565739983,0.7308256262759469,1,1,1,0,1,entertainment,0
82.72111471235718,7,12.942749144431343,0.1,0.9058647995421532,0,1,1,0,5,grocery,0
172.18567760208003,16,14.690587939378046,2.4821350488171006,0.9601837748738582,1,1,1,0,5,retail,0
148.2871309174337,22,0.40469249423654374,3.754433800831344,1.1569632992198773,1,1,1,0,3,retail,0
100.33777119250041,20,0.6379665193841424,1.1303406899053798,0.9830959878724366,0,1,1,1,1,retail,0
44.105172949676145,9,13.155005175796038,0.3710253847015876,1.1903289295446449,0,1,0,1,1,restaurant,0
635.4506839852727,1,131.64954260746273,1.0,3.289611174445852,0,0,0,1,10,entertainment,1
53.30049658067179,9,1.283144260398468,2.261440799780282,0.839969396914155,1,0,0,0,4,restaurant,0
32.565452863515006,19,12.836482226840257,12.747284766836039,1.5253428204016566,1,0,1,0,2,online,0
33.12372078490591,20,1.235762557743466,2.723935081533626,1.1978550784131394,0,1,1,1,1,grocery,0
49.00336616492638,16,26.198297998549187,0.4161147525398563,0.9313378785636277,0,1,1,0,2,retail,0
31.739938418558612,15,18.921896688904432,0.1876396894073255,0.8005934280878272,1,1,1,0,5,entertainment,0
202.27365451581971,5,122.7120856085975,58.60566363749208,1.166953873955205,1,0,0,0,12,online,1
6.297463175036628,11,17.73135952435869,3.5720476304779507,1.3280153655330587,1,0,1,1,5,grocery,0
107.37397669162634,19,6.8672022890533215,4.542068089738306,0.9264811880944728,0,1,1,1,2,restaurant,0
58.24093847716158,17,9.652038143559384,1.8118693971182145,0.8738218072103138,1,0,1,1,1,restaurant,0
37.149373136062295,22,3.3702922422902324,1.3950336136706292,1.0126778127634433,1,1,1,0,2,travel,0
843.1284111268832,22,35.53482733956067,62.50495812646668,6.199310769588203,0,1,0,1,7,restaurant,1
69.52304008926606,6,14.630943257506976,7.437458198772022,0.6525392186787721,1,1,0,1,4,grocery,0
50.0,23,52.47697873330574,28.20378396289313,4.511513341481692,0,1,0,1,10,restaurant,1
156.34698364102636,20,0.5443379249092687,3.9144443155789603,1.0182820299988662,1,1,1,0,5,grocery,0
13.358422784892184,14,1.8768280903471384,2.0379225061225914,0.6757280793108296,1,1,0,0,3,grocery,0
3.206776739772465,8,0.1,3.2947933327146255,1.389260154978562,0,0,0,0,5,grocery,0
46.786215420799955,10,2.670063518582657,1.9999183347070713,0.7526456296591062,0,0,1,1,5,retail,0
105.51242170040342,13,45.13433816989937,1.2207385591516393,0.8398905037497354,1,1,0,0,3,entertainment,0
82.98690655097305,15,8.90584700657049,1.3219223422441408,0.6113352195801025,1,1,0,1,5,restaurant,0
105.00410907684059,15,14.407360740076857,2.0320003978723276,1.5270732749228142,1,1,1,0,4,grocery,0
230.94342506530623,1,240.37298155807696,14.262760256726633,4.149975622966353,1,0,0,1,8,travel,1
2.640771551743146,19,5.156867806696688,0.5080677463469832,1.0339713567679052,1,1,0,0,1,restaurant,0
274.69599731487955,5,40.65595687012426,20.713466525281028,4.8796932414970255,0,1,0,1,14,online,1
12.666804386375002,14,5.299078543157655,3.0284184273977717,1.0040382894929427,1,1,1,0,4,restaurant,0
257.7817355558559,13,15.278972807698214,1.7305871594135231,0.6515633336436248,0,0,1,1,1,restaurant,0
21.15728733860476,14,11.899329525588204,15.655606942404493,1.2278832673119864,1,1,1,0,2,grocery,0
139.141155722128,9,8.170988828627278,6.033078149395709,1.035005587547002,1,1,1,1,2,restaurant,0
18.787546724435373,12,3.479175715624692,4.248738102934128,1.2396810742285234,1,1,1,0,1,grocery,0
5.38111447034434,21,6.569870213349188,4.680548291143433,1.2165837329305065,0,1,0,0,2,online,0
32.9687300717272,12,4.314122599616745,6.678149164994137,1.3725631946848085,0,0,0,0,3,restaurant,0
42.305645352419674,7,31.488909328020625,0.1,0.6536422457012012,1,1,1,0,3,entertainment,0
341.57094251056736,4,78.00188189909146,109.30215653263981,2.7022782612053424,0,1,0,0,3,online,1
23.338028539772573,20,0.18381948489002933,1.2803639818143062,0.40307647220638076,1,1,1,1,2,online,0
22.562545187636456,18,8.306442841921276,1.0805819329229962,1.3885029856526172,0,0,1,0,1,grocery,0
9.027683135521276,16,10.142168117482273,4.458080881423314,0.866022090922938,1,1,0,1,5,restaurant,0
11.617442586285087,12,25.76428822846555,0.7573707225518749,1.152317315244961,1,0,0,0,4,grocery,0
67.43202900475251,15,16.396130814685243,0.794973072246463,0.4396152514054935,1,1,1,0,3,grocery,0
8.121385722120761,17,3.421517775629578,0.530482626473768,0.5160490877562154,1,1,0,0,4,grocery,0
211.33990762985627,10,4.180920036094979,5.987050443309853,1.2633254318871665,1,0,1,0,4,grocery,0
87.53243069412493,23,44.29856554892779,29.640831577192117,1.467190243169048,0,0,0,1,10,online,1
54.31107917140214,8,2.4291670781186046,9.49828655192163,0.9420905447735562,1,1,1,1,1,online,0
42.64195190285598,16,7.710831068640886,3.5182562817699896,1.2639367349369752,0,1,1,0,5,entertainment,0
50.08059333855535,16,0.34794866670493485,8.139511295637359,0.7766599031324306,0,1,1,0,3,online,0
742.9388471168587,4,13.630495564892835,25.004007346827827,3.4388484033138935,0,0,0,1,13,online,1
39.44755329687148,6,26.90261619864215,25.158484905463716,1.1179758203215384,0,1,1,1,4,grocery,0
131.8968756788133,7,9.948207116291247,0.9820052064093796,1.0422910138342294,0,1,0,0,2,restaurant,0
105.25353392679173,17,19.99940083736843,1.1321387753874461,1.3169938992170145,1,1,1,1,1,retail,0
44.9635655723191,14,0.8115590226161231,3.789503339860125,0.9948613328028025,1,1,1,1,3,restaurant,0
146.02546775640326,4,80.63779529405188,24.311046170373242,4.201208767096889,0,0,0,0,10,online,1
34.990069968087504,12,16.887080993720893,11.333354207301689,1.0774463647242076,1,1,1,0,2,travel,0
343.5208089800613,18,0.11107824147354309,1.4001045358477995,1.2381262715553742,1,1,1,1,5,grocery,0
24.731902113242086,17,34.696841246232054,5.1563411722162735,1.0265685831546,1,1,0,0,5,grocery,0
148.7409006673585,16,1.332157510757099,33.69574192877514,1.215528948936452,1,1,1,1,5,restaurant,0
56.46067910845418,11,18.6314410810397,3.8646394332409355,0.9708977111062469,1,1,1,1,2,grocery,0
118.97588338471856,15,2.870854400924296,6.064138136881132,1.3517970836964583,1,1,0,0,4,online,0
14.677221610460855,22,2.9215655399422853,2.5097475579557615,0.7745469049435612,1,1,1,1,5,grocery,0
37.84956526541897,18,12.973903201427884,3.032211062472166,0.9247908436130248,1,1,0,0,5,online,0
83.58300696794744,15,4.464278872467819,1.4039396373184485,0.7736866014565973,1,1,0,0,4,online,0
683.1534115132928,3,5.0,41.243183857508555,2.9573953957751913,0,0,0,0,5,online,1
54.86117991130353,11,12.300487116350043,2.747611274582285,1.1844852500605332,0,1,0,0,2,grocery,0
123.70796014384844,11,6.092769171331787,0.3619388326393398,0.9639013026975953,0,1,1,0,5,grocery,0
9.896305983732974,13,2.84436766673489,9.941332254663994,1.4336207726424588,0,1,1,0,5,grocery,0
20.030240089105963,7,6.222926146925656,8.211163341810838,0.9694485928419436,1,1,1,0,1,entertainment,0
169.72564314418878,6,25.244067785948772,2.497709771283753,0.7400062297502549,1,1,1,0,1,travel,0
7.086054194065852,12,7.3184903567176365,2.419957199218566,0.7416597270561966,1,1,1,0,3,retail,0
395.26887182979056,3,82.58756623833054,35.98476672687072,6.797084718353142,0,0,1,0,14,travel,1
42.264444519144185,11,4.787529156953659,0.14650696358963566,0.7093624197383928,1,1,1,0,2,entertainment,0
5.547242644211102,6,20.10856661313082,3.675689300043405,1.5094750949051892,0,1,1,0,4,grocery,0
5.368082646102382,18,2.685943068353494,5.9490845377653665,0.49912980132625084,1,1,1,1,5,restaurant,0
2.6563417204502633,14,6.90997689091417,14.347012777507196,0.8409342235993963,1,1,0,0,4,grocery,0
275.01240022698744,7,9.836183936259106,0.7585595559575974,1.3051167011753897,0,1,1,1,4,retail,0
147.42835860184397,1,78.64981834107988,118.33958685922967,5.400891050614438,0,0,0,0,14,online,1
150.90220197801057,3,91.53671710213098,51.445835446503466,5.574668198086757,0,0,0,1,9,travel,1
88.55875924897876,3,91.52098931467172,27.812074644971,6.576146957573665,0,0,0,1,10,travel,1
151.2899833398564,20,3.3420090250094847,1.7998700162807104,1.3161327394578377,1,1,0,1,5,grocery,0
24.50093678657113,13,11.29972739982544,8.282152431660712,0.745573904419668,1,1,0,0,4,travel,0
197.29313700903725,16,4.8678870335983575,12.49155559035464,0.8624025981920447,1,1,1,0,3,online,0
36.55146152835596,19,0.541416572161688,4.670000968578088,0.6056000853184498,0,1,1,1,5,grocery,0
131.1610126685958,13,27.676338001798268,0.35998885166371175,1.471212922879619,1,0,1,0,3,restaurant,0
60.919026996430496,16,4.425433780037492,1.279446072149081,1.2296641970076483,1,1,0,0,1,retail,0
21.298781990890365,18,4.3884085445474,4.901620090316009,0.6661480941164788,1,0,1,0,4,travel,0
97.02213599425447,14,13.068207304142458,17.356884148973514,0.5672116477200342,1,1,1,0,1,restaurant,0
3.55064394238929,18,1.3886030953303765,3.696324567926979,1.277004232529861,1,1,1,0,1,retail,0
825.3809827572378,4,5.0,98.35303924367604,3.475636711814232,0,0,0,0,13,online,1
70.11054116733744,7,13.951442700990082,7.694197658927099,0.9067065612243281,1,1,1,0,3,retail,0
305.2612187315867,4,90.71457549081333,99.69161971152727,2.958879503316376,0,1,0,1,4,retail,1
82.27153176871128,22,1.2758156217510876,7.156513609614422,0.923409689792132,1,1,0,0,4,restaurant,0
111.36031197471382,19,5.265940221056644,10.048865840504027,1.2259040384767972,1,1,0,0,1,travel,0
84.26809085497892,13,13.696248857228433,2.888747228174125,0.7823288555057005,0,0,0,0,2,travel,0
57.630699628997995,22,24.14100632246141,10.55836605800267,0.6806427824275492,1,1,1,0,5,restaurant,0
50.0,22,141.42458384524917,13.545552838982806,7.6679663285140505,1,0,1,1,6,grocery,1
57.87751797016409,21,11.8311529717957,4.245621228123594,1.3916357728953153,1,1,1,1,5,travel,0
68.73925350945247,12,16.613979290945014,3.3378289564134245,0.4616946840321311,0,1,0,0,3,grocery,0
183.6081873303507,6,4.318861667453515,11.510369830111507,1.3022537144186084,1,1,0,0,2,online,0
83.53681903457522,13,17.020978224697892,4.64859076863802,0.4357140845829829,1,1,1,0,3,retail,0
175.0103616398904,14,12.041867355182506,5.290165350915792,0.7237234902777048,1,1,1,1,1,entertainment,0
19.3863004861515,20,31.825103422161895,3.3245503414853435,0.74488026837577,0,1,0,1,1,travel,0
50.31559631705248,2,40.01380147390168,51.46713631323503,3.232367529213369,0,1,0,1,14,retail,1
1.0,20,0.9691939710371589,3.811418033007288,0.735731683686211,0,1,0,0,3,retail,0
178.11268130589974,20,4.63997596780291,5.5387552738009225,1.1659306751917633,1,0,1,0,4,restaurant,0
290.4155500115473,22,3.275149671178426,2.6003144800682376,0.9901807486463813,1,1,1,0,3,retail,0
28.25430800012964,15,33.665333354550874,1.2238476484845242,0.686448157999721,1,0,1,1,5,grocery,0
107.33550030283767,6,1.6604960993652165,5.411229398949046,1.15244516850294,1,1,1,0,3,grocery,0
24.113989673165218,7,28.539092346844424,3.1840129724497745,1.1885966692041596,1,1,1,0,5,entertainment,0
34.13632444756293,10,11.437108383178279,4.338597452256823,0.8377050894168344,1,1,1,0,3,online,0
113.96898028777288,22,7.083386388437667,1.3365886021498141,1.069139646147761,1,0,0,1,1,online,0
5.775198235879152,15,16.892908266135606,3.525824410478492,0.8604809713859729,1,1,0,0,3,retail,0
44.75337115221929,17,4.008630862269192,2.574562544994778,1.035514094820827,1,0,1,0,2,restaurant,0
238.59516749467346,5,133.37002039268748,297.97909992979174,4.326304812914324,0,0,0,1,10,retail,1
257.2361409204806,8,4.06741686150499,1.0239613424985776,1.0420268636278476,1,0,1,1,4,grocery,0
30.309407505925982,21,10.820023032242576,14.742042903795369,0.5569454981328288,1,0,1,0,2,retail,0
21.193149344523533,13,9.20030097031039,20.34839127121127,1.3618562613120893,1,1,1,0,1,retail,0
335.92125799439606,8,1.3203746003187533,16.79900544676276,1.1750949523551124,1,1,0,1,4,online,0
4.818904692714442,11,2.750266583018611,3.961876254247438,1.0422386590621198,1,1,1,0,2,online,0
156.38713257329994,13,14.801995057907899,0.9038312009546102,1.0046000561352852,0,0,0,1,1,grocery,0
241.97962545616411,9,9.36858154628872,2.5948402864190028,1.0787056957692012,0,1,0,0,5,retail,0
32.39813415907463,10,27.414201168448162,0.5680512323338517,1.358994430468075,0,1,1,0,3,grocery,0
74.61642238184362,22,1.4530417568483318,6.095768831615827,1.25533690578821,0,1,1,0,2,grocery,0
72.15983444845475,16,7.067549842278718,7.835789191499918,0.8754239326474469,1,1,1,0,1,grocery,0
83.38055289861559,12,3.232779049078189,0.4955817434069681,0.8331393380512774,1,1,1,1,1,restaurant,0
9.601819903534704,22,2.4526817280554343,2.621272150723834,1.1443685498791167,0,1,1,0,2,travel,0
677.5992760190134,5,40.78380194123792,41.257718546670446,3.10799799707031,0,1,0,1,11,grocery,1
41.62231452467488,6,0.1,2.0045944613880855,1.1016711792328304,1,1,1,0,3,travel,0
62.79958308364406,9,2.0475330250331916,3.538763695045012,1.0493688788096747,1,1,1,0,4,grocery,0
148.0272814608876,0,68.07910352009404,9.60532463009374,2.446109836924043,0,0,0,1,4,retail,1
52.65719511039245,16,19.741390399167354,0.1,0.7676238279205077,0,1,1,0,4,entertainment,0
209.4215332978975,20,11.475235920083556,9.49980548471399,1.2008175459182442,1,1,1,1,3,retail,0
90.48355594272728,16,0.5512540758890238,10.509792172485819,1.1155494595827704,1,1,0,1,5,restaurant,0
35.60719673422463,10,2.1378840716637195,2.7675414069315405,1.406805547826031,1,1,1,0,4,online,0
81.83155581954105,21,12.933705305428386,3.3425403711095303,0.9535061380389008,0,1,1,0,3,grocery,0
283.3975938097803,6,9.125562488735158,5.410769572825274,0.9196460752659095,1,0,1,0,3,retail,0
91.8117383619504,11,8.546742410179522,4.4308554305874885,1.0678294380388116,1,1,1,0,3,grocery,0
83.0872788067413,11,16.264699955680225,7.944392511623207,1.1343725434199587,1,0,1,1,1,restaurant,0
193.6379019912255,20,4.778013586887524,0.2710761526584354,0.8687015938640554,1,0,1,1,4,retail,0
78.1075585073374,8,32.123030832963956,6.086622123670303,1.2553185538375613,1,0,1,0,3,retail,0
16.05360391441749,19,0.846809209624124,1.3425406689282062,0.7483231286149261,1,1,0,1,4,restaurant,0
3.176639497109332,12,18.28800938447499,10.152601565088501,1.159338234476504,1,1,1,1,2,restaurant,0
42.596551856705574,12,7.298204022299127,9.198602641223646,0.7665371604040307,1,1,1,1,4,retail,0
102.13915468413805,12,17.789693487521355,5.370421265256545,0.9274017923625313,1,0,1,0,1,retail,0
7.8583828248995715,21,23.538281357213357,5.519451520678608,1.4096279715758115,0,0,0,0,4,retail,0
20.663588186668104,11,5.146850560009652,0.31040925439637185,0.8176665606028484,1,0,0,0,3,restaurant,0
135.45024252282906,19,3.863827949779586,1.118825413906083,0.8097830930834163,1,1,0,0,2,retail,0
47.880932627670454,20,26.164833294059363,3.311405413518777,0.8973280240082326,1,1,0,0,1,retail,0
2.0540331802222194,12,18.48039097091861,9.951922710937827,1.1458765223155227,1,1,0,1,3,online,0
110.8587394534654,20,3.298397546794774,7.991944956086549,0.9660172523315755,1,1,0,1,1,retail,0
8.515831359225066,10,5.19440018615292,1.6070002627395532,0.7510206639717816,1,1,1,0,4,restaurant,0
8.352976105125634,9,1.663289079446415,20.048882052640682,1.4051335757842307,1,1,1,0,3,grocery,0
2.504775313131453,18,4.885684800142551,3.3505666326063217,1.2062915670512935,0,1,1,0,4,grocery,0
26.9170265112551,19,10.2485952427506,2.8588627220291762,0.8367624005662917,1,1,0,0,3,retail,0
286.7908371947963,3,26.829422790601257,58.19339023693541,3.133206786601478,0,0,1,1,8,online,1
28.525927061765888,21,0.9982338702491242,5.20496206257228,1.2284183972694511,1,1,0,0,3,travel,0
17.37719162601908,10,1.912381566688033,0.1,1.4380520409896458,1,1,0,0,5,grocery,0
110.38531090337213,10,26.369495058523732,0.5384606683385413,0.7729008247973675,0,1,1,0,1,grocery,0
60.792867535065305,6,0.908053727869531,7.417970114849739,0.8572615088082317,0,0,1,0,3,travel,0
12.371667004055498,12,37.72881237925775,3.106070608597471,1.190553387260649,1,0,1,0,3,grocery,0
83.46632956208151,9,1.9935415935752274,3.402820016476179,0.4154080848805385,0,1,1,0,1,grocery,0
51.31054003668356,9,3.5834138453884123,9.047633833799347,1.09239329376164,1,1,0,0,1,retail,0
28.11880205015442,9,8.781317940814118,4.858584279585003,1.3470867672552471,1,1,1,1,4,retail,0
1.6904969644900447,16,2.9071818263332414,11.55075699727501,1.347885242509051,0,1,1,0,3,grocery,0
148.9741645147947,14,17.108342997635297,1.2443003634972407,0.6169955804509721,0,0,1,0,4,retail,0
212.92982936898204,6,9.519578452747933,1.7429943188755939,1.283418448088283,0,1,1,0,2,travel,0
31.82270522658922,8,0.956768805559209,5.307059521876971,0.8338673235671727,1,1,0,0,4,grocery,0
50.147653801919994,11,2.7336695631465515,2.6297059617014655,1.0636876979241834,1,1,0,1,2,travel,0
1.0,16,3.2761047084905837,8.752318800906512,0.39754005677019777,1,1,1,0,1,restaurant,0
50.0,2,94.7691285576618,57.07189300294683,5.226008073854965,0,0,0,1,13,online,1
170.272397458516,9,2.7989926216974235,7.430628094699362,0.9691893610285299,1,1,1,0,1,grocery,0
119.6405616801641,16,41.79731842363615,0.30907494295075433,1.1325844425485259,1,0,1,0,4,grocery,0
40.2194576465094,16,16.05863347149987,4.752697933298467,1.0485913393992474,1,1,1,0,2,grocery,0
50.0,2,81.89207917177521,36.17101190888142,4.119680903156097,0,0,0,1,8,online,1
1.0,18,11.21502769266254,6.063168619428008,1.5182897272354081,1,1,0,1,4,retail,0
40.36654839151046,19,5.289586086371925,8.559113859222695,0.7402137681141352,1,1,0,0,3,entertainment,0
124.26250747309611,20,1.693063352023688,6.051931525712565,1.094157173732236,1,1,1,1,5,entertainment,0
4.505451939463503,11,11.127133360813222,3.4610920374564644,0.6305356418893213,0,1,1,0,4,retail,0
5.400383272529097,12,12.624353207970815,5.275532000848292,0.94127247790155,1,1,1,0,5,retail,0
72.69462433762706,13,0.5012369390555045,30.46873002583373,0.7824457352930206,0,1,1,0,3,grocery,0
197.97846226563692,11,4.34788896319313,8.584517485824065,0.47121049290823824,1,1,1,1,1,retail,0
342.65090982171006,5,131.37217650258162,4.0341446434726365,2.9619373668014415,0,0,0,1,13,entertainment,1
12.35298736357575,18,0.5845650933166728,7.802400876761883,1.2054568237838732,1,1,1,1,4,retail,0
23.775085509288857,21,8.616162190458866,1.7794841356172462,1.2183004525906658,1,1,0,0,5,grocery,0
37.897552844761286,12,0.2238791246886278,5.827771119622163,1.0095834256807887,1,1,1,0,1,grocery,0
35.29440940397762,18,34.78346930180142,0.5306969702214499,0.9192343686799704,1,0,0,0,3,grocery,0
482.7927014188508,4,88.90328922042096,22.393382270723126,3.377882486016103,0,0,0,1,4,entertainment,1
641.0316365075993,0,5.0,18.39058661035314,1.607740818746532,1,0,0,0,14,retail,1
582.5086370561423,3,140.9010885898261,91.17026841064434,5.258545552497406,0,1,0,1,9,grocery,1
8.379202678789706,19,5.990892182804469,8.694598308989413,0.6182138257051502,1,1,1,0,3,grocery,0
33.28817101043837,12,46.80315216877456,1.6560873724151801,0.8061030710218849,1,1,1,0,3,grocery,0
51.07794985897843,19,14.735778476206766,0.38657663117226454,0.7885151865831729,0,1,1,0,2,travel,0
11.234318099266162,6,0.8533908204817132,0.7189232474078867,1.103350871132878,1,1,1,0,5,retail,0
40.733187472721085,13,4.589761839833532,1.21951887257632,0.9866112333850552,0,0,1,0,5,grocery,0
75.21497886754057,14,2.6845474750710556,3.9305895257367283,1.1883105299307426,1,1,1,1,4,grocery,0
122.50126434864487,15,3.5918889734500365,2.4087383455656157,1.3195256789546277,0,1,1,1,3,retail,0
3.060078985797607,12,1.5235050302809017,0.5372625558746201,1.3178202694536587,1,1,1,0,2,retail,0
5.892383240578889,12,22.036131088424685,1.0677774936670839,1.1545960931849155,0,0,0,1,4,entertainment,0
87.20311064498291,3,62.38659440623558,24.13043694235603,3.142497652067116,0,1,0,1,12,travel,1
8.909680567265966,12,12.451731094715479,2.4297719240186284,0.9184230237637833,1,1,1,0,5,travel,0
8.28635929554716,21,10.293083625377864,0.63211957417744,0.559136444524317,0,1,1,0,2,restaurant,0
8.337215823557761,12,3.6203187043971785,3.2311557095955106,1.2433581475920172,1,1,1,0,2,grocery,0
1.0,13,60.75516732365256,1.592005812831864,1.2259892635528833,0,0,0,1,5,online,0
117.1394798198144,18,23.495825315150643,1.552788274899578,1.2349453421027485,1,1,1,0,3,entertainment,0
178.8125510715323,1,8.09597306052678,134.81314395271303,3.977789035430253,0,0,0,1,11,travel,1
72.39143506076148,13,5.680155797456921,4.670495161836328,1.457264659478916,1,1,0,0,3,retail,0
18.333172251328563,20,17.06776529696797,1.365805950715019,0.9920356835887467,1,1,1,0,5,travel,0
105.00496236287943,11,9.491364201079982,10.975643183896073,0.2666263294795248,1,1,0,0,3,restaurant,0
226.40701741480433,14,3.312892885283409,1.6457157577464354,0.526341089305268,1,1,1,0,4,restaurant,0
44.617510628476886,17,20.38867966265453,0.39333653058897694,0.45762537241470524,0,0,1,0,2,retail,0
1.0,20,7.462706291390364,5.30248735220875,0.8971475313671415,0,1,1,1,1,travel,0
30.56524603718652,19,1.4513509200848371,1.3449100608112454,1.3143164540099217,1,0,1,0,5,entertainment,0
95.33423597505896,20,6.02850733732064,5.174818374784524,0.8138651459783758,1,0,0,0,2,restaurant,0
712.490096403728,23,262.81528213504305,97.65950837867537,3.458990107834413,0,0,0,1,12,online,1
29.876966932019453,9,1.1623885662874094,2.100445848827968,0.49507161807354383,1,1,1,1,1,retail,0
330.7016423305419,11,3.6220659246152738,0.6825888528745323,0.8508276751412038,1,0,1,0,2,grocery,0
371.4743278648721,0,51.57143757412085,44.37925160774742,4.0392390483808,0,1,0,0,14,entertainment,1
4.278172601167282,10,21.930685054706412,7.886901836954831,1.4081053494974576,1,1,0,0,1,travel,0
10.784548786434456,12,17.367721327260767,2.272913804185172,1.0652575244948586,1,1,1,0,2,entertainment,0
224.40755354332657,15,7.497723984732598,4.907654529473862,1.1723896856116747,1,1,1,1,1,restaurant,0
50.0,4,96.95547045283769,2.9121282930973624,2.8043827353789936,0,0,0,1,12,travel,1
97.41987656000018,21,2.2410982845266414,12.111425053668672,0.5986728431801667,1,0,0,1,3,restaurant,0
104.21991427938529,7,8.062933268491808,4.900616872652357,0.7492836531911535,1,0,1,0,1,restaurant,0
86.76961240684145,6,4.791991890867484,3.1054277774240235,1.3746442386797861,1,1,0,0,5,travel,0
41.44396806483195,8,4.936330147018012,1.864912238188856,0.9758470393166458,0,1,0,1,4,grocery,0
101.15382891352424,13,22.85463164485175,1.1689550423280686,1.0377251680093467,1,1,1,0,4,online,0
192.60481525410972,2,95.01085805179125,84.8039820117185,3.790888221128794,0,0,0,1,13,online,1
63.61403959362806,1,28.73524000235765,215.68744613281848,2.1111033941459483,0,0,0,1,6,grocery,1
30.91928761096316,13,10.458361437632608,0.1264404515635899,1.1422361239405832,1,1,1,0,4,retail,0
9.999886032267572,9,10.09932224222808,1.1633106154619464,0.8119994331657366,1,1,1,0,3,restaurant,0
57.385129938910794,14,5.138625757805072,3.404873632299559,1.384583790080347,1,1,1,0,1,retail,0
46.4934014450597,12,5.461505204474303,1.8818481482855753,1.0389656873993078,0,1,1,1,5,grocery,0
41.2948981103094,20,4.663729558586155,2.9549282482499413,0.7138141300245044,0,1,1,1,5,grocery,0
462.60476361762295,1,5.0,5.67212197402795,0.5,0,0,0,0,9,entertainment,1
19.64962184558242,22,14.657579710392197,0.1,1.2011290530427672,1,1,1,0,4,restaurant,0
44.78754806241429,9,3.9652351566107096,2.9268650230880517,0.8212727206244366,1,1,1,0,3,travel,0
6.043687162063771,9,12.56256523503557,7.588004301816458,1.1071476321823477,1,1,0,0,5,retail,0
58.82683426068529,20,0.49634614365274143,2.2509734704290123,1.0421514616885699,1,1,1,1,4,grocery,0
45.8465017573209,17,10.602460721777005,0.1,0.631359489383934,1,0,1,0,2,entertainment,0
65.14215721656912,19,12.438285704037375,4.659159699365885,1.0839619094430584,0,1,0,0,1,grocery,0
44.71722605213726,20,0.15222725574830337,4.282664218140793,0.9931140460543331,1,0,1,0,3,restaurant,0
4.1016975628901475,13,35.873598765981356,0.7229802318216796,0.6867804111940747,1,1,1,0,3,grocery,0
83.68804864270138,22,2.3015515179311787,18.569984506420873,1.0171162569943188,1,1,1,0,1,travel,0
182.1682429409145,6,0.5935027717800833,35.91477934736591,0.8389577991708878,1,1,0,0,5,grocery,0
55.550961080250154,6,7.202972345451554,2.694352054981704,0.6073844760844648,1,1,1,0,5,retail,0
123.85687377537478,8,11.222738795355372,7.345850228934335,0.8112248029173615,0,1,1,0,1,grocery,0
148.57012523336732,22,18.322116393100096,2.7566763116936355,1.2224897734357982,0,0,1,0,3,grocery,0
19.359649059523786,7,17.775972932733083,0.3890976465407957,1.0780001982627896,1,0,0,0,5,grocery,0
275.84658729606406,12,16.26703961966166,2.34891106601453,1.5410125946169315,1,0,1,0,2,grocery,0
95.57709933987039,10,26.587398262730943,4.3380821498964535,1.0030508825104405,0,1,1,0,2,restaurant,0
6.686183645180783,13,11.919166622717057,0.4551330657574333,0.822315671177726,0,1,1,0,1,retail,0
20.46001152270126,7,22.085542876186572,1.4212753240660125,1.3816219428534986,1,1,1,1,1,restaurant,0
272.5745408957588,9,3.079440042595565,1.8012825767829397,0.9541403664186514,1,1,1,0,1,grocery,0
8.94575389984733,6,2.0097560139215913,8.167613138040469,0.8732992626570542,1,0,1,0,4,restaurant,0
47.878027833616976,20,1.263070876799912,6.393395022910938,1.113008328635275,1,1,0,1,3,retail,0
427.21008146567,5,36.59453182134528,16.67619083607429,2.5089498397075487,0,0,0,0,9,grocery,1
125.04771953258862,9,2.1753753219012593,2.828072212902644,1.067437462040386,1,0,0,1,5,entertainment,0
49.814209201355794,16,4.404089247195605,3.033395530333105,0.4684764028231986,1,1,1,0,5,restaurant,0
133.6481170601462,7,9.684761716366479,1.8319674803787507,1.3840713677370824,1,1,0,1,4,entertainment,0
4.556094612829128,12,0.9537701530730901,0.30566261782398807,1.1118252079182633,1,1,1,1,1,retail,0
48.0803756969674,16,1.7298774405951445,14.805889517867936,0.37556570438091064,0,1,0,0,1,restaurant,0
112.91703233143284,20,11.160669446124432,5.439416927393785,1.2383402502364986,1,1,0,0,1,online,0
53.13068869574789,22,13.514505795813696,6.860790414385914,0.7393283481614135,1,1,0,0,1,grocery,0
226.87213053142403,22,2.628799629672037,5.293774333768393,0.9570800590685329,1,0,1,0,4,grocery,0
106.31105259818315,13,13.621213408308158,5.707124948632432,0.9935312980736306,1,1,1,1,5,grocery,0
70.50779022458326,18,10.236904344484374,4.195470686745249,0.8575366288516559,1,0,1,1,2,retail,0
55.763646377352615,10,0.2020797715402594,1.078147708396747,1.117338449674404,1,1,1,1,5,travel,0
47.56134288681192,19,9.242250256420556,1.9953734576811248,1.2438478817055407,1,1,0,1,2,retail,0
200.0574462279589,5,117.75321999412358,76.88428862203274,1.8086100978678692,1,1,0,1,12,restaurant,1
18.229019449073046,16,2.774752512824214,6.754505809827847,0.7319258158560334,1,0,0,1,4,travel,0
59.73970537217636,15,0.9929976803896947,0.5386003712970349,0.9193663491603165,0,1,1,0,2,online,0
42.35931375348491,15,2.042788495431779,1.7207546657272346,0.8159347404200474,1,1,1,0,4,retail,0
346.40619418374473,0,17.826286298936516,103.13832220054036,3.7713492995270292,1,0,0,1,9,online,1
42.372202896392075,18,0.9484520895453464,2.6016150144909083,1.4940156166934806,1,0,0,0,4,travel,0
64.81058885492064,19,3.163854619906379,11.175330098994207,0.5791253432515107,1,1,1,0,3,retail,0
192.26910750440456,11,4.005832444930083,12.505704260485643,1.2051718334069108,1,1,1,0,4,retail,0
18.2975627064757,18,18.72310879080245,4.325251954635984,0.9831244590551693,1,1,1,0,2,grocery,0
66.29817488594017,22,50.23219915377713,2.6530122535707745,1.397013843670168,1,1,1,0,3,travel,0
134.01754895831036,16,13.702903428873363,0.7646056870140934,1.284965361859736,1,1,1,0,2,retail,0
39.68567250907788,22,21.738523099383702,4.587279717050686,0.9159834427190258,0,1,0,1,5,travel,0
76.18843530237416,10,17.491717555766794,1.522397943934507,0.585215701433259,1,0,0,1,2,entertainment,0
68.15978328442111,13,6.378916236383812,5.347629331693459,0.948291785101197,0,1,0,0,1,retail,0
280.043056522277,16,9.239557026826002,0.7278432741501346,1.1668699644976865,0,1,1,0,4,retail,0
28.30315579308046,8,3.3030401302602157,0.6034141997732522,0.9574020599497992,0,1,1,0,4,restaurant,0
191.07626911564483,15,2.396830784518445,3.4013140714222945,0.868070111014474,0,1,1,0,1,travel,0
139.76321280828128,10,1.7025545577514765,1.8062948253839464,0.8485106654375513,0,1,1,0,5,restaurant,0
16.42887869421513,13,6.880335843533695,0.3362494196555088,1.1719879168495646,1,1,1,1,1,grocery,0
2.8228434796261204,20,11.695056590872671,6.83704612701069,1.2083593779467434,1,1,1,0,1,retail,0
139.28370034893655,3,112.60740267899632,21.357327434682986,0.5,0,0,0,0,14,travel,1
220.98373985798514,14,15.966546199078653,0.6754808032450927,1.1553306784752695,0,1,1,0,2,travel,0
220.10347766456334,17,24.56102031026626,1.2605403565021533,1.0685690248342126,1,1,1,1,4,restaurant,0
441.9729504836061,9,0.9496408602401035,3.2314900934827406,0.796265446238502,1,1,0,1,4,restaurant,0
82.18485548541639,6,7.073427811087417,6.68475622594635,0.8114131550311134,0,1,1,0,2,grocery,0
71.95893120610721,18,5.200769884071702,8.815468864054388,1.0244114941762565,1,1,1,1,2,retail,0
413.80956371131214,19,3.4382983324720513,13.032187115209943,0.5205036436248851,0,0,1,0,5,entertainment,0
51.70385546332942,17,13.366271840223831,1.92765712760071,1.3731535677273223,1,1,1,0,3,retail,0
4.685058646209695,15,2.7427114763577403,1.7448961545951485,0.7961026317087938,0,1,0,1,3,grocery,0
131.71373646843134,8,1.0115353482729947,0.1,0.9055809302059733,1,1,0,0,5,entertainment,0
89.55013968283038,10,14.53666279589135,4.065015215112712,1.4112867803457636,1,1,1,0,3,travel,0
7.94641829083721,15,4.179168891996309,4.418110371165315,0.711110367748023,1,1,1,1,2,restaurant,0
106.80970437988262,7,21.300621232245703,8.78177738666899,1.2406089805812872,0,0,1,0,3,retail,0
48.714775028782,8,0.26691778884571926,18.1680855325606,1.2611545477920905,0,1,0,1,4,grocery,0
24.528750570694466,17,26.791671504927788,4.127923656001136,1.3276316319275427,0,0,1,0,4,restaurant,0
378.355574887425,10,1.6006445752776144,10.620447285540903,0.8974650585194365,1,1,1,0,5,online,0
41.90990179918333,10,5.911937085867488,18.078494905546133,0.9914221321183992,1,1,1,1,5,retail,0
264.83377768077105,17,9.093466334952897,3.5634865606682435,0.6760254833324975,1,1,1,0,1,restaurant,0
1.0,10,17.515815238719384,5.735772831477345,0.6208573672878196,1,1,0,0,4,grocery,0
22.908900793674785,18,22.11068227399705,3.5059013022894963,0.8401118194792192,1,1,0,1,4,grocery,0
49.233293720479324,14,29.174362220164124,0.1,1.1636508752064743,1,1,1,1,2,grocery,0
120.64152171213097,23,140.96767000074573,18.228814788796917,3.6947097880847752,0,0,0,1,7,retail,1
112.28011607962735,8,9.303355933914526,0.40891276442296426,0.9454894143227623,1,0,1,0,4,travel,0
165.8592801839133,18,5.138054676988987,5.495733550755166,0.18586648148307694,0,1,1,0,5,retail,0
45.223262935862564,14,10.56236781250325,0.1,0.9085547269685744,1,1,1,0,4,retail,0
39.67927880187006,9,4.325349324320094,0.837071796116925,1.168705874116849,0,1,1,1,2,grocery,0
99.62166126820946,17,3.295816018323778,3.4325147119897133,0.8026367748205195,1,1,1,0,1,restaurant,0
134.91636554783386,20,34.23013256691244,0.7779219749961412,1.552121129506825,0,1,1,1,3,grocery,0
75.45597259434852,8,3.2210193977456383,8.980054761528999,1.1718727425079778,1,0,1,0,2,travel,0
120.32236112975696,1,40.238174029838945,10.031152080182277,3.1514792329200376,0,0,0,0,5,restaurant,1
30.13599488167062,13,7.659979132898038,7.898433165624218,1.1269500945564117,1,1,0,0,1,grocery,0
16.851237694340064,11,7.10648706884356,3.09179780977452,0.894310640054912,1,1,1,0,1,restaurant,0
25.640138405350502,19,24.65635059286353,0.7679256209992416,1.3578153582619739,0,1,1,0,3,travel,0
26.523703487589124,22,8.452981823808628,1.7433946930981536,0.9588031207679193,0,1,1,0,3,retail,0
128.075994584679,19,3.2954898874927934,2.3978475657408884,1.2703539596534266,1,1,1,1,5,retail,0
21.535829589947827,7,62.818788413876014,4.057810079091403,1.45664780720618,1,1,1,0,5,grocery,0
35.39273656494135,13,23.692198734695577,7.772357861622875,1.2399271335831845,0,1,0,0,5,grocery,0
178.39815796906106,9,13.470949505359911,3.947395004431696,1.3471894779416538,1,1,1,0,1,grocery,0
49.54953953834207,6,6.168917131453437,1.3222223405156888,1.1407535401120854,1,0,0,1,4,grocery,0
3.270686300879918,10,12.27474074881032,3.126231317450835,1.1356838822678634,1,1,1,0,1,grocery,0
57.73944465742442,13,17.114587039926185,1.423569318495913,0.8736582358514297,1,1,1,0,3,grocery,0
22.07769591524977,9,6.512289140696922,4.518805539393784,1.0841997650353479,1,0,1,0,3,retail,0
21.584743677990048,6,23.931847530329758,1.2298200947708264,1.1757701652748174,0,1,1,1,2,grocery,0
92.91505050577906,4,83.29877708339923,37.080575130148205,4.5215888144161545,0,0,1,0,13,travel,1
41.749649981899694,17,0.32068283891536126,0.3999705328844557,1.493029910212995,1,1,1,0,3,travel,0
87.89910902941247,10,7.589817077793311,4.185083733538127,0.10452263571807208,0,0,0,1,3,grocery,0
54.67896354496627,13,15.137449836393795,6.333573944524504,0.8778377084448441,1,0,0,0,3,retail,0
22.15449042473638,16,44.89342901132987,2.212679931217449,1.588052285797414,1,1,0,0,4,entertainment,0
9.72710891654504,16,11.773383842276528,8.805236772301532,1.5306773137034435,0,1,0,1,2,grocery,0
64.62742495339653,13,0.1,8.530152470167076,0.6441126952567819,1,0,1,0,5,retail,0
84.31109071888216,20,19.27093995882534,6.391517834639928,1.0662168067250257,0,0,1,0,2,grocery,0
120.36217382610447,7,3.2663129465370737,13.378253946173349,0.36544762281133625,1,0,1,0,1,grocery,0
26.925537524806074,22,1.0348611814697088,2.6886031866441162,1.4527282414112637,0,1,1,0,5,grocery,0
746.758963942579,23,5.0,28.663868362899265,4.1674659012183,0,0,0,1,14,online,1
12.325380753549553,6,36.40443914454962,7.5871697264428315,1.2303560368605424,0,1,0,0,2,grocery,0
34.66595264723034,15,24.58947787628209,12.7968305540451,1.1766290106572017,1,1,1,0,5,restaurant,0
63.253487611581825,15,0.5555456318231203,3.071833013937015,1.111151060804635,0,1,1,0,4,restaurant,0
62.25556736389795,14,7.63809670232194,0.1,1.4133770335274785,1,1,1,1,2,entertainment,0
30.719793931451775,12,0.7503203402159955,11.013352454337964,1.5536668056984688,1,1,0,1,1,grocery,0
164.12157844166504,8,26.973627732143992,12.108834715948193,0.8403007636958235,1,1,1,1,2,grocery,0
63.001361935376366,16,0.3277153865325358,3.2160485543652957,0.5988842275879637,0,1,1,0,4,restaurant,0
88.79991429841235,0,5.0,47.623594770102635,3.2423966214064355,1,0,0,1,8,online,1
19.305261940677813,12,1.4208995960255246,9.689819822851833,0.5593554380111798,1,1,1,0,5,grocery,0
35.04673667495194,14,4.180550903037436,0.4705586618471597,1.476286298559372,0,1,0,1,4,restaurant,0
136.28384252158116,6,0.1,0.2293892640770852,1.4599087701548574,1,1,0,0,1,restaurant,0
16.01624026322182,12,10.62984119559581,13.909984969073383,1.221216252793284,1,1,0,0,3,grocery,0
35.332495345608535,22,9.723958114748497,1.171785175997092,1.39668518240064,1,1,1,0,4,retail,0
131.07413474920952,15,30.7551107334504,1.956151373490235,0.9006649123885961,1,1,1,1,5,restaurant,0
10.834048930896483,6,4.001091155100801,3.228930124975114,1.1417503407951366,1,1,0,0,1,restaurant,0
49.381241546198964,11,7.043990494619194,2.954313999236196,1.4657376071588737,1,1,1,0,2,retail,0
50.0,2,33.62048386118511,148.62821056562942,1.2702438298061445,0,0,0,0,11,online,1
324.7469596167458,8,1.3800429989796126,3.2428627028993287,0.867024382484155,1,1,0,0,4,restaurant,0
46.92782516584045,17,6.024216101104713,2.341926976692412,0.8900346254307846,1,1,0,0,5,retail,0
136.62592643242823,15,0.948821591623648,0.20086378929702536,1.2811516818662594,0,1,0,0,1,retail,0
9.0374609909454,13,10.189256013902725,1.6958936839685603,1.0588311499477003,1,1,0,0,4,entertainment,0
14.573422785135644,8,3.842330152985565,3.040252564509711,1.1084031015711664,1,1,1,0,2,grocery,0
23.706946540498738,6,10.243337199165252,2.547320222089186,1.2279070083814112,1,1,1,0,5,restaurant,0
7.079252938294519,6,1.162842912746093,10.172664822870248,1.4686037130877767,0,1,1,1,2,retail,0
25.775993924570408,17,10.011665125607347,1.5078137164970837,0.6041190795087579,1,1,0,0,2,restaurant,0
81.78787812145404,17,18.38527354353215,1.0978293060458706,0.8637183578881702,0,1,1,0,5,restaurant,0
14.791750162216932,21,13.562556075593816,0.626627455302738,1.6323736292108824,1,1,1,0,2,grocery,0
46.41391295183226,16,58.90740534971159,1.9793994713847223,1.069115375873633,0,1,1,0,4,grocery,0
43.352704259984314,13,4.5910362270562315,0.46973288686687353,1.0472272418061008,1,1,1,0,1,entertainment,0
161.30544952199958,15,14.462629213413873,2.5695487214358708,1.2131456580542057,0,0,1,0,4,grocery,0
231.6092690796259,14,0.1,0.5111923915721975,1.0022457810204566,0,0,0,0,4,restaurant,0
2.580681723248385,8,11.13722524870832,3.935426057583768,0.9851153497819534,0,1,1,0,2,grocery,0
169.67382531917934,22,0.805836392278766,12.888881863416742,1.0851200109430912,1,1,1,0,3,grocery,0
36.617892776196285,11,2.676651532779195,1.8726552440205613,0.3396574887499203,1,0,1,0,3,retail,0
15.012699871361939,19,14.670940925390463,0.2933519471394474,0.9360623265037216,1,1,0,1,5,entertainment,0
260.3946924723257,18,22.282189514076794,12.389694043251527,0.7988489574992701,1,1,1,0,2,grocery,0
110.70202265938518,18,25.33459503360952,1.7842671428510597,1.140199246807763,0,0,0,0,1,grocery,0
21.223456267212892,10,7.155772669647586,4.208178107166033,0.998543867675793,0,1,1,0,4,grocery,0
183.1252935865291,12,25.98987839338324,1.3219118885928502,1.5158769764559885,0,0,1,1,3,restaurant,0
346.78668674563147,22,2.255240742618633,8.918772211974714,0.9439432576005555,0,1,0,0,5,retail,0
9.411695830741172,21,5.638631438138409,6.01329746277448,1.4478266060896072,1,1,1,0,5,restaurant,0
204.67296289294455,15,2.480548824666228,2.5953903626101082,1.5577456650568884,1,1,1,1,1,grocery,0
35.0243804767565,10,5.037682611135482,0.2973062750878228,0.8440934289471761,0,1,1,0,4,retail,0
96.54901066736777,14,4.271785696883396,8.42035223971856,1.4207021959624555,1,1,0,0,5,grocery,0
2.336401714567575,12,2.8197186341761498,17.60037769897214,1.00340424309274,1,1,0,0,4,restaurant,0
1.1974063965372026,10,14.344284276697628,1.6598924246895408,1.0699546855351503,1,1,1,0,1,retail,0
215.72931575174593,21,6.086650010795827,4.769150287146339,1.176007064966154,0,1,1,1,3,grocery,0
47.23319899165668,7,25.63012182259184,6.280690745172789,0.9748114488993682,1,1,1,0,4,entertainment,0
70.69967019097164,18,6.291556187500044,2.34850342702128,0.6306902560227514,1,1,1,0,2,grocery,0
2.5368867110252524,18,8.188639926747086,1.022156093246868,0.7551837823277618,0,1,0,0,2,grocery,0
134.12563211881317,13,10.333249265832944,4.881637418511437,1.1840484807145963,1,1,0,1,5,retail,0
31.83012861304909,19,4.8849086915284605,3.658340737327145,0.7411506498144826,1,0,0,1,1,restaurant,0
20.00405551910297,11,13.484768325701893,8.714847354309349,1.2754570336060618,1,1,0,0,2,grocery,0
47.35049480688709,14,1.936912574983725,1.5914869521472768,1.0239937755720776,0,1,1,0,4,grocery,0
142.50066839188216,20,6.278406930764444,0.5397102108333041,1.0069461335079957,1,1,1,0,1,grocery,0
89.58166497996456,7,5.077458443827889,2.1285205372776765,1.2432989382850261,1,1,1,1,3,retail,0
110.9886385855838,6,0.149140869789637,5.0037622338838155,0.9839017457314669,1,1,0,0,4,grocery,0
77.3200227604611,8,4.8404632721461525,1.9756689474756928,0.6520374896056131,1,1,1,0,2,restaurant,0
22.027897941934917,9,30.63505691278365,3.834177649033117,0.684694616574151,0,1,1,0,5,online,0
95.52595402413385,15,8.427889971523818,0.6868340489756608,0.7044359387812792,1,1,0,1,3,restaurant,0
1.1290918516123474,14,6.686513120028138,20.248654681835802,0.9968732211462173,0,1,0,0,1,retail,0
139.29183303555814,13,9.566844729632946,3.7027969155698686,1.2069773517888438,1,0,0,1,4,restaurant,0
28.653636685571104,8,8.555599640510685,0.6105682476296602,0.8333488799536019,1,1,1,0,4,retail,0
32.904067081376226,14,0.20133492488145066,2.000172181940282,1.072201166066373,1,0,0,1,1,grocery,0
5.605335417561305,9,3.093657886686466,6.530075242950692,1.0910636316494022,1,0,1,1,4,travel,0
13.045975748486306,17,10.434737138366044,1.8409253580873939,0.6235182875393014,0,1,0,1,2,entertainment,0
12.896928666809513,17,2.4843197595329634,4.438136873529453,0.9896871197461152,0,1,1,1,5,retail,0
28.2568437451108,18,5.955920469635631,10.396501419489674,0.8499158004570854,1,1,1,0,1,retail,0
51.13542862085946,19,14.829457943076816,1.103438630753368,0.8605776616344303,1,0,1,1,4,grocery,0
26.700974420936312,14,5.849356900388113,2.6084361595157213,1.1039719203376956,1,1,1,0,2,travel,0
67.94363371593383,21,13.175318160682751,2.7892275355137834,0.7339745986649615,0,1,1,1,2,restaurant,0
129.44926980773806,21,17.42034183299911,5.200603119170307,0.9993776582770463,0,1,1,0,4,restaurant,0
50.0,22,92.21282772960066,62.94703267216166,6.592587947069388,0,0,0,1,7,online,1
240.039252249821,21,8.473445148876914,3.739056329129096,0.7478123304899507,1,1,1,1,3,retail,0
17.198876017467512,11,1.5020058875172673,0.1780388842689304,1.5263462458341817,1,1,0,0,4,retail,0
40.57811874262803,14,20.980633793289705,2.5191172084121725,0.7150553785145574,1,1,0,0,4,retail,0
222.94053596634643,0,63.53293234239033,16.839851540682467,3.5568679312524285,0,0,0,1,8,online,1
18.278267276320022,6,2.75259851026945,5.749299060734698,1.307853301877383,0,1,1,0,5,restaurant,0
51.27624917622509,19,19.011316763139614,2.3336523246135603,1.1621088151765364,0,1,1,0,3,entertainment,0
15.269753515303648,8,26.820557974570768,4.266396807460472,1.4771425116906851,1,0,1,0,4,retail,0
42.3409774536902,11,5.796585864537041,6.207748945785142,1.0845682344978347,0,1,1,0,1,retail,0
247.0346842306193,4,114.53307763953964,89.46582449343262,1.6905131064737753,1,0,0,1,11,retail,1
74.32399350423621,15,23.028210974181576,2.3519255590202057,1.3943834108730107,1,1,1,0,1,online,0
19.350909088370926,13,9.479141437337336,1.70498330384003,0.9354713035104408,1,1,0,0,1,grocery,0
37.02526582603055,13,4.281700516533905,0.2991284637221914,1.0169260358037735,1,1,0,0,2,restaurant,0
4.33486755815677,10,5.524076361949205,0.6936281768407037,0.8756585361358524,1,1,1,0,5,travel,0
163.96234128771195,10,14.00739629443143,1.8365428313172103,0.40763227512279854,1,0,1,0,4,grocery,0
91.97361020777991,6,22.487162217473244,2.157656625773137,1.1745698320549884,1,0,0,1,2,retail,0
163.00237764750577,10,8.063807455311702,4.77996237123252,1.3261853252796232,1,0,1,0,2,travel,0
58.094602784274684,16,20.31101548395062,0.1,0.7946391572063525,1,0,1,1,4,restaurant,0
62.34807104764976,10,4.204216642981328,1.0353986142345954,1.158909995786522,1,1,1,0,5,retail,0
27.956784098351196,8,6.64821970202881,0.9386671213852209,0.8605378152478643,1,0,0,0,5,grocery,0
61.39995408211572,18,26.813858956677215,34.21797682506331,1.2532269534517155,1,1,0,0,1,retail,0
109.23519159792426,5,32.55763024072447,108.685108075335,5.845644441449424,0,1,0,0,6,retail,1
34.662598344523076,12,4.365506758081167,1.2171887928728722,0.7201564580769091,1,1,0,0,5,retail,0
83.30922023366335,3,56.544397218207195,34.17539742494554,2.477525324427071,0,0,0,0,5,retail,1
225.38043643097214,21,16.788706002021375,2.986078918234129,0.44491909147082254,1,1,1,0,1,grocery,0
36.15795991735699,15,15.100236921592332,6.6134211456222705,0.6734352535085801,1,0,1,0,1,grocery,0
7.136882319191783,12,4.79764191224182,5.375048316219537,1.1072438772424165,0,1,1,0,5,grocery,0
75.53016517676242,9,19.033448353507502,1.1629061398770606,0.8309852237721176,0,0,0,0,1,entertainment,0
3.25930420238791,11,2.844131372711502,2.2472771986350146,0.9632881045625281,1,1,1,0,5,grocery,0
79.31193411465762,9,3.3518185421620372,0.6486752849076456,1.6743228722549297,1,1,1,0,2,restaurant,0
2.3683673536937984,6,22.48964185910419,1.5037415820084892,0.8421116973161595,1,0,0,0,1,retail,0
171.30202298168413,8,0.6828562430057237,4.7042452284233836,0.8654587083705267,1,1,0,0,3,restaurant,0
222.53247508595135,14,18.915559604428513,0.7355045584836399,1.0640071859491838,0,1,0,0,2,restaurant,0
9.361533904850518,10,2.532493837474688,0.5638101046593317,1.0394248342661445,1,1,1,0,3,entertainment,0
89.52947274655833,20,21.38277435144927,2.1855873518669613,1.262657724922704,1,1,1,0,1,retail,0
35.07979118668395,13,7.153761229384187,11.396722566092217,1.1459981389940876,0,1,1,0,1,retail,0
30.16911390613813,6,7.035839117671826,2.553552010891416,0.903773325845419,1,0,1,0,5,travel,0
11.776645654991242,13,3.098826124886152,3.809031900325369,0.6031704004001668,1,1,1,0,4,retail,0
37.54308033926239,8,0.6230301512328973,5.54989084224097,1.2258740399367818,1,1,1,0,1,grocery,0
67.38840478446818,15,10.767279261230353,1.050089092417076,0.49824668833902397,1,0,1,0,1,grocery,0
6.187504503597049,13,12.864477687185428,1.0575738781709456,1.6044625740240566,1,1,1,1,2,retail,0
80.15834141048063,3,39.19376012971408,11.625570289802345,1.5770105010660387,0,0,0,1,14,entertainment,1
122.30181525681219,14,9.3298493743724,2.4327316286865015,1.3009913624426441,1,1,0,0,2,restaurant,0
65.79855144805472,11,35.41464479562825,4.435651672113278,1.0249823888544392,0,1,1,0,2,travel,0
42.99750045923359,14,5.641622203002403,4.978577589014313,0.7192972258878234,1,1,1,0,1,restaurant,0
19.831170357761838,21,0.9784601015844695,4.767699857228777,0.7073059558761468,1,0,1,1,1,grocery,0
37.104287260503554,6,0.2288134997259343,2.227668901941761,1.2965487909935383,1,0,0,0,4,grocery,0
38.24016463264802,11,9.351724178619698,16.21567418097297,1.0550182180485315,1,0,1,0,3,grocery,0
29.79798820336617,16,3.5142039962130927,6.720773339868183,0.77236432348219,1,1,1,1,3,grocery,0
34.15783562229712,6,5.247276662825571,8.713552813151846,0.5227687013087601,1,1,0,0,3,restaurant,0
96.68959908976643,23,12.136712077809227,38.619852487831295,3.769039992485567,0,1,0,1,4,online,1
144.12382960067464,10,10.290419165923188,9.44096748157174,0.6707002555990454,0,0,0,0,2,online,0
74.65859072879196,8,44.633471339141835,5.473817451335008,0.652457179714548,1,0,1,0,4,entertainment,0
708.886814033083,0,33.04913106467758,58.9618117566852,0.5,0,0,0,1,14,online,1
23.494008293334158,17,3.8840426015898064,7.635305499714159,0.5305630311375763,1,1,1,0,5,restaurant,0
46.97386044064391,14,9.406353822450345,7.638577043362936,1.0314815078589945,0,1,1,0,1,travel,0
215.19908293530017,15,5.962574596032568,6.0021060410041995,1.508343635133306,0,1,1,1,5,online,0
38.787515583579356,17,16.37756367314251,2.9950816257988304,1.2772449643485446,1,0,1,0,2,grocery,0
52.77917619334377,21,5.816158254320886,0.6399482775469811,1.2347626886575753,1,1,1,0,2,online,0
129.48874728653732,10,4.505678429011086,1.1649209141536792,0.8198861397488542,1,1,0,1,2,restaurant,0
191.27009114589214,13,1.7945754108784011,3.0013016118679294,0.8673357141924476,1,0,1,0,3,entertainment,0
55.063292554263896,7,4.631506535985857,1.6705119448827035,0.660160791125268,1,0,1,1,1,retail,0
139.32025321657215,14,0.4659435152127723,1.5450545188870062,0.7376177235234722,1,1,0,0,5,grocery,0
9.327372809908066,7,12.809735685249134,12.142287399474984,0.5182900658589016,1,1,1,1,3,restaurant,0
839.9923899065319,4,43.58072329725532,100.4634577467125,2.82488925131908,0,1,0,1,12,travel,1
892.810686386776,5,37.9547236454561,6.54641074987837,2.533202963631955,0,0,1,1,13,online,1
15.378255236729721,18,2.144796184243635,8.126462833227345,1.0486236548756904,1,0,0,1,4,retail,0
31.455735753568817,17,18.721527425558097,4.873196705575563,0.8367133071109706,1,0,1,1,2,travel,0
116.61752152922419,13,0.6416731231882932,10.545015780784077,0.3482804906117819,0,1,0,0,1,retail,0
4.668013561710338,12,13.19745560790037,7.230901913314734,0.5917044615685698,1,1,0,0,3,entertainment,0
136.76006211638654,4,94.35787460356573,166.59843428387356,2.4428003516666474,0,0,0,0,4,travel,1
46.75452178975722,13,8.031332582793972,1.2873160317492651,1.3586916406299008,1,0,1,1,3,retail,0
71.38542001146442,21,2.4009813674647904,0.7206918384024669,1.0570443976375639,0,1,1,0,5,entertainment,0
28.885137724878973,12,15.237105335688717,3.9696430910713927,1.038091077215286,0,0,1,0,3,grocery,0
98.69015590659924,11,9.758147537553262,0.9106130453543009,1.0377545172416458,1,1,1,0,1,restaurant,0
33.87686219386125,16,6.278403442471584,6.52619700480636,1.06210279911831,1,1,1,1,3,restaurant,0
571.1221179757821,1,28.819872406950502,64.06231348903016,3.0612715679773777,0,0,0,1,3,online,1
7.877547487536606,11,2.2778341341631374,0.7865581302074289,1.275437378981037,1,1,0,0,4,retail,0
54.11808107274648,12,2.126920461743415,1.6936517169730936,0.7679529606314432,1,1,1,0,5,restaurant,0
28.724191899816848,12,1.6782925315946182,0.4602717652554199,1.0313910020237573,1,1,1,0,5,restaurant,0
43.00349385606911,14,9.40242302064618,1.3598245262044364,0.7658324387342377,1,0,0,0,4,grocery,0
6.452012338689568,11,2.677143621649014,3.807482206105464,1.2879455491346814,1,0,1,1,1,restaurant,0
114.51267845891863,21,12.052574062180629,7.775569099018517,1.1330260152060796,1,1,1,1,3,grocery,0
51.621084113766656,17,2.3587131453256767,24.50573863141142,0.8070987779245544,0,1,0,0,3,restaurant,0
37.389772181697424,7,14.240768947490112,8.542439578764865,1.1868987761254366,1,1,1,0,1,retail,0
117.38261787782187,11,6.281970374482447,18.134588033917378,1.0750313081039313,1,0,1,0,2,online,0
37.50700660418317,15,2.9118080000291573,0.23766704468156297,1.1448529693854206,1,1,1,0,1,retail,0
66.81017366425968,19,6.307966877334382,2.3669073453482676,0.4853009959321185,1,1,1,0,2,entertainment,0
98.1458085567476,8,5.573613203810684,0.9883518851967568,1.0258585833239495,1,1,1,0,3,grocery,0
90.28780351035913,13,3.2123200655909363,0.9049532667852094,1.0658578412508497,0,1,0,1,2,grocery,0
35.0612641846215,20,7.002768383087476,6.6185667414150835,0.9643182010838538,0,1,0,0,1,restaurant,0
14.293414822892274,16,5.16436287038017,0.1045284597364609,0.606168146429706,1,0,0,0,2,grocery,0
494.5755528677861,7,10.827876811024167,3.594526700431902,0.9247649233036664,0,0,1,0,5,entertainment,0
9.136365627450102,17,5.854634578574772,8.102009729101434,0.8834864876945998,1,1,1,1,3,restaurant,0
137.80331642651566,12,5.189117854711349,9.267458275412865,1.068321822492159,1,0,1,0,1,grocery,0
85.79938547726853,11,2.685521570705158,1.9813644999793243,1.2725238372424352,1,0,0,0,3,restaurant,0
24.684831376098554,7,5.423225127273678,0.6176442859520377,1.0832682536487686,1,0,1,1,3,grocery,0
142.20446770331387,16,13.585980086236232,15.264638521612916,0.47300482029918145,1,1,1,0,4,grocery,0
23.860374394315112,20,4.522937160602316,12.386211640524232,0.8920087227745761,1,0,0,0,2,grocery,0
210.20511167628865,8,11.538768189949913,2.958835757244385,1.4807967299274676,1,0,1,1,5,online,0
217.48804220367393,6,19.09625686314429,14.55640546743304,1.1937331769590351,1,0,0,0,5,retail,0
34.49616285678219,7,5.010643804017063,2.461221588922915,1.284658693891861,0,1,1,0,2,restaurant,0
27.717834291011776,10,4.034422472863268,3.090807939371187,0.411985005177689,1,1,1,1,2,grocery,0
112.27467506560328,21,10.5316596355111,2.2134712571855095,1.473070653943212,1,1,1,0,5,grocery,0
147.32965556024382,13,9.26338363174348,8.164135488970105,0.6723940355469762,1,1,0,1,5,travel,0
49.28629180779981,13,36.48816599017324,4.701220982553221,0.8619757870877922,1,0,0,0,4,restaurant,0
76.07842192622391,16,10.041181797575662,3.6918154565763124,0.8984251979395426,1,0,0,0,5,grocery,0
6.90886910712317,6,3.409729140347097,3.2233318390583494,0.9232778015320913,0,1,0,0,1,restaurant,0
86.83171827664792,17,2.0357198689160203,0.1,0.7689321404668948,1,1,1,0,5,grocery,0
179.194805940237,8,5.254756267299408,0.2202847236404695,0.578820514240385,1,1,1,0,5,travel,0
46.777284314289005,22,3.445369760903038,5.916552118088445,1.0030109327439158,1,1,1,0,3,restaurant,0
141.7719293641028,19,1.9368907298115818,7.600000649609452,1.3300045215593752,1,0,0,0,4,restaurant,0
5.176156120850553,22,7.650014739258317,1.5913460006143505,1.3043101060793463,1,1,1,0,2,restaurant,0
42.130883142384896,21,0.5727551652041071,12.612820382140608,0.784370076042533,1,1,1,0,2,retail,0
195.53738753358348,16,15.368351905654418,6.375848791377457,1.2409102791081879,1,0,0,0,5,retail,0
6.605303670891005,12,4.5825842135854,5.305491454674643,1.3155890864547044,1,1,0,0,4,grocery,0
105.4612696787041,11,9.261599840871924,0.37971109618279103,0.7995564460697039,0,1,0,1,3,restaurant,0
3.838799388900174,22,2.618118194151124,0.14159922610829928,1.0365095223585497,1,1,1,0,5,restaurant,0
125.90949075647394,18,6.162085416760567,17.17462331793976,1.1007058396471754,1,1,0,1,3,restaurant,0
108.97660327749755,16,1.9136352960563245,8.116621841147792,0.8061972675482023,1,0,0,0,1,entertainment,0
42.49500350500182,21,19.488634886665103,0.5075760113150628,1.2291536636264297,1,1,1,0,2,grocery,0
13.458477647686738,10,0.42081845863896816,13.605013854145794,1.0347897979260805,1,1,0,0,4,restaurant,0
21.285026992871742,18,4.830550972783039,0.9532282618206721,0.9679053988416282,0,1,1,0,2,restaurant,0
4.787101488694454,11,6.378772298340348,5.15034514500306,0.7463198419222068,0,1,1,0,1,grocery,0
46.05207933095671,12,4.480660545031182,14.26880920648922,1.1860625659382174,0,1,1,0,3,grocery,0
7.248241028672422,8,3.0576920623180537,4.391204786650881,0.9455517095911092,1,1,1,0,1,restaurant,0
25.390408948349755,8,4.4671488119545435,10.377330960621956,1.6291343925478103,0,1,0,0,3,retail,0
32.918325523394316,7,0.48659108674016954,3.4129688704262855,0.7903570619834007,0,1,1,0,2,restaurant,0
98.39275072166274,8,2.227036720519473,1.529835689077685,1.0390944851093613,1,0,0,0,3,restaurant,0
24.944166309029473,17,2.7936563280459565,0.6272740071388476,0.9721571802988388,1,1,1,1,1,restaurant,0
79.91346617019195,12,25.984263392523758,4.222296369131412,0.8186698902995472,1,0,0,0,4,entertainment,0
21.39293501724445,17,25.95010491907969,3.2776392887244827,0.858840238104633,1,1,1,1,2,restaurant,0
34.19345071561722,8,4.07782230783952,0.15235009840725,1.0857483020771008,1,1,0,0,2,retail,0
65.90107880934356,15,2.681020047235587,14.882545349358978,0.7165992980152719,1,1,0,1,2,online,0
28.850920459246815,6,16.508103946181865,0.17949886207822108,1.0558064078665048,1,1,0,0,2,retail,0
189.1091670727965,12,29.103542029093802,7.562487766976565,1.2884459759521332,1,0,1,0,4,retail,0
113.0937398253213,18,4.168583520307001,7.153151202302514,0.3153724759660581,1,1,1,0,5,travel,0
17.879690863947765,10,4.0559211834264755,1.8707805999692502,0.5172838745690989,0,1,0,0,3,retail,0
76.69870195107497,13,12.475959141135657,8.091078341142687,0.927021204428008,1,1,1,1,5,entertainment,0
77.28998075616978,19,2.9782538572343693,4.235388829308883,1.4998655218620431,1,1,1,0,5,restaurant,0
20.647956520387204,16,11.232012589081478,0.7599879100922198,1.4607949682911932,1,1,1,0,2,restaurant,0
69.93647513756537,8,30.271840080026205,2.7884345204416587,0.20182116744579826,1,1,1,1,2,grocery,0
31.684737983280517,19,46.812347576569564,3.6083840016139708,1.1588125383749965,1,1,1,0,1,retail,0
150.37125345388353,21,17.836582652666515,2.0982120060899856,0.9938700311859453,1,1,1,0,5,retail,0
384.3868352708911,13,16.221510574055408,6.610140852453417,0.8726519907042843,1,1,1,1,5,grocery,0
39.44284760384868,19,14.290199970824204,9.98419223198704,1.1192762871513118,1,1,1,0,1,grocery,0
180.1224563008609,8,12.981602110330853,6.947080988098877,1.0863585295910787,1,0,0,0,3,travel,0
73.18944794919055,20,1.6687387649332788,16.61258346595376,1.1004798013422288,0,1,1,0,1,travel,0
172.92512779499137,16,1.7653273790576982,3.294763471361595,1.2052061892191548,1,1,1,0,4,online,0
65.70902882246816,11,6.808012467165674,5.171932206538068,1.3615188141669123,1,1,1,1,5,grocery,0
42.387624812240226,18,9.35037257391126,4.77727584424264,1.2404679200542903,1,1,1,0,5,retail,0
33.61105941110536,12,36.714790721258716,4.081603309721401,0.7865111568694065,1,1,1,0,5,restaurant,0
43.05807949639017,22,9.16672424893705,4.732836918198704,0.4975406909345662,0,0,1,0,3,grocery,0
27.008019286165418,15,12.421614351762894,1.5009651049994208,0.7361064369608128,1,0,1,1,5,restaurant,0
19.059971548325,17,8.515793434859017,0.8122494963187555,1.2652323080887509,1,1,1,0,2,restaurant,0
82.36423309413054,13,19.055014557144,3.575227154443829,1.243614533876357,1,1,1,0,2,grocery,0
12.945006176336989,19,1.7686768275546112,5.515104040130991,0.6702019238129239,1,1,1,1,3,retail,0
102.82044639976547,13,4.019777001651685,2.229802608655731,0.8246653427480158,1,1,1,0,1,grocery,0
106.5203784213866,9,3.866984486584306,10.018739324146658,1.0087226637649198,1,1,1,0,3,restaurant,0
17.562610166781063,19,4.218437996981859,1.3314695507824763,0.8584030756304784,1,1,1,0,3,restaurant,0
38.49353246634606,12,13.987167786058368,2.5437165435401887,1.0374485029854439,1,1,1,0,3,online,0
41.48896767141812,14,1.7556642355728223,9.647140558522288,0.2155501596334538,1,1,1,1,5,restaurant,0
50.0,23,201.16629653176636,1.7412574146681352,1.6898597960900528,0,0,0,0,10,online,1
41.59238052320091,22,4.027603059330794,1.2551269861723393,1.0529626706402575,1,0,0,0,5,grocery,0
416.31493745502974,23,232.81880069025718,35.13651134044585,4.178932636664247,0,0,0,1,14,travel,1
200.47167167329488,10,17.03131980558809,12.13254757001977,1.2202923371859264,1,1,1,0,5,grocery,0
95.52817859545578,6,2.2132046767639,0.8649711750122574,0.6722618202063348,1,1,1,0,5,online,0
159.8190447061435,9,17.889775930241758,9.902167878440405,1.0996073806239814,1,1,1,0,5,grocery,0
31.964122541720958,22,50.32870831564712,0.10113225569537915,0.8859122678775455,1,1,0,1,1,retail,0
470.3617551134754,23,180.3035038890843,8.626887052258219,0.7238786056591762,0,0,1,1,11,entertainment,1
112.53345766584444,6,1.3366415532222589,0.9106051911039139,0.7579027882241174,0,0,0,0,5,retail,0
51.167505325376695,11,6.992245721432523,0.8378856494806914,0.9640450950147418,1,1,0,0,5,restaurant,0
1.0,11,7.129078748481578,3.709548645962374,1.3234646584394263,0,0,1,1,3,restaurant,0
317.66747537239394,3,9.851282867954072,23.60569789201678,1.17528747779643,0,0,0,0,6,retail,1
211.44793478046026,19,3.034635097494714,6.90932547048371,1.3614535624829005,1,1,1,1,3,grocery,0
58.755958083014264,21,4.896476455310732,3.951440617053194,0.816686132611188,0,0,1,1,1,restaurant,0
29.04883997684685,7,15.12694057948895,7.370803548315495,0.5295783778410756,1,1,1,0,5,retail,0
171.26532571490714,11,4.044024727154529,0.4066207376756088,1.002845583369106,1,1,1,0,3,retail,0
130.0356604250239,2,48.69357849194306,26.239946444522545,2.8055302856208826,0,0,1,0,10,retail,1
78.19864671911728,6,9.648154836329725,0.1,0.8533353737610349,1,1,1,0,1,grocery,0
352.35147861432785,5,62.65942778681311,8.981623546379232,3.2349361001032992,0,0,1,1,3,online,1
26.506708984539085,16,3.2520327007228507,1.846932946138726,1.033505478940511,1,1,1,0,2,grocery,0
39.297717994993036,15,8.753786532756248,1.838664664422822,0.8786406915219381,1,1,1,0,2,grocery,0
8.133958696188872,14,8.094436680709494,7.436196579885285,1.281607900561014,1,0,1,0,1,restaurant,0
31.827510566950252,15,11.062336053992086,3.1349778152103482,0.8483200021696324,0,1,1,0,1,grocery,0
23.45816997714669,18,19.229327840502418,3.794719340236793,0.9730231626061985,0,1,0,0,5,entertainment,0
1.0,22,6.200539888537304,1.496854623023399,1.0317735921694946,1,1,0,0,5,restaurant,0
174.31022154007968,14,9.644476533264466,6.386625937600411,0.6686222714412255,0,1,1,0,2,grocery,0
22.668374136475272,21,12.273408397823562,5.382084283624588,0.7098322795895082,1,1,1,0,1,grocery,0
50.0,2,55.746166373430775,12.507657357207446,5.148032149202156,0,0,0,1,13,online,1
79.18359776166155,17,4.070881014815939,5.481527010524804,0.7624437109401468,0,1,0,0,1,restaurant,0
124.58288130152626,10,6.743779046844941,2.089393265148573,0.893176596201787,0,1,1,0,1,grocery,0
103.98501728508947,2,337.7598343482592,28.183594603644828,5.9331863036558286,0,0,0,1,9,travel,1
6.6867700864433735,18,6.264609773075688,4.054222141204624,1.0146412025107252,1,1,1,1,2,grocery,0
38.20318464868302,15,6.311770040276698,0.7092788193486433,1.1454832415424494,1,1,1,0,1,entertainment,0
57.246773749379344,18,11.575464868593908,22.442333213481866,0.9141511454744797,0,1,0,0,2,grocery,0
251.01062287682595,10,4.649751774534581,0.5247018027304049,0.9385841481345327,1,1,1,0,3,restaurant,0
3.530675689406886,22,14.599013320073777,9.307040540818747,0.6610939347870277,0,1,1,0,1,grocery,0
46.30052327386664,19,55.38341393478569,21.184956545156737,1.421009464991533,0,1,1,0,4,grocery,0
160.54118543305177,21,2.448067095711182,0.1,0.9911320963104207,1,1,1,1,3,restaurant,0
7.031338095686724,14,0.18907925562797356,8.84025157741291,1.0505453714995772,1,1,1,0,5,retail,0
387.1923219630139,19,6.1230808635369405,0.41017835622696064,1.0970033898187614,0,1,0,0,5,restaurant,0
186.68533070433648,10,5.263427220541933,0.7068569006163916,1.4004744606129276,1,1,1,0,2,retail,0
45.85098716797455,12,27.804358743132028,3.828990347100846,0.9610763144779654,1,1,1,1,1,travel,0
47.991502948034935,18,8.46116912181986,8.166231178451255,0.561569154096099,0,1,0,1,2,retail,0
35.83742192589248,6,4.259382161114815,4.297576931994284,1.3823171206628364,1,1,0,1,1,grocery,0
50.0,2,18.11676114399877,32.243763030914266,3.7906047498077986,0,0,0,1,14,entertainment,1
10.732832582749992,17,1.4067105003221103,3.5670577019841465,0.9816923204282582,0,0,0,0,3,grocery,0
4.385898111357397,11,0.4169064809999894,0.6271702738685261,1.0032529767033396,1,1,1,1,4,grocery,0
113.45454782053706,10,10.732152245731967,4.74245645854254,1.1006316019176305,1,1,0,0,4,retail,0
10.799943622207502,14,1.0310649165195034,0.36579521309493773,1.2537424457346003,1,0,0,0,3,travel,0
24.586942627712457,8,4.97766911871808,9.08285191593858,0.7247371730705441,1,1,1,0,2,grocery,0
484.9678772739347,22,80.44060837779642,154.4758235643113,2.872374469476539,1,0,0,1,11,retail,1
383.1865059679013,6,0.4277671517290076,3.6140517150439173,0.9099374923916868,1,1,0,0,5,entertainment,0
41.10357558846016,19,2.3454743575642363,1.561272145769662,0.9041015681599941,1,1,0,1,5,entertainment,0
123.68077043645582,10,0.5480554970838151,1.3307790652539755,0.8452837724314246,1,1,0,1,3,travel,0
64.9311839887139,15,1.9500009639943343,6.377598917592372,0.9037696067988197,1,0,0,0,4,retail,0
18.797729630129997,17,30.3319630747865,7.674453546027754,1.0711733342456446,1,1,1,0,1,online,0
122.58056574676297,9,19.202062300213896,9.81692075626542,0.9953481683110886,1,1,1,0,1,grocery,0
10.624785864367096,7,6.922718756209555,3.124082205840224,0.869403790429087,1,1,1,0,2,restaurant,0
50.0,23,129.14887434612783,98.4307961805359,3.9255425341160732,0,1,0,1,5,travel,1
136.78589588569568,14,2.5348437861684294,9.062856001292554,1.1267454511699875,0,0,1,0,4,entertainment,0
527.9557238731718,0,83.05533872870286,12.442411095261889,3.278205895844731,1,0,0,0,9,online,1
50.467812523664605,9,8.137554481797743,5.342520378603912,0.7750563121808253,1,1,1,1,1,grocery,0
9.548113185047312,21,14.00630980030986,12.282870245404647,1.0204035000128235,1,1,1,0,1,retail,0
196.81815499503062,7,4.162613076981741,6.672931734985161,0.9069911230802631,1,1,1,0,4,online,0
33.51145193853194,20,11.359508788212327,0.4733346874492207,1.0931103843242362,1,1,1,1,1,grocery,0
48.435445776400165,10,10.389957122643839,16.481724958433322,0.5413668476803541,1,1,0,0,4,travel,0
71.2246581911462,12,3.95466056086931,10.084574738522802,1.2735741040677357,1,1,1,1,5,travel,0
6.486305261100503,6,44.437090694294845,12.793922831949738,1.011866120454891,1,1,1,0,4,entertainment,0
25.01633647631481,22,9.750298961254362,4.6028027310504696,0.1,0,1,1,1,5,grocery,0
48.85520566984756,17,3.6565467907230325,8.595349387110284,0.771889426650453,0,0,0,0,3,online,0
5.637000134166065,11,7.916623331907408,3.8987085927443967,0.6573105417985216,0,0,1,1,2,grocery,0
20.545931764396613,11,0.2811692674850897,12.272081623533428,1.2378852111539032,1,1,1,0,4,restaurant,0
47.87794150590208,7,1.4087874334155213,1.7840326857965896,1.2112644105741714,1,1,0,0,1,grocery,0
30.49411310515303,18,32.20333781289674,1.1424365320175407,0.8364605958776867,0,1,1,1,2,restaurant,0
5.502002398114232,9,0.39015445011101324,10.346874026760302,0.9630222907482948,1,1,1,0,1,retail,0
73.49492697107281,7,10.30281599388604,2.6374760023446204,1.0366430148774852,1,1,1,0,5,retail,0
14.597309559937386,13,3.371848318929254,1.406422431688338,0.627541459561352,1,1,1,0,3,grocery,0
417.1807202546819,9,1.381745973599351,1.712987371371519,0.6531187793533935,1,1,1,1,3,grocery,0
24.59106728072792,11,49.56857847025928,15.854539480066322,0.36313051915060335,1,1,1,0,3,grocery,0
134.82998246034026,15,29.54471770738314,7.707516086578007,0.6284438885067285,1,1,1,0,2,grocery,0
85.53891747002464,19,1.0172251183826562,13.915988846996436,0.7737469335389437,0,1,1,0,5,retail,0
29.079958576942644,17,5.2474436456414,3.8838717374004714,0.6132429437726398,1,0,1,1,5,travel,0
54.30504783024139,21,11.017103678828274,5.088663428922447,0.6988874800928189,1,1,0,0,3,restaurant,0
61.1808290949572,10,5.002324994574252,15.079836302497272,0.7963795259668676,1,1,0,0,1,retail,0
141.36770166548013,0,19.401458635392974,13.304463283453579,3.2305218307889025,0,1,0,1,13,travel,1
41.12673077142921,6,15.95066785212235,1.6215703002438075,0.5427934422722172,1,1,0,1,4,grocery,0
263.28305707646683,9,3.846583533766247,6.706556777843841,0.44152734238277314,0,1,1,1,3,retail,0
79.83824511884146,10,7.492662561821238,0.7254063172430456,1.0516681397384273,0,0,1,0,1,restaurant,0
31.637924752767145,18,23.845170329150626,9.190666015374461,0.4764496157333412,1,1,0,0,1,retail,0
45.242965342426935,18,1.9685824710431135,1.4816823484441968,1.4678175421265345,0,0,1,0,2,entertainment,0
59.51072619788485,21,24.255795108937836,12.909734744989596,0.7621283426078176,1,1,1,0,4,retail,0
37.14887377907705,10,4.2749190838862265,0.4331059622823693,0.5735921907819308,1,1,1,1,3,travel,0
1.1021505342092675,7,23.52790678868159,2.025105513876163,0.9374629852350039,0,1,1,0,3,travel,0
125.84647798916666,7,18.584041067187698,0.47404669467719757,1.3659474298615304,1,1,0,1,2,entertainment,0
157.86758484102913,15,3.263459668675937,0.46829007350084084,1.2623086303989075,1,1,1,0,2,travel,0
20.616683464542792,17,0.7754979443154629,8.587317705706118,1.354376123429141,0,1,1,0,1,restaurant,0
184.77027836962998,7,10.778275899112675,3.381570842285529,1.145430948582851,1,1,1,0,2,travel,0
154.23239775251574,9,2.812125978175804,3.975436008776886,1.3219417947451864,0,1,1,0,2,entertainment,0
2.0005913805245368,22,12.331637372733969,0.1,0.8411295863800526,0,1,1,0,3,travel,0
18.885758953882718,17,22.03837516804944,21.05840390070607,0.8729883871397843,1,0,1,0,4,retail,0
105.30348402486068,8,5.665373928774513,3.7532062215516375,1.0398694710442598,1,1,1,0,2,grocery,0
129.43820624302901,3,7.828317873140794,114.40945013903419,3.4422302489138197,1,1,0,1,11,retail,1
152.2257004078963,19,14.47699784279735,15.312747891255132,0.8728974911561761,1,1,1,0,3,entertainment,0
100.15582661058693,9,5.275106026791034,7.008154069218007,1.2431354103619865,1,0,1,0,4,restaurant,0
206.89523177205788,13,3.083257886520325,1.7569659262911477,1.3922166461512682,1,1,0,0,2,retail,0
50.499327940613696,20,14.270470634523678,5.0476390127707464,1.4354185525426346,1,0,1,1,3,restaurant,0
5.333133697443017,19,14.623778744461138,15.313786838923157,0.9931034424833219,1,1,1,0,5,entertainment,0
24.635835964287224,22,1.3874925374199818,3.5819622335584067,1.1563824211858222,1,1,1,0,2,restaurant,0
62.75007723234082,21,2.974530770633606,5.2171286320790236,0.719650247691416,1,1,1,0,2,travel,0
64.88550590858645,14,3.893892024169867,18.769764060517502,1.1081523251381478,0,1,1,1,4,grocery,0
61.18163252722866,7,2.682317135303846,6.640856432313843,1.5141074255929767,1,1,0,0,3,restaurant,0
4.628458662394384,13,4.962711257266349,1.3455891424454347,1.3825403308123612,1,1,0,0,4,retail,0
130.477914280884,14,21.96218313316247,1.2476967023825623,1.6279237659688377,1,1,1,0,5,grocery,0
250.80211889758314,13,0.44441452826044936,7.79255021154878,1.0569865673757608,0,1,0,0,3,grocery,0
263.98806816888515,2,113.57105090996497,95.17393078052481,4.963774379702434,0,0,0,1,8,grocery,1
175.42937084544863,8,7.848024654828968,0.9063133054820389,1.4603111334446979,1,1,0,0,2,travel,0
47.29438906156783,10,15.097956306458522,5.246426075414328,0.8129657157583494,0,0,0,1,5,grocery,0
13.92441359917418,21,7.841116415391435,4.149486618068247,1.0916599508497806,0,1,1,0,5,travel,0
108.07242930510859,0,73.00436837607953,5.22664809379813,2.765890970862153,0,1,0,0,11,online,1
250.4425791170765,23,80.81438326914542,123.6721504938861,2.1710686117551377,0,0,0,0,8,online,1
32.578688327090795,8,13.570078706798244,1.6049167955735708,0.899176310995969,1,1,1,0,1,retail,0
122.99612372442782,15,0.8277926896795519,2.020948639451452,0.7563429533072948,1,0,0,0,5,grocery,0
97.26429180099288,18,1.6941202628322591,4.311218513349334,1.3922495638160564,1,1,1,0,5,grocery,0
42.81353815187492,6,19.34011196337688,2.4695547279163113,1.1313740617960701,1,1,0,0,5,restaurant,0
5.053644739523789,10,4.419767440492398,2.9832775764488924,0.6984225724615482,0,1,1,0,4,travel,0
73.35355637823288,14,0.1,2.9885292398845236,0.6548834247648275,1,1,1,1,4,restaurant,0
50.0,3,6.128898516347258,42.951799375485024,2.823026827734779,0,0,0,1,6,online,1
4.410138316455297,14,24.764218929462757,1.6773862835021511,0.7740892439645846,1,1,0,1,4,restaurant,0
2.3746809234417614,21,1.2421754922244765,4.79129794065922,1.1053732455011092,0,1,1,1,3,restaurant,0
126.70533605098467,19,6.822378185525533,1.0370507773399427,0.8280109647814314,0,1,0,0,4,grocery,0
4.085023699336304,14,10.641549042088702,10.960139011606064,0.4671612378739335,1,1,1,0,1,restaurant,0
32.865849946514345,13,2.4697633038557383,0.1,0.6352681357729071,1,1,1,0,1,retail,0
1.8261721142350038,11,6.81362053644727,5.975368254035786,0.8773050108256032,1,0,1,0,5,travel,0
89.12551523133334,15,6.979631983934498,2.2523360450382564,0.5600814011383796,1,1,0,1,5,grocery,0
14.357587098936888,9,3.4370227398532855,10.25013308177231,0.4287419068935264,1,1,1,0,3,entertainment,0
260.7996671334527,7,30.522306909638512,15.283062149415745,1.187059344546354,1,1,1,1,4,retail,0
79.47179926611652,16,2.9814180791196607,7.165862392165289,1.1472445006441923,1,0,0,0,3,retail,0
169.21747394132967,11,4.438672938747655,0.4249719451889584,0.8920941065714019,0,1,1,0,4,entertainment,0
261.79539737582377,0,164.05781538164976,17.102261142893312,4.114840591652655,0,0,0,0,3,online,1
241.17910367110838,18,25.215082761972788,6.7309400405798625,0.982738289416035,0,1,0,0,5,travel,0
213.83244058393385,6,3.7843261360848377,4.268405647559643,1.2142592216129149,1,1,1,0,2,grocery,0
93.12101131570044,8,6.404031610205601,1.0455807152108567,0.9984751678023795,1,0,0,0,1,grocery,0
232.21207332376122,6,6.255710655074171,7.828261119299418,1.0799331749948655,1,1,1,0,3,entertainment,0
314.8675507228385,11,9.177878076122058,3.6899831284263667,0.8811315031463596,0,1,1,1,5,online,0
27.614858559737712,20,6.273253245704563,16.52193941452015,1.067633087624276,0,0,1,0,3,travel,0
125.8465948924996,22,1.5837547849242024,2.171483050335673,1.3014005449289725,1,1,1,1,2,grocery,0
7.467918363441744,8,5.245268329606105,1.0480004009560968,1.470731013398186,0,1,1,0,5,restaurant,0
136.76873716888036,20,2.14476422390716,1.91067201222453,0.49813164999364934,0,0,1,0,4,grocery,0
44.479752134696696,15,18.8030232165152,1.4900415726238538,1.0569706075140493,1,1,0,0,5,entertainment,0
12.064656928943961,15,10.543828128762744,0.8970474446336452,0.9837427635706808,0,1,1,0,4,retail,0
139.02466446932604,21,29.444276639366095,9.496752335223354,1.1125631855333529,1,1,1,1,2,entertainment,0
44.53486864526296,12,17.141148386040147,2.2854730542811916,1.205234965294884,1,0,0,0,3,restaurant,0
12.562878356884514,10,25.03821073380369,7.146122541981041,0.805277939428527,1,1,0,0,4,online,0
14.29721591724144,9,5.281508653696654,8.966212407595798,1.3447385957783053,0,1,1,0,3,retail,0
78.60529592818514,6,31.074823557395014,15.564774662327167,0.7301988977222189,1,1,1,1,2,grocery,0
28.836319259613763,10,7.519601770325508,0.9197388874082142,1.0970750517642622,1,1,1,1,5,restaurant,0
7.486844826946167,14,9.382555244267754,7.2623431245970185,1.5432880452477862,1,1,1,0,5,retail,0
25.157214890099944,20,6.6215334913851365,2.5739004537406602,1.3405695391721617,1,1,1,1,3,restaurant,0
107.41793491992483,11,20.53745547318976,3.6857862428929677,1.1769643098510802,1,1,1,0,1,retail,0
86.75631131179485,18,0.20736024722820867,3.4274175014357393,0.8943239988294216,1,1,0,0,3,grocery,0
73.68887262536882,15,9.190371532704088,3.5036335018141274,1.390865851044267,0,1,1,0,4,retail,0
24.977040055878824,18,27.142841204091642,4.584389143157482,0.9155178356637391,1,1,1,0,2,retail,0
135.3530402389052,11,23.70121512616647,12.825885899495464,1.2977122423979357,1,1,1,0,5,grocery,0
155.88019615549933,23,72.6948565109325,25.074871019775873,7.788655422074345,0,0,0,1,8,travel,1
133.5465052715308,16,20.243695010021536,16.66814076325578,1.2904056969298994,0,0,1,1,1,restaurant,0
27.404355242217665,12,4.294055811301611,3.5653427846681955,0.7558949373441837,1,1,0,1,3,restaurant,0
176.65259524296533,14,2.2686222472272815,19.228428070529503,1.1675258061018896,1,0,1,0,4,travel,0
221.46031414710149,22,13.788056719226445,12.479804661066048,1.2600049935206423,1,1,1,0,4,grocery,0
119.94291186067677,18,8.401697630546018,8.977576306917932,0.6622146453131168,0,1,1,0,2,retail,0
80.21359355863078,10,2.0167439152098146,3.3854687918769444,0.9751081283045159,1,1,1,0,1,grocery,0
88.87868598098935,18,1.7353317066788778,6.197884478926391,1.2801085625983566,1,1,1,0,5,grocery,0
116.03992588097123,22,9.405355165324021,2.225263796293008,1.1768810205047342,1,1,0,1,2,restaurant,0
54.20022247964245,12,1.6098988531428144,1.6998123452751774,1.0780537226869324,1,0,1,0,1,restaurant,0
13.13437228352391,21,4.548457472951933,1.683922449208691,0.8161154495251806,0,1,1,1,3,retail,0
2.798531472361571,19,10.88308537003522,5.995383432306416,0.872078978034635,1,1,0,0,5,restaurant,0
149.899516576935,6,21.33104361530552,7.023004571540881,0.7899789245166247,1,0,1,0,5,grocery,0
162.66515933513685,10,1.8394415845674539,2.4346865369595454,1.1565882114463009,1,0,0,1,2,entertainment,0
33.9568460939152,18,19.826236231156898,0.2317651084993588,1.00927454096096,0,1,0,0,5,grocery,0
127.88523811582203,6,5.251323042822049,5.057306158219416,1.4010301028964918,1,1,1,0,5,grocery,0
10.363275040396188,20,9.484556384739667,0.8383874793221393,1.0020830679261168,0,0,0,0,4,grocery,0
152.92952286252637,3,9.433378137232767,58.88536211614132,2.024093721457369,0,0,0,1,14,entertainment,1
73.66542387663876,9,6.278390573485889,3.6454742465658567,1.3619637917540357,1,0,1,1,2,travel,0
187.77294270067256,9,8.552662532009897,2.7139418813517486,0.8514020743239008,1,0,1,1,3,online,0
17.714762388081695,18,15.79415140817222,4.256701068534753,0.7687991557453494,1,1,1,0,1,retail,0
104.65143745343238,6,6.019596006841851,2.6294796809149688,0.720560946135034,1,1,1,0,1,grocery,0
131.17945246791732,11,13.490633166508161,6.334340948077346,0.9905040672129434,1,1,1,0,2,grocery,0
80.36240021094079,20,1.7908135450544118,5.2136279634072205,0.9803908236071102,1,0,1,1,1,retail,0
3.217239704895471,8,6.085640974277218,2.9677974908904843,1.0750026276315299,1,1,1,1,4,grocery,0
26.64744732519608,8,22.363463198475124,5.030181083744047,0.6725338846108279,0,1,1,0,1,grocery,0
50.0,22,218.9412977033912,75.20961563659735,2.4575464248339363,0,0,0,0,11,online,1
198.6222983043815,21,10.568701852232348,0.39511745757082417,1.2067093528834791,1,1,1,1,3,grocery,0
168.18739210123903,15,1.6518144745725203,3.126250689618326,0.6066394602064591,1,1,1,0,5,online,0
158.1194297230453,12,8.496007252164924,0.1,0.6924573323450143,1,0,1,0,1,retail,0
76.56598697318125,11,18.288592989471724,2.0598489376322746,1.0046802719823098,1,1,1,0,5,entertainment,0
83.57748273105716,19,3.029269042268883,3.372052160177758,0.7003687637493761,1,1,1,1,1,retail,0
38.108256070186556,14,13.761164336759563,3.804016152445037,1.2024004834569408,1,0,1,1,1,restaurant,0
68.86596098341451,8,10.340960419919433,3.5363155175699723,0.7761732532871193,1,1,1,0,4,travel,0
193.17588398335457,6,3.267390191072537,5.911827021595597,1.0616758664705856,0,1,1,0,1,retail,0
227.65486288166687,7,2.1597322147382934,5.142544852333064,0.8777318536372211,1,1,1,0,1,retail,0
128.10977842154773,11,3.2205939265073065,4.833312801003566,0.5812316210920822,1,0,1,0,4,retail,0
145.66966892781164,7,37.08347429281041,5.124431064266815,1.376247838047131,1,1,0,0,2,restaurant,0
15.215577024018,10,0.47126342038258934,7.562035521876732,0.9712166481365221,1,1,0,0,2,grocery,0
22.987282900030227,15,1.9622003394933936,2.119867326179662,1.2626181021498502,1,1,1,0,5,grocery,0
108.65745489878684,7,13.842784163494182,3.4115326673853725,1.0496567755334105,1,1,1,1,4,grocery,0
252.56230951600065,6,3.135520204901125,0.8280379303947415,1.1290256799026295,1,0,1,1,3,restaurant,0
126.88400888254945,14,6.8337993575938425,7.715882882784046,0.7501440240876162,1,1,1,0,5,retail,0
18.826428517463338,21,2.120879380620745,6.546010743314258,1.3031581171019666,1,1,1,0,3,entertainment,0
72.32485214984779,21,10.464731001766264,2.373546267510119,1.0324901908108253,1,1,1,1,4,restaurant,0
7.512489327811006,14,4.1762330330218,4.405176937290776,0.8962103844398884,0,1,1,0,4,restaurant,0
245.13316860064145,22,18.932049117913834,1.638738122124067,0.7355580104757962,1,1,1,0,2,travel,0
235.70368368564777,0,46.61020846487341,77.39654408149676,4.460818616068606,1,1,0,1,8,entertainment,1
7.115545574985671,13,2.5277878487188716,1.6110430434755885,0.8839709552410505,1,1,1,1,4,travel,0
13.355171350326117,13,11.851323330310272,0.5538263885134753,0.9134208836559641,1,0,1,0,2,retail,0
119.41711094823435,2,101.42517263577083,1.9340412058239382,2.61995285832052,0,0,0,1,5,online,1
113.26872270989836,14,8.813106281079321,12.837758292923212,0.9211405307349365,1,1,1,1,2,grocery,0
98.06359516092796,8,3.9733135490254763,8.548192837889761,0.8379526998313375,0,0,0,0,1,entertainment,0
525.9902866990326,2,47.447740570818446,1.0,3.0002932131661755,0,0,0,1,9,online,1
351.5251113213203,15,8.062821806540349,0.7286944002915029,1.3284468857289335,1,1,0,1,1,retail,0
35.21654077214449,12,61.702667633895,3.967605849828325,1.0301356927939713,1,1,1,0,4,restaurant,0
66.74954396150311,18,5.422571218775028,25.595579874042677,0.9254874705225926,1,1,0,0,4,restaurant,0
20.626007802643905,22,11.003928108043283,0.550750520493621,1.0901344851777992,1,0,0,0,2,grocery,0
256.5309100700962,5,21.933414603491954,38.025793347931014,5.312069836219428,0,0,0,1,3,entertainment,1
104.54242297746022,13,5.348523877644594,8.307689499928468,0.9438999476104608,0,1,1,0,2,restaurant,0
192.2414467865062,20,9.355080218983737,6.131636164883228,1.3648730774248183,1,1,1,0,2,grocery,0
90.25936426874782,15,9.948961484414465,0.27142164586765344,1.0978887128042327,1,1,1,1,5,entertainment,0
11.278013273278525,21,24.799048192164808,0.22289712685383745,0.41316591551352344,1,1,1,0,4,grocery,0
173.95144103229586,0,5.0,175.10980393778834,3.8175873647844627,0,0,0,1,9,travel,1
323.9773446658085,0,133.35258481130302,12.865023337482748,5.5705276225425395,0,0,0,0,7,online,1
74.06751325449038,9,20.124667595155742,3.305236990889673,1.2606129494557912,0,1,1,0,3,grocery,0
50.398995448111386,22,14.870468426412398,3.762823507154108,1.1216945538355727,1,1,1,0,5,retail,0
130.54990102292172,6,3.039386944274926,2.1838606271470207,0.9781690361462191,1,1,1,1,3,travel,0
67.76720920199566,6,3.942978651079809,6.713434398117205,1.0640073647715798,1,0,0,1,4,retail,0
52.958712270999165,20,5.922852355723317,1.0353190676186903,1.0761638191654617,1,1,1,0,4,entertainment,0
8.657430865124342,14,3.7921103516188586,1.1432832506589343,0.6030398628241314,1,1,1,0,5,grocery,0
128.17944386470205,21,12.13757175759756,3.2146236929537526,0.8193930639210298,1,1,0,0,1,retail,0
91.0790826524121,16,3.9339558686072165,1.1635165374088035,1.0517246165878111,1,1,1,0,5,retail,0
28.962000830173707,14,14.69725492599432,8.508717654986889,1.3360137054794525,1,0,1,0,3,retail,0
30.91980117392952,19,13.427530990193066,3.8718408963412623,0.7724415348373306,1,0,1,0,2,retail,0
430.4148072591956,22,12.806456540787055,9.849881554024707,4.022311596328332,0,0,0,1,8,travel,1
180.9247434135968,17,13.170000308017586,0.7015425172941792,0.7723215739763358,1,1,1,0,1,restaurant,0
129.6386876619785,12,15.076812239673835,10.253528639636693,1.1680977410789668,1,1,1,1,4,retail,0
6.6347234569265146,14,0.48380319815844924,9.235575481912274,0.9450768684472984,0,1,1,0,4,retail,0
10.412178716355891,17,1.5884553858850803,6.172610091333021,1.1926274085969524,1,1,1,0,2,travel,0
57.45484775219311,17,10.912930565538389,7.205155002464483,1.0395544951681224,1,1,1,1,2,online,0
155.90806658063565,15,8.045386596679576,2.3415056060478907,0.5941604435647296,1,1,1,1,1,retail,0
40.37121842405128,18,11.73626791570404,14.875284663455279,1.4861052842512286,1,1,1,0,3,grocery,0
56.32744998642489,0,48.38492848395346,65.39070330527133,3.7285159391108755,0,0,0,1,13,online,1
31.780495353598287,7,2.2927132368549543,0.3501080431941519,0.6660126062536443,0,1,1,0,3,travel,0
41.53128644034759,11,17.514851246916518,10.74781532550668,1.3856468930875203,1,1,1,0,4,travel,0
101.66263209107393,12,11.44467522990901,10.258312562353826,1.3077194989247602,1,1,1,1,2,retail,0
64.61271628207128,8,4.565569297542203,4.234107733433505,1.4306226101572985,1,1,1,0,2,travel,0
82.20242072511581,13,0.7143221456574278,0.4044951938640049,1.166819836792005,1,1,1,0,5,retail,0
100.44940828678304,14,3.0066661540073443,2.2870591870003225,0.7759630056988207,1,1,1,1,2,grocery,0
21.4895602171454,14,26.731433226767404,5.56783928958772,1.2038998388221682,1,1,1,0,2,retail,0
65.43198717825973,7,21.187644662458883,12.287963273902161,1.3358840548401412,1,1,1,1,1,online,0
18.95979515390769,19,8.24789977907065,2.0115476316649876,1.189528176075498,1,1,1,1,1,entertainment,0
4.294737719570279,22,13.291432398284641,4.350074808533013,0.8399328839484368,1,1,0,1,5,grocery,0
47.58283189347398,12,18.48116555920118,3.0956281948546884,1.2151730382052133,1,1,0,1,1,retail,0
494.46145172141144,3,86.23175787219918,4.246914187058292,2.3212769805824904,0,0,0,0,5,online,1
48.998516228515676,10,11.884542034315999,1.6024902979721616,1.1501465142119136,1,1,0,0,5,restaurant,0
91.21743929917832,15,8.225677598002841,7.275467933648343,0.35378018078362283,1,1,1,1,4,entertainment,0
449.2254414181518,0,67.8532334635274,179.61617486416273,4.219416588894746,0,0,0,1,4,online,1
170.77214149155893,22,14.01173765821057,16.26859524667491,0.5,0,0,0,0,10,travel,1
66.72746728279789,9,6.224715659634606,2.1233701762599755,0.8263597900130777,1,1,0,0,2,grocery,0
510.730763433548,2,76.11906998255668,138.06099325896383,4.92458002850659,1,0,0,1,11,entertainment,1
11.285031270165554,8,0.586200241115326,11.447802373634575,0.7126931862043324,0,1,1,1,2,restaurant,0
5.884506440045922,15,2.148207784296271,1.0747522775196356,1.379635272115808,0,1,0,1,2,grocery,0
50.0,1,172.78682996603433,2.349850293139257,3.0384131122588514,0,0,0,1,5,online,1
108.47432129675924,7,0.9139232017447347,16.17549341883603,1.2991836780006358,1,1,1,0,1,online,0
51.46249929910182,9,3.495474719418679,0.7413195995887161,1.4847914933491082,1,1,0,0,5,grocery,0
38.60930134722902,10,4.1594957924292855,3.606929359429948,1.3126157254209558,0,1,0,1,4,online,0
9.627744143573677,7,11.377299365685442,11.745262617695317,0.702154211102432,1,1,0,0,3,restaurant,0
315.26766177900015,13,6.408679639981633,4.995585583653645,1.4735399251259933,1,1,0,1,4,grocery,0
97.30684000353493,12,16.578093946258964,2.7537922535678803,1.2325738764369534,1,1,1,0,1,retail,0
58.38662456198796,12,11.323860541043345,2.8977064602046743,0.9113144400373749,1,1,0,0,4,retail,0
4.9095914865573045,19,4.990490668112603,2.1662410603319957,1.4585679081525844,0,1,1,0,4,grocery,0
101.2718789083249,19,0.1,3.1288028606125544,1.0754755228894504,0,1,1,0,1,grocery,0
10.902981480165808,18,20.369166390904418,6.165756979514947,0.838249419724015,1,1,0,0,4,retail,0
32.44134932979659,15,1.6016115174791212,9.980058466572096,1.366887549039187,0,1,1,0,2,restaurant,0
7.627134010322438,10,1.595639243054697,1.6960522579847606,0.5792241930504486,1,1,0,0,5,entertainment,0
58.57673027011123,0,5.0,22.90661713519455,4.449566639907448,0,0,1,1,4,online,1
151.47489226968705,7,15.112493144705596,7.046298058275422,0.8029970399461741,1,1,1,0,1,grocery,0
35.98288756391443,20,0.39837706603658296,1.695294852306568,0.9442933144794903,1,1,1,0,3,online,0
148.76975198697906,22,8.41141322180248,141.33212439199917,2.9400792063989236,0,0,0,1,5,entertainment,1
384.1224685236027,1,109.44648610099611,109.1983040949563,2.6159547129914453,0,0,0,1,7,travel,1
67.94950157684974,7,59.93744413429781,2.3728545582338185,0.9403103300683433,1,1,0,1,2,grocery,0
247.38269913085858,2,195.2861080731998,90.74656168228907,5.219509089189004,0,0,0,0,5,retail,1
87.85426503426476,18,5.180367247383294,1.2827206630331855,0.5873142180337039,1,0,1,1,5,grocery,0
77.72468179007663,14,2.862347409645063,2.130888295915239,0.9251501863640176,1,1,1,0,2,entertainment,0
54.56396772586848,6,2.455970276581943,0.677923749955338,1.124702029008683,0,0,0,0,3,entertainment,0
176.58587810774137,13,1.2658757701373284,5.387786668599695,0.7182982339782309,0,0,1,0,4,retail,0
109.54987690824352,11,1.7505228694112165,0.13636347920175482,1.4769758867856089,1,1,1,1,1,retail,0
51.39049133172749,21,11.777551605629395,1.4521582578751369,0.8053209125946017,1,1,0,0,2,travel,0
5.081462253836545,15,2.130964529783331,6.283483938594915,0.6105021178863035,1,1,1,0,5,restaurant,0
33.94811886857126,12,1.4510711212813807,6.200890323507965,0.5281181973497383,1,1,1,0,5,entertainment,0
9.179047640137282,18,5.690815577482791,1.1647314230959434,0.8861675526109184,1,1,1,0,5,entertainment,0
8.932677423995004,20,0.7115737614441325,0.29182715745533916,1.566362452961223,1,1,1,0,2,retail,0
138.53005929821379,16,5.375803292865489,8.037065339810141,1.2237776161164935,1,0,0,0,5,grocery,0
127.14196023135119,12,12.488612605678927,2.8640425075398572,0.6572747148222765,0,1,0,0,4,retail,0
17.216392650957804,12,4.444105163267971,7.63638562689612,0.6137888624832768,1,1,1,0,2,grocery,0
80.03126180142785,6,0.20878294243791712,0.4262360722155597,1.089042534290662,0,0,1,0,3,grocery,0
109.38673734497706,21,4.695749426699515,13.47705902326542,1.3866875920896544,0,1,1,0,5,grocery,0
6.027450603572316,7,0.35042860976459234,0.34854813550130515,1.0496721360934755,1,1,1,0,3,grocery,0
23.204903599376422,16,6.082792686052202,3.613896783371632,0.9845042804470331,1,1,1,0,4,restaurant,0
54.92478167197781,6,13.09327064410626,1.1221714844175612,1.42435923793315,0,1,1,0,2,grocery,0
109.44421702857377,6,4.691018876953047,4.0832682735668175,1.1956381542831025,1,1,1,0,5,entertainment,0
24.308710967016673,22,11.00944534786619,2.7381050934001268,1.0535375898544217,1,1,0,0,3,grocery,0
57.85838952808945,15,6.403952952925192,5.233398165036056,1.4448617769694387,1,0,0,1,4,retail,0
74.98470580532798,10,10.641422354999044,1.509061832091498,1.7552550873205814,1,1,1,0,5,entertainment,0
23.519677103128696,22,11.830254546628963,1.977173013200241,1.5700784700164179,1,1,1,0,2,travel,0
50.0,23,391.7834381440131,31.85402877345716,3.336862634549841,0,0,0,0,7,online,1
21.980743231812284,20,11.60878093130689,0.8228001916028749,1.1936893201528131,1,1,1,0,5,travel,0
9.376979785548032,7,35.57572510304689,6.691826354695618,1.030173413602197,1,1,1,0,4,grocery,0
4.132902817080391,19,8.739947093863588,1.6980313001592062,1.0203832285877574,1,1,1,0,4,retail,0
52.404410994847275,16,33.01108644356164,6.358643521763777,0.4006055796372896,0,1,1,0,3,grocery,0
45.02952336756594,15,36.091707249951696,10.71739675946381,0.7806747686477402,1,1,1,1,2,grocery,0
289.3834008065857,12,1.5124475939058692,10.502234861240714,1.2878171579908628,1,0,1,0,3,grocery,0
76.13966912886977,21,12.474128133433293,0.5057342160789408,1.0119380354921517,0,1,1,0,5,retail,0
14.996672861687056,8,10.01123852454435,11.052651187105393,0.9119910187357569,1,1,1,1,4,retail,0
80.61676859659487,1,75.0714815804742,23.987213913633525,3.2578615088325433,0,0,0,1,11,travel,1
90.58756825768184,15,0.7908007307262038,4.03184764422294,1.2034498070875106,0,1,0,0,5,retail,0
10.119279674493697,18,3.4583757286008128,1.3688750113488908,1.410105064673095,1,1,1,0,5,travel,0
96.96005428705674,14,8.852511683848924,4.986935617066458,1.4524535275995127,1,1,1,0,3,retail,0
561.9435645582396,3,59.57852222963971,50.97789326129873,4.6540586908326755,0,0,0,0,6,online,1
165.6481081642498,11,21.97795041235574,3.9040460723710053,1.380032355322087,1,1,1,1,5,retail,0
75.62947590095156,7,8.766788945043576,0.25771346562289343,1.116143997030725,1,1,1,0,5,restaurant,0
17.805742277511467,11,4.909169166044353,0.6870965066249857,1.3731881104058885,1,1,1,1,1,retail,0
87.25444101916132,10,4.575110424666711,11.541317690372313,0.879207292331122,0,1,1,0,5,retail,0
83.01455629094048,7,8.957273002960722,12.13876386861585,1.2664541869410537,0,1,0,0,1,retail,0
161.8286580385586,13,12.67531236222315,8.831640140032576,1.392106679234436,1,1,1,0,4,travel,0
101.14352285734384,6,9.96934662908189,9.362416940572182,0.610996353546796,1,1,1,0,3,retail,0
39.46371685126047,18,17.182613854531596,8.607544772562093,1.141893413702483,1,1,1,1,3,retail,0
72.02851958743773,7,18.68239698210484,8.999183663752955,1.1877949123707,0,1,1,0,3,grocery,0
345.23668496464734,22,46.45762633102698,6.63519527870176,0.7639961333674263,0,1,1,1,4,retail,0
28.098243343486654,10,10.529096739326413,5.439698964204248,0.735795972989175,0,1,0,0,2,restaurant,0
20.562546407650665,22,5.884322571178742,3.221013591105348,0.5189406882652181,1,1,1,0,4,online,0
6.580940825928193,17,22.303713001807704,10.131439896464151,1.1738692883392643,1,1,0,0,3,entertainment,0
37.89319878419776,18,5.958874646437598,3.8416081405642863,1.2000051875194813,0,1,0,0,5,restaurant,0
976.9866883463542,23,105.3197965996192,52.826327491289405,2.7099434257423836,0,0,0,1,9,entertainment,1
38.37087271445386,13,16.06069428444947,3.5378595012401,1.196673829855277,1,1,1,0,4,entertainment,0
177.67675030195238,0,154.19041659172262,11.509536790311781,5.257457439329342,0,0,0,1,9,retail,1
122.28765267662803,21,34.27105758005021,3.939816157993276,0.8580664944705509,1,1,0,0,5,retail,0
121.86148724097978,11,11.947922100408967,1.746160544234165,1.8089036120976059,1,1,0,1,3,grocery,0
554.9187243243985,22,34.23867637056625,1.0,4.745924008388067,0,1,0,0,7,entertainment,1
43.26273700387741,10,21.93290111897765,14.367892078938148,1.0293960117926266,0,0,1,0,1,grocery,0
115.6929917202069,8,0.9172323729392183,3.625335903699714,0.9869126402516,1,0,1,0,3,entertainment,0
80.88710366238836,14,19.114401617276407,5.078306283809527,0.5400960666038621,1,1,1,0,4,grocery,0
28.113175178584445,12,5.67999385432522,4.302727808048253,0.7835583944187606,1,0,1,1,5,entertainment,0
22.171585084778094,12,11.735176215229924,0.1095923801326472,0.9295539116627249,1,1,1,0,5,retail,0
1.0,10,2.946424048165764,16.638563549967934,0.5905219057095883,0,1,1,0,4,grocery,0
106.10912492531517,0,11.782598082947908,155.0400553769762,3.3700070618391584,0,0,0,1,5,online,1
300.2683977877452,14,5.456734836018494,17.3138818788211,0.7014845927748475,1,1,1,0,2,travel,0
21.083053201414664,13,7.099822911602489,1.3427749584883681,0.6058597386777484,1,0,0,1,5,grocery,0
220.11383762545927,19,0.1,4.3737182774701635,1.608732474816847,1,0,1,1,5,retail,0
44.242188537712764,13,11.557497157713323,17.363028113391945,0.9233385143992423,0,0,1,0,5,restaurant,0
24.666288224755043,21,0.6504841963279167,0.2551708051624579,1.3524387804992375,1,1,1,0,2,retail,0
108.11145225508977,12,11.604660138444583,4.16664051029673,0.7163332195222705,1,1,1,0,3,restaurant,0
168.3207173944763,11,7.743399022788003,19.97776815846446,1.0290611521157602,1,1,1,0,3,grocery,0
12.005953506457242,19,5.657090629591948,14.565592205591846,0.6588751149037342,0,0,0,0,5,restaurant,0
28.98584197791669,18,3.270264212252241,4.157750742750438,0.804834337070805,1,0,0,0,2,retail,0
76.26563954313944,21,2.6210124597069386,9.148054067672534,1.3331743915768732,1,1,1,0,1,entertainment,0
26.858699503059995,17,22.551103265478115,0.661872919222938,0.67928412022746,1,1,0,0,5,grocery,0
72.318612026716,8,6.88675073557779,3.7794565459935665,0.39484682522635883,1,1,0,0,1,grocery,0
38.962543309341925,6,16.374086140929606,5.592429546733868,1.0752676838110842,1,1,1,0,3,retail,0
18.351472826318464,9,1.5991541978210786,9.629670329369045,0.2038288640235344,1,1,0,1,4,retail,0
42.476565333925784,16,9.683819498954298,2.462497667747478,1.3561798730117491,1,0,1,0,5,grocery,0
137.7182248692053,20,10.964048205816164,7.071954749709695,0.897151011721079,1,0,1,0,1,grocery,0
144.42245608120848,18,11.793371340185919,0.11314480151055659,0.854015905335259,1,1,1,1,4,retail,0
89.51479903869799,2,140.47049905082403,63.61538512108249,3.0370496542398175,0,0,0,1,7,online,1
40.115071936062954,19,4.075825487401276,3.4904343978536243,1.0567557073228853,1,1,1,0,1,grocery,0
50.0,22,70.55464609959141,26.471266991263455,5.725874460391567,0,0,0,1,7,grocery,1
104.04784159812237,15,6.035357659228411,4.333633239051619,0.694050657749206,1,1,1,0,1,grocery,0
147.15648851180603,11,67.19493778252088,14.364276330304381,1.5838259174452185,0,1,1,0,2,restaurant,0
104.3854244818022,10,17.00728511208874,1.1927345455815377,0.9572196053218219,1,1,0,1,3,grocery,0
51.16337769205555,0,99.81176059173457,90.94451917632107,4.527721082850603,0,0,0,1,4,entertainment,1
421.75455813893325,14,8.132962840541504,5.729727457911682,1.2384492441376842,0,1,1,0,5,travel,0
263.9962671981686,13,1.7567557654949784,3.827017222179483,1.1066627516124599,1,1,1,1,2,retail,0
50.0,23,107.6450330725059,16.61714360997457,3.1366665461874885,0,0,0,0,11,online,1
776.358111863027,4,238.42854353387568,18.632921472714383,3.033772269224946,1,0,0,0,12,grocery,1
266.80814894812,22,52.35133298365615,138.04204337651166,1.2966526507546376,0,0,0,1,12,retail,1
34.44976830924682,17,6.25500928821542,3.9965610480941365,1.0027115325339029,1,1,0,0,2,online,0
132.19002930930017,15,12.924967092875095,3.884917050006508,1.0060092392564497,1,1,0,0,5,restaurant,0
29.860625957168786,6,28.30199662785553,6.973525053836957,0.930869047614849,1,1,1,1,1,grocery,0
30.13001735802394,12,8.208451954052213,0.11571853308625889,1.178424912956333,1,1,1,0,2,retail,0
288.4598399108707,2,69.92645833043382,17.938582275919604,3.1211479764653793,0,0,0,1,13,travel,1
54.73361813304549,21,13.327065686250414,2.908400440572846,0.7827521293530523,0,1,0,0,1,restaurant,0
10.352807124568093,19,3.507655321176108,1.3745520027968359,1.2521734126265427,1,1,1,0,1,restaurant,0
89.88812357154447,13,10.282278922082464,5.664930374394653,1.108796585732502,0,1,1,0,5,travel,0
11.03801757699327,16,3.512245594516987,5.410560950404016,0.8270605302283602,1,1,1,0,2,restaurant,0
93.12673140300545,3,106.73882924777361,93.57681605480488,5.871511719679608,0,0,0,0,3,online,1
21.598876272636748,22,11.405354897684889,4.915839563549726,0.4052804743996655,1,1,1,0,2,online,0
169.09239210318907,13,7.467396165465341,13.20863312081735,1.52614061210135,0,1,1,0,3,grocery,0
46.56133978426345,19,3.1772781116746653,0.5909297564411755,1.8865481602046543,1,1,0,1,5,grocery,0
340.8412597709559,2,15.059996796969967,28.54588151616025,2.932236954870005,0,0,0,0,6,online,1
126.09772075818165,3,90.9167528043152,29.57522361632493,4.074911713061557,0,0,0,1,10,retail,1
103.86810804965721,21,9.480404053061358,0.32914461120638194,1.257180862656753,1,1,1,0,2,entertainment,0
15.029198883635468,6,0.3766277160407958,2.231328832484814,1.0769262728626294,1,0,0,0,4,grocery,0
211.56951980293206,22,37.07692212669623,34.312008954588336,1.5892167371039556,1,0,0,1,14,online,1
8.98309705316909,17,27.771584564144298,2.496903602006987,0.7259644110616192,1,1,0,0,1,travel,0
208.7766568266252,4,161.22935962299442,5.5463336768117255,5.317311516279145,0,0,0,0,9,entertainment,1
11.507307888955886,13,6.4569127994435735,0.3639332289160053,0.8896861518959889,1,0,1,0,3,grocery,0
75.40586087221423,7,2.4191994478680283,3.4044291980738044,1.0677214702174675,1,1,1,0,3,entertainment,0
53.52856877559912,11,19.29123987140414,0.31906215341951677,0.9700421689196121,1,0,1,0,5,retail,0
141.2327907297726,16,20.723438120088076,8.95520118481211,1.090859010035501,0,1,1,1,4,retail,0
167.88869103206355,21,7.532435314668138,5.1820513297620865,0.8738042298356437,1,0,0,0,5,retail,0
53.01533468298732,10,37.022658578156175,0.33243693996734164,1.7110206926980416,1,1,0,1,2,restaurant,0
192.14265000913886,6,14.343797629852023,5.293103635708282,1.2688940657596828,1,0,0,0,2,grocery,0
185.15449713744187,15,11.982788014078853,2.5456387012758066,1.0135079625204604,1,1,0,0,3,grocery,0
152.07963735348412,19,12.294766705710078,7.18855415231606,1.4790109273037955,1,0,1,0,3,restaurant,0
90.16743219569287,14,2.2341358412541505,0.1,0.8909803324556704,1,1,0,1,1,retail,0
59.99229889621243,12,6.92481985414183,13.720183756886978,1.1204219086880067,1,1,1,0,5,restaurant,0
71.27499599643664,10,16.48418519997211,0.6767498891319061,1.0391990417410522,1,1,0,0,1,restaurant,0
8.95271440282888,16,12.46675230832728,2.107234704186066,0.6971950696151101,1,1,1,0,2,online,0
359.4971371687717,5,101.70877476020208,7.269698228402426,4.283676529915977,1,0,0,1,3,online,1
33.314501368859325,11,9.091273929030802,6.839331789217349,1.145267526498205,1,1,0,1,3,retail,0
71.49705614398422,17,6.4790863362060405,2.8502797150944597,1.177245237102685,1,1,1,0,1,retail,0
102.00497815489796,22,3.755035043074834,4.598290348828809,0.98112943808648,1,1,0,0,2,restaurant,0
100.71656147394465,7,0.1,4.048821075066263,0.7376921478458255,1,0,1,0,5,restaurant,0
44.715062164244905,18,52.68721101278648,6.557567932342046,1.009318702529829,0,1,0,0,3,travel,0
103.08662125388338,20,3.002675992838239,1.6625022779138559,1.0001763961892778,0,1,0,0,3,grocery,0
57.25109346590144,1,80.56811097121118,35.72920256539041,2.1065397915055333,1,1,0,1,12,entertainment,1
61.97657105106083,18,6.922721857600421,3.6830532886541114,1.529525400305494,1,1,1,1,4,grocery,0
182.46260549666016,21,15.69719494607341,2.2996438257957355,0.7467757570805125,1,1,1,0,4,restaurant,0
128.69715631439203,19,9.113488750798725,3.466448460309135,1.0125306975582768,1,1,1,0,3,entertainment,0
50.01737049491859,6,11.011995405090143,0.8962922063187746,1.1891034438168488,1,1,0,0,4,grocery,0
20.57457023015312,12,14.90388914052081,1.3785359666515786,1.0494052409652237,0,1,1,0,3,grocery,0
26.848467857235722,16,20.312875623214918,3.3768665771596456,1.092928705721453,0,1,1,0,2,travel,0
19.744689893560444,13,0.7769978840223014,2.6125601430553043,0.4290936148307084,1,0,1,1,1,online,0
116.39873475514958,9,4.538800141460179,3.8270505679240685,0.9719624159648702,1,1,1,0,5,retail,0
29.17705490790858,15,4.118084039877098,2.379769756739743,1.4800446795352238,1,1,1,1,3,grocery,0
275.5430130182229,22,16.040184631432485,2.0553821308264966,1.212471303601732,1,0,1,0,3,restaurant,0
48.835188071411864,22,6.390067955893999,0.6450249031820829,1.2306991799203095,1,0,1,0,5,grocery,0
118.00123870364916,19,3.600597980852917,1.7503941141180541,1.0996280715268818,0,0,1,0,5,restaurant,0
4.155899449167201,12,4.021121734816497,0.9860164082922419,0.929551061972826,1,1,1,0,4,retail,0
90.48274454240727,20,18.60937649043983,2.0953847563340733,1.3353171571658353,1,0,1,0,2,retail,0
166.20574329481443,21,2.240717108782428,1.692480885072397,1.0343528913180382,1,1,1,0,1,grocery,0
34.415188750548054,14,6.511585997204703,6.19446871260782,1.1807627417115152,1,1,1,0,5,grocery,0
90.54265705791173,11,2.1429995107905047,3.347059233249409,0.6654907341945908,1,1,1,0,1,retail,0
130.35431567963835,9,23.130243704757714,6.049266725633197,0.4418698462113352,1,1,0,0,3,retail,0
47.37358465729163,7,10.414634615130865,6.233107102684,1.0768558612478887,1,1,0,0,5,restaurant,0
185.62896744322978,19,25.16997352935276,1.1429950297165783,0.8772300778282955,1,0,0,0,4,entertainment,0
91.9525988623012,7,1.259796810828726,3.0898801482028566,0.9982463198778474,0,1,1,0,2,grocery,0
34.82758797432937,13,15.795816133421244,1.6879432992467778,1.1798001057308858,1,0,0,0,5,grocery,0
14.156481914726644,21,5.731785883821571,0.13140344034945006,0.6942767288040383,0,1,0,0,2,grocery,0
76.79151809679632,20,3.9853525592116164,8.467566633305648,0.6987011411741679,1,0,1,0,5,restaurant,0
28.700590159928584,22,13.387519363632883,0.5582299084316431,0.6718006678894552,1,1,0,0,2,online,0
140.29171615027403,12,6.340874594597226,5.50375245809052,0.95152806484033,1,1,0,0,4,restaurant,0
26.278002464852065,13,35.4410430288696,8.682261520079281,1.1520629734375119,0,0,0,1,4,restaurant,0
136.22171613553508,10,8.564301165259119,17.487717209425313,1.0411097726952345,0,1,1,1,2,entertainment,0
45.31230530505911,18,23.461849890402995,0.1,1.3487664723406778,0,1,0,0,5,restaurant,0
79.0874952293837,10,20.886016450917474,2.422147646244928,1.0309093896797545,1,1,1,0,4,retail,0
49.03654057674423,15,0.6875629828612808,9.448181000482919,1.2357927964379052,1,1,1,0,5,retail,0
50.0,4,23.860822376228317,5.883330315297099,3.999947430126277,0,0,1,0,3,travel,1
64.48219451745389,18,11.690589957785079,0.3863849610253678,0.6819386281542832,1,1,0,0,3,retail,0
97.02326500423823,17,20.242803385235746,0.434551898879285,1.5372702643349212,1,1,0,0,1,restaurant,0
529.12310451386,4,9.120755374844556,48.073952706582304,4.560964149053612,0,1,0,1,7,retail,1
96.19202208576706,9,1.5678108963665724,5.858669694439554,1.11170626168554,0,1,1,1,5,online,0
1.3101451339472414,18,6.245098442738419,5.086632532764545,0.9874182375874349,1,1,1,1,2,travel,0
35.12810964183926,21,12.761244971690278,8.884707401345008,0.7272649543966578,0,1,1,0,3,retail,0
326.952472242156,22,70.06809670898433,24.272988785375293,3.4574973901678145,0,1,0,1,13,entertainment,1
229.2053923428043,9,5.917556556937341,1.9959762676853308,1.4302424303257868,1,0,0,0,5,restaurant,0
67.52898691485244,11,5.94372305741744,0.8325959082237469,0.7957911848185999,1,0,0,1,5,grocery,0
37.08241919734243,18,14.234526401837746,4.25364876597497,0.9377066485109523,0,1,1,1,5,retail,0
398.99850023687833,3,51.95364818992749,86.9668666339962,4.8313310985748075,0,1,0,1,12,grocery,1
36.11092558650607,12,1.5225359246605956,0.7330714716659432,1.2076816179774446,1,1,1,0,4,restaurant,0
80.4892900044176,20,5.51559961145867,2.1633496644399193,0.7448371575482469,0,1,1,0,1,entertainment,0
147.41835230768862,9,0.4675176860466985,6.300475944657938,0.9003018785018904,0,1,0,0,4,retail,0
84.93601684471403,8,14.4258157999454,5.788873365752288,1.4825207566939083,0,1,1,0,3,retail,0
12.745506873036348,15,0.4971282703056343,2.8743335890553476,0.6746362270296662,1,0,0,1,5,grocery,0
4.037883241639163,8,6.0622867063264785,1.3260246773318078,0.9948133007868378,1,1,1,0,2,travel,0
481.6894162311071,1,139.67605763973216,29.405444151484755,2.06202396870253,0,1,0,1,3,online,1
40.17244101262919,20,1.4621309499486943,4.555392636824145,0.955192017235708,0,1,1,0,4,grocery,0
57.14314980954,8,6.214681343676933,2.3325562828453004,0.7843171689514824,1,1,1,0,3,restaurant,0
35.05525855674846,11,10.264167017498664,0.9108985329893453,0.8229733758986753,1,1,1,0,5,grocery,0
25.927140328267292,16,18.053835097879517,2.9285225224869404,1.0079540701645697,1,1,1,0,4,retail,0
68.03509148321584,19,12.94654124253595,5.689784563328317,0.7652901849634315,0,0,0,0,1,travel,0
38.682410153426986,20,25.313270850710584,5.701136630726582,0.7005907174086035,1,0,0,0,4,online,0
40.02192176200066,18,2.677358815683006,3.443584165004965,1.2414894692599932,1,1,1,0,1,grocery,0
8.299776655780558,10,33.73386418967322,26.476091551136115,1.4648394888385639,1,1,1,0,2,grocery,0
407.72383414221116,22,34.77995855011411,197.05818790762052,3.8486786180494823,1,1,0,0,5,travel,1
70.22606894446045,18,7.4742093399015115,4.558168336180372,0.6257008188912367,0,0,1,1,5,grocery,0
130.74222137411508,9,13.696380459867134,1.3476419730580245,0.9701931120017994,1,1,1,1,2,restaurant,0
34.8912492293232,16,23.728938715430303,1.0375596112050667,0.6842366310687376,1,0,1,0,2,retail,0
102.01353117937175,8,2.5896987865561916,0.8192885193599124,1.1162055656139864,0,1,1,0,5,grocery,0
248.29249872549485,18,5.34948269029885,0.7418665400867451,0.9652614105775638,0,1,1,0,5,restaurant,0
160.89846915839516,22,2.7948093073688964,4.317896430516138,0.8373715498853577,1,1,0,0,5,retail,0
57.16286480884484,21,5.764326066897027,4.116720410755725,1.1278264625757854,1,0,0,0,4,grocery,0
34.73768713449449,20,2.0969916298580786,8.549496644331926,0.626825178204989,0,0,1,0,4,retail,0
253.19037497464294,3,64.2933363420877,58.24592082511192,2.081296064187448,0,0,0,0,3,online,1
28.522292713345347,8,58.4775701195809,9.236179311150103,0.5952499929547685,0,0,1,0,3,entertainment,0
22.572848042376755,17,1.094456657350118,2.093309951470503,1.082113065975384,0,1,0,0,2,grocery,0
57.7370167389397,16,18.633513268823826,0.14875841057827627,0.932250638699947,0,1,0,0,5,grocery,0
9.53845909166885,8,18.80072047787859,4.08990795663141,1.4035715930402077,1,0,1,0,4,grocery,0
74.4914010851285,17,0.7875411218386535,0.917694346270521,1.2988151832079382,0,0,0,0,4,grocery,0
9.876433879829225,12,11.348505714547946,1.2464164320990945,1.1683184126426893,1,1,1,0,5,grocery,0
51.87070507484654,22,0.43474974029024116,13.345375719132168,0.654235505249741,1,0,0,1,3,restaurant,0
6.859592596554887,15,4.430082426348706,3.6626702081025995,1.1191454111202972,1,1,0,1,4,grocery,0
295.89672141853504,22,1.790276312603606,6.48156580119659,0.9605877046225733,1,1,1,1,2,restaurant,0
50.0,22,26.424892211123815,26.97347403494574,1.8571730661746724,0,0,0,1,12,restaurant,1
240.51281049855544,20,7.705732373262962,0.18495265384462803,0.965568501739348,0,0,0,0,3,grocery,0
351.64467339242634,13,20.132702090617407,7.649333560280321,0.6803277069441745,1,1,1,0,1,restaurant,0
82.17141504396699,18,20.052666902353977,4.9393743712442975,1.3434319186432857,0,0,0,1,3,grocery,0
131.14690349518975,14,11.954276125470162,1.955565598470963,0.8980413134210227,1,1,1,1,4,grocery,0
9.365333566452918,8,7.287029693600998,9.251226000506657,1.1601274033742537,1,1,1,0,3,retail,0
13.844354460831958,14,54.983892246771646,0.45167198522042606,1.285051461580538,1,0,1,0,3,entertainment,0
291.36093162639867,19,0.8153252279965716,3.7320739553910762,0.716967948206803,1,1,1,0,3,restaurant,0
275.8616678159191,22,70.5748042092844,81.63039137239882,6.396860746847788,0,1,0,1,12,grocery,1
53.53885934752903,19,33.780184881180844,15.106703890174131,1.0324220866665177,1,1,1,0,3,restaurant,0
17.759767982074695,20,1.5240232607623247,4.194299432799219,1.1576003555972842,1,1,1,0,5,restaurant,0
19.263337317753663,19,0.1,7.615171333055798,0.7042945473987561,1,1,1,0,2,grocery,0
259.09968522107783,2,50.012062473366115,140.33190398846207,4.173665995069742,0,1,0,1,7,travel,1
15.526781228476219,19,6.969404161102584,4.563987163195807,0.9693373560098135,1,1,1,0,3,online,0
90.11723080199863,22,6.901321843012599,1.373755054691785,1.3459118417229001,1,0,0,0,5,retail,0
282.93640933332944,1,204.3641142044808,27.973772079748066,3.6904059683551003,0,0,0,0,14,grocery,1
269.97326353773394,17,11.050346651483963,2.151264056474428,0.7541133826525623,0,1,0,0,3,restaurant,0
40.54833211473007,6,34.65846067037284,4.465865709388307,1.1747872267670936,1,1,0,0,2,online,0
62.59752809565106,19,3.36995262862551,0.383050377426435,1.2718277871329684,0,1,1,0,1,grocery,0
6.156955273905336,11,8.80079718932649,1.0331162195320513,1.6000441171552193,1,0,1,0,5,online,0
27.1078794187695,19,15.431537073352597,6.6505782227066454,1.2458984586539033,1,1,1,0,4,retail,0
11.797417386711142,17,1.1680855812951192,1.672252259990961,1.1584826574979683,0,1,1,1,1,grocery,0
16.89539868313918,22,11.387819999442787,0.22113461957699462,1.027256075613747,0,1,0,0,3,grocery,0
78.4543454938661,12,3.6422110043306564,1.3305103442149988,0.7955345795639421,0,1,1,0,1,retail,0
317.67279115411566,13,4.650248512972217,2.021074744511944,1.3569188767253875,1,0,0,1,3,online,0
13.539090402408046,19,5.037800087099642,3.0094463380740866,0.8592549468584542,1,0,0,0,2,entertainment,0
2.2819591035540676,19,3.6276959782516274,3.632538922597306,0.8542617211014696,1,1,1,0,5,grocery,0
49.02937747377453,18,2.6922362291975115,1.127279041002833,0.9752595537902532,1,1,1,0,4,retail,0
3.2045372976873923,10,1.9254237249486468,7.6871692332079515,1.1838385543764072,1,1,1,0,5,restaurant,0
59.02852023200765,11,2.420109899856931,2.370441304728583,0.8284442287977043,1,0,0,1,3,retail,0
83.9050447574848,9,7.27424919484335,0.6846083031949777,1.299371010902913,0,1,0,0,3,retail,0
2.0104280091793263,15,16.995071549860494,16.30969894819771,0.8308129038903352,0,0,1,0,2,travel,0
50.0,22,59.78149130318744,6.113155729142462,3.034207636014833,0,0,0,1,8,online,1
55.54451897263152,22,0.5688858871133304,1.866753700091048,1.0000897198685892,0,0,1,0,3,retail,0
138.8864795102169,22,0.5453304426318237,2.2468419005198466,1.2844286423055686,1,0,1,0,5,retail,0
6.272578915587389,8,5.268895611799672,8.86063728849596,0.9925070432424894,1,1,1,1,1,entertainment,0
72.60126307273231,19,1.9834630591840479,1.2222262298275903,1.181675637512586,1,0,1,0,1,restaurant,0
85.90751137103098,18,10.59339340636247,6.250158325152403,1.8667679964252146,0,1,1,0,2,entertainment,0
98.20019404746586,18,0.33414834757241585,8.557727083820405,0.6422494507838712,0,1,1,0,2,retail,0
775.7870812769237,2,191.14514612185812,13.476019547454863,4.345676687049645,0,1,0,0,9,online,1
75.48885801119327,7,5.261853525545106,2.3707099216684813,0.9155659244129859,1,1,1,0,4,retail,0
457.0303909439948,20,2.748392286415747,2.0490691988851224,0.9212809933056313,1,0,1,1,4,entertainment,0
3.208458408001234,15,13.694023835063454,4.673014470669608,0.6045783191163543,1,1,1,0,1,travel,0
8.910410213052781,19,1.7579777968044688,4.517226768261386,0.9033771774836623,0,1,0,0,1,entertainment,0
15.454970519435689,12,2.9205280442335138,0.136835386670577,1.4485293143546771,0,0,1,0,1,retail,0
4.2431523509745235,10,6.368944124341249,4.914107463616753,0.7802536249379437,1,1,0,0,5,online,0
45.511930504185905,7,43.25691473188647,2.9972250684660433,1.351945635304714,1,1,0,0,2,entertainment,0
28.33680493885478,18,5.922059034702167,17.082704614470806,0.9195468679549066,0,1,0,1,5,travel,0
66.8586866936661,17,2.7747434198485137,8.130105719274374,0.863561250269512,0,1,1,0,3,grocery,0
180.73358448247163,10,11.429074910612144,1.075363885328592,1.3846239221331131,1,1,1,0,1,restaurant,0
46.60682682271106,15,7.6563167481714824,5.496620172488057,1.728271089989146,1,0,0,0,3,restaurant,0
599.3119889651024,1,12.228979421350552,17.253015988638435,3.891746904236731,0,0,0,0,11,online,1
12.943336575647278,13,7.586653741261257,1.2335483235510714,0.7175201210084392,1,1,1,1,3,grocery,0
10.004369787693026,6,5.751207307121379,2.2326519857651332,0.5401259811712886,1,1,0,0,3,retail,0
44.62513551267419,9,2.75159275294594,2.4573457968913512,0.9359079259521289,0,1,0,1,1,retail,0
297.94681244976806,14,2.8963861255011536,0.7781033128117607,0.7347532575424218,1,1,1,1,4,retail,0
25.99491672135595,13,19.368288872822507,0.14668056639893562,1.4389478734978947,0,1,1,1,2,retail,0
173.19220137252455,15,7.291550576652773,8.1680129475786,0.9799921726269992,1,1,0,1,5,restaurant,0
74.51515813897625,11,18.882614167008224,0.809170978209184,1.2480126995104437,1,1,0,1,1,retail,0
53.703172721793266,8,11.39074863740192,0.3736859343505749,1.5489417424708938,0,1,1,1,4,entertainment,0
91.43469541009361,8,11.36798393760581,0.9638456912505465,1.1289155130013484,1,1,1,0,2,retail,0
10.774177883185045,7,0.34692755974669376,7.504509524722241,0.9375789101903756,1,0,0,1,5,retail,0
299.2554178257227,23,15.487669418378928,45.97067099185372,4.885834875388112,1,0,0,1,10,online,1
28.9014890111965,7,40.34102299825277,0.5320915864846751,0.9067685978670182,1,1,0,0,3,grocery,0
72.68777040327252,13,2.458983701379422,20.289578733315338,1.2235453568307588,1,1,1,0,5,retail,0
151.95541501910859,14,5.762285567322246,3.0501526000218115,1.0655177665278683,1,1,1,0,4,grocery,0
120.51588704007594,2,106.62277670640972,25.693876724917146,6.89199989209494,0,1,0,0,12,travel,1
182.64656080531813,16,6.108680357644233,1.118565200369401,1.2841497206375605,1,0,1,0,1,entertainment,0
204.74814940205658,17,33.248121439698,8.448937094877166,1.5763764234670847,1,1,1,0,5,grocery,0
322.90467931130223,0,73.46635002617671,19.2086863822441,2.8847072273224854,0,0,0,0,13,online,1
232.06877818606355,7,7.524612116586729,9.191842804430653,0.9966921582027805,0,1,1,0,3,travel,0
13.136434125134544,20,22.156487906673924,4.6650212396287145,1.1138465179976158,1,1,1,0,5,retail,0
47.687266521950214,6,0.4304084701314548,2.3012202201522878,1.3212219526674724,0,1,1,0,5,entertainment,0
95.52523397386025,14,2.416190699457157,8.425310002477213,0.69768533230281,1,1,0,1,5,restaurant,0
28.4680940723738,13,3.4151095360709722,1.1090354871148866,0.6805450492411486,1,0,1,0,1,entertainment,0
119.55023346706973,14,3.7802089315671976,0.5955774227920593,0.22849672759766437,1,1,0,0,4,grocery,0
3.571420138827156,9,2.4566593588808896,7.3679446303513725,0.6408060581295888,0,1,1,0,3,retail,0
78.64599674746626,22,27.747826522103768,0.1,1.0861373186465741,1,1,0,1,1,retail,0
40.40641050393438,7,2.213738409583465,6.127832057030394,0.5980739227742105,0,0,1,0,1,entertainment,0
348.4505720607416,4,50.62243569095144,36.49589663721688,5.1384637577331205,0,0,0,0,10,online,1
62.86615714598062,15,15.571443541858894,7.9037655396651,0.9519180361539742,0,1,1,1,5,restaurant,0
50.0,22,22.288657269591173,51.76152644390159,4.35674870108775,0,0,0,1,7,retail,1
73.11240382070592,6,1.2616207438272382,2.064913499793373,1.0729565112808048,1,1,0,0,3,restaurant,0
375.71517920685477,3,50.4729989235389,9.882738443951903,2.717611303707832,0,0,1,0,3,grocery,1
85.82384753419375,14,5.847489976396204,6.060785092477193,1.1145368167505052,1,1,0,0,2,grocery,0
104.71381832926963,8,12.063065958402426,4.171909468409081,0.9885507117612146,1,1,1,0,4,grocery,0
59.50006657151377,20,0.8066359051495677,1.794567161781814,0.40866073711494566,1,1,0,0,1,entertainment,0
11.605588933617796,7,0.13589187060314106,5.642666659946079,1.0279117337132104,1,1,0,0,5,grocery,0
24.16048123749841,11,0.6278981294448522,20.454578791789192,1.090118992573574,0,1,0,0,2,restaurant,0
24.93331993258211,15,10.269083115671243,1.8187931329917915,0.8685927051609565,1,0,1,0,5,grocery,0
38.548392700244094,10,36.69072248898158,8.085451313534604,0.9274447845077683,1,1,1,0,1,restaurant,0
68.8345065636764,20,2.480902265294169,10.592269354203232,0.9579446154632899,1,0,1,0,2,restaurant,0
144.23164262585388,23,6.035620219064038,15.057263262447258,5.017941074252262,0,0,0,0,10,online,1
12.932651081525037,8,0.9516792631298683,1.105192335882458,0.9858508497066747,0,1,1,1,2,retail,0
68.56507107833977,19,25.571745985316106,3.956617232372012,0.9588564524927309,1,1,0,0,5,retail,0
130.82039048693878,22,24.94535566024603,15.497378978294742,0.3558657750535519,0,1,0,0,2,entertainment,0
4.091687272467638,8,0.9010710206175048,1.284042354196768,1.058486455314721,1,1,1,1,4,grocery,0
8.498026838530418,20,2.0470058620929747,5.277966976723754,1.1553911532295942,1,0,1,0,5,retail,0
55.17316930076876,7,10.343007373591295,4.709876946922254,1.176364090986205,1,1,1,1,1,restaurant,0
75.85832351142746,6,5.406067919314525,4.955732063271084,0.7478152654565579,1,1,1,0,4,grocery,0
26.07432862978149,6,6.200767056355383,23.596984168512623,0.3624304011176289,1,1,1,0,3,retail,0
22.081516948023946,10,3.51718277660755,0.5502125865948816,1.306027767389887,0,1,0,1,5,retail,0
21.68997188830986,20,0.7538200926715326,9.04612975251052,0.5513781249888909,1,1,0,0,4,restaurant,0
36.21976597639319,7,72.31445874646452,0.16260830709743807,1.0892740960569138,1,1,0,0,5,entertainment,0
140.61325113828062,7,8.006482554001684,6.509330832601555,0.7583441210937476,0,1,0,0,3,grocery,0
325.71376597429105,13,8.708508646721905,10.494183257240842,0.9492937905960345,1,0,1,1,3,retail,0
54.21595837052035,13,12.235868933557459,0.13792693016365684,0.8978488433577448,1,1,0,0,5,grocery,0
43.85925485149901,6,3.9559945877789753,2.025743522670203,0.6857659711508064,0,1,1,0,3,grocery,0
9.786625675578787,13,14.550763868191545,8.957646624178736,0.8140242186777522,1,1,1,0,4,travel,0
90.37660824378304,20,13.303835148794656,7.938023916047077,0.588339520018524,0,1,1,0,1,travel,0
67.29702376063098,16,0.5903292702837383,2.541913815809135,1.2375388846139053,1,1,1,0,5,retail,0
68.18330348625868,19,6.822459415084358,5.973514413375836,1.0957857202470969,1,1,1,0,5,restaurant,0
88.21431229500178,6,33.84821870010799,8.492188931990356,1.0606074365467708,1,1,0,0,4,travel,0
50.0,1,44.52208583379641,19.31647922947643,3.6958994933799927,0,1,0,1,7,online,1
111.28112232540067,15,15.290761731478348,10.047573572818226,1.384442215844591,0,1,0,0,2,restaurant,0
36.88448119496234,8,49.137010591540474,5.652652706065565,1.1857929744185314,1,1,1,1,2,travel,0
140.9198825838106,18,5.381119596504198,5.554215963505692,0.7236399717224797,1,1,1,0,4,retail,0
72.03546632278544,15,2.6122644976272147,7.808022553807474,0.9190599018876136,1,0,1,0,1,entertainment,0
1112.985314844689,2,109.87744736376641,63.132125112540336,1.9412823084651505,0,0,0,1,10,online,1
59.608858395261535,22,4.320919968240744,2.7994528084037062,1.0250009960318598,1,1,0,0,2,grocery,0
317.85307743795266,7,1.7462577664657881,5.982098984794461,0.7887095241911293,1,0,1,1,3,grocery,0
89.71452198204496,22,1.633793987434382,1.5500887138586266,1.1279518065866303,1,0,1,1,3,retail,0
70.4084457679597,20,5.486300593582429,0.1,1.2928066807638097,1,1,1,0,5,retail,0
240.63470739651711,11,11.79565239420013,3.286430522383359,1.1061745559196454,1,1,1,0,5,retail,0
3.3969386400841355,13,9.624327918431751,8.241145764030207,0.9468164571136604,1,1,1,0,2,grocery,0
55.95472086602348,17,51.280916789324095,25.019273467516268,0.8376010383096517,1,0,1,1,4,grocery,0
177.50442162674446,22,21.251897103966005,66.39694492607946,4.585382676830607,0,0,0,0,13,travel,1
27.16065159998759,11,10.638536470100235,20.636297173208668,1.3373142211538278,0,1,1,0,2,grocery,0
492.9286139526679,3,142.84539956268088,47.255228126668165,5.307467204410311,0,0,0,1,10,travel,1
48.752426907730076,17,28.850463706162923,11.741829503925842,1.1749814978969468,1,1,1,0,4,retail,0
26.98114857781068,19,3.6085089126954006,12.257789298358615,0.7119422318718431,1,0,1,0,4,restaurant,0
193.2430633258459,2,5.0,9.414355538230307,6.38123319304747,0,0,0,1,3,online,1
2.0571318986117624,14,4.248444912942996,2.60365883263313,0.8618483060094394,0,1,0,1,1,retail,0
2.993005267055666,7,11.547647593121289,1.5485554486356108,1.2165570974830517,1,0,1,0,3,restaurant,0
82.659503796162,22,3.7643698753172834,2.087531136674167,1.2470653857813794,0,1,1,1,1,online,0
10.160485472808265,7,3.123063680333582,2.220669125607875,0.7726215615793455,1,1,1,1,4,grocery,0
21.868689356571764,7,2.834400759931017,6.2530896263981,1.5455733709402364,0,1,0,0,5,online,0
23.832816017746058,18,14.749115170243423,1.7214082652935807,1.1516178203462737,1,1,1,0,5,grocery,0
22.832105189251894,13,31.16760645296008,15.865086024747528,0.9324207108296012,0,0,1,1,2,grocery,0
1.0544755860527382,22,1.0193132946317598,16.655862959002864,1.065903139172926,0,0,1,1,4,retail,0
514.1231888106532,4,116.98503798472561,40.26049708376729,3.8768913300899626,0,0,0,1,13,travel,1
313.09224780644735,17,13.415117378360051,0.5311954559705455,1.2578229450609903,1,1,0,0,4,travel,0
74.59951575724716,7,6.446373988499684,0.7698389151073738,0.6353905665905436,1,1,1,0,3,grocery,0
147.62967936495772,11,7.033263816454989,5.623030818588641,1.0742038420748743,1,1,1,0,1,grocery,0
60.81490248497679,7,23.445317348768366,0.8127255306984855,0.9872654961690915,1,1,0,0,1,grocery,0
9.97288230442782,7,1.4919804550712856,10.7579078555662,1.0071653340581386,1,1,0,0,4,grocery,0
17.04290262255797,19,35.37431979951932,1.865131243081894,0.8223985371107095,1,1,0,0,1,grocery,0
178.5490416657462,9,6.524705566810045,11.429563924113367,1.1305494918841235,1,0,1,0,2,retail,0
180.46134034644908,22,16.585192387907984,0.5626738274421351,0.4366526174160683,1,1,0,0,1,grocery,0
67.85856768606205,11,0.11957617040662152,1.7217093436174968,0.9225805400542846,0,1,0,1,1,retail,0
104.032623812587,9,6.493476770676589,8.77012904217522,1.346653154477386,1,1,1,0,2,grocery,0
28.388479206391445,20,8.699758290457412,13.495285218404208,1.0473535219911727,1,1,0,0,1,retail,0
80.30702617101106,9,9.214277627259127,8.264088120189538,1.033327957918513,0,1,1,0,2,grocery,0
135.31493415986537,22,0.47888585215629653,0.1,0.5301286960584928,1,1,1,1,1,retail,0
149.03460886516712,18,2.8285560345183343,2.449764346593139,1.3077594721705548,1,1,0,0,2,retail,0
853.505242379975,4,65.42243274706055,66.04855030980391,4.1422219675476395,0,0,0,1,14,online,1
86.16918125800133,14,2.6021564249346554,3.349065046520914,1.021057861340072,1,1,0,0,3,travel,0
111.58301264467788,20,22.8594451550995,1.861023868000412,0.9267755913804137,1,0,0,0,1,travel,0
13.582688263960849,18,0.43860222618934186,12.682816384312076,0.5725540054544438,1,1,0,0,2,travel,0
57.98688549582168,11,7.797357249480704,10.279357782145697,1.0679783873632929,1,0,1,1,2,entertainment,0
7.529537368904898,8,2.7255772281444823,10.299514321848202,1.1452994046493281,0,0,1,0,2,retail,0
69.03366699146473,17,0.5171211286227223,0.2859484788689353,1.0539278981806988,1,1,1,0,3,entertainment,0
11.296233522813315,18,1.7743707941546893,0.9540722166144943,1.48311609958169,1,1,1,0,4,retail,0
6.227915565430582,22,0.375313906498176,6.448865841115935,0.1776363304247106,1,1,1,1,4,travel,0
9.093869091690783,15,18.880835893864013,3.1101178526181923,1.0127240657359682,1,1,1,0,2,entertainment,0
50.0,1,172.54088287286243,140.39838794055706,2.43366130817063,0,0,0,0,7,retail,1
30.91610179392763,8,16.659620906775924,7.323960335428574,0.9444380006821869,1,1,1,0,4,online,0
289.08795493939743,21,4.689068841444598,4.0678609369284695,0.8554683917879828,1,1,1,0,3,entertainment,0
60.36931241814696,6,3.9720080469501085,2.9007873805709643,0.986125170387289,1,1,1,1,4,restaurant,0
50.0,3,173.1542528471802,60.16308151658204,1.9437799538326832,1,0,0,1,9,entertainment,1
19.96442151124201,14,7.08910805587858,6.043130843693524,0.9897977422594272,1,1,0,1,5,online,0
85.40673525473673,10,24.65759881945967,7.07141477375436,1.0505785257865223,1,1,1,0,5,online,0
85.68447387770476,6,13.68902107721663,2.8861928937951102,0.9568087542894302,1,1,1,0,4,retail,0
2.7405212182063825,6,15.178374737878961,9.19604614567275,0.7674026161426323,1,1,1,1,5,retail,0
63.765831850312004,22,33.008832317899454,16.84684295976101,4.731866409441113,0,1,0,1,10,entertainment,1
300.5190724871767,3,63.29680964538767,7.578220310469437,4.807002275393671,1,0,0,0,9,online,1
158.83248690593285,11,5.593076960205138,0.5630284211285873,0.6399063997633573,1,1,0,0,5,retail,0
2.670107485803541,22,22.55043038965967,3.7586386800729326,0.7522647322726721,1,1,0,1,2,travel,0
196.10028731468643,18,3.4718794995797246,3.828526404964092,0.4868071135380787,1,1,1,0,5,grocery,0
18.541640075468585,19,5.385553628674005,1.5050293947832922,1.2930458085014997,0,1,1,0,1,retail,0
211.3899419383393,19,2.358172200354098,2.5280394011681455,0.8433520907171276,1,1,0,1,4,online,0
108.4622017302717,7,4.077807012251714,5.609442506627975,1.5441237476132454,0,1,1,0,1,grocery,0
177.32262672724605,0,179.26109140854297,21.426098098899175,5.124662060333733,0,0,0,0,6,retail,1
132.42922908410887,13,3.996342481680923,0.8577844985531989,1.004884356813085,0,1,0,0,2,retail,0
4.929802870529959,6,1.5748059822886529,7.945491686628814,1.4431699937977962,1,1,1,0,2,grocery,0
133.34951777683608,6,1.9994997535678916,2.996492721079176,1.0142881752771435,1,1,1,0,3,entertainment,0
949.4409185147407,23,143.72110121418072,43.135032607988194,5.47933737788207,0,0,0,1,3,entertainment,1
229.6127539267985,7,7.541822014687359,2.708384637249161,0.8410005799061966,1,1,1,0,2,retail,0
68.94294727517159,16,10.686644453254958,0.5418345481257479,0.9862557271268211,1,1,1,0,1,entertainment,0
22.96617508508853,22,1.587539781090221,12.345063171658389,0.8567329595032132,1,1,1,0,3,travel,0
92.83486826963254,10,17.27446425710777,3.3333107467109486,1.2826581468750846,1,1,1,0,5,entertainment,0
50.47701768222532,23,234.2353890385922,41.47143900878991,1.6916048661678116,0,0,0,1,13,online,1
3.867743940194554,20,4.123268127408998,3.2790889624760227,1.3885577823045654,0,1,1,0,4,grocery,0
31.09660843490562,20,0.23938629332970512,0.10963758645276239,1.374256847412851,0,1,1,0,4,travel,0
32.53443038620707,11,0.9391654642257896,4.296364263241269,0.7462628677513441,1,1,1,1,2,retail,0
9.643129711877542,12,3.05947186281672,0.5642628252449899,0.5992385066363233,1,1,1,1,1,travel,0
91.97089879876977,19,1.496147486010876,5.618236701188737,0.5884304740299435,1,1,1,1,5,grocery,0
8.017537829100274,8,2.4481870673726505,12.891042812953373,0.3502010298215229,1,1,1,0,4,entertainment,0
20.87970954008691,22,0.1,10.996359821129849,1.7810125291608525,1,1,0,0,4,grocery,0
146.27644513718292,8,3.853350183291171,2.981703296495817,1.1297117122608342,1,0,1,0,3,restaurant,0
64.63554681569411,10,3.0026946014159623,1.3301917068014746,0.71083317848393,1,1,1,0,2,grocery,0
234.62998019881582,15,33.58933021615249,0.1,1.0456750385787672,1,1,0,0,2,grocery,0
176.68470434094004,9,9.507768633786288,14.731680072853376,0.5541415235743035,1,1,0,1,4,grocery,0
129.6697210706747,20,5.549228796889802,3.257021737695989,1.4485178508117516,1,1,1,0,4,restaurant,0
31.982154970487734,10,3.682059595874983,2.4009819272517303,0.703650536637394,1,1,0,0,2,restaurant,0
49.52596149331008,22,20.718378379733515,8.654136148810409,1.5647810151982866,0,0,1,0,2,retail,0
403.35268478949166,5,21.699655261833243,45.668328308968,4.220809000202253,0,0,0,1,3,entertainment,1
3.183004109523453,6,4.995918904305715,8.313214442170064,0.9544521183678263,1,1,0,1,4,online,0
15.630776917533744,8,9.785336453446737,5.044081507901198,0.8487804430793989,1,0,1,1,5,restaurant,0
101.4664763263298,10,18.569513762683446,6.1005727750571594,1.281092750504231,1,1,0,0,3,grocery,0
80.53716142666207,8,1.8098626442338286,3.7036342520796,1.1906486985021028,0,1,1,0,5,online,0
658.4004088170208,3,139.69673365636038,52.22366264666589,1.2718007989156535,0,1,0,0,10,entertainment,1
92.01672363054497,16,0.32029703271085264,3.7913741816163005,0.7703607052207762,1,1,1,1,3,grocery,0
342.7092460442031,9,23.351771704997546,1.415081703432328,1.0736825681845463,1,1,0,0,1,restaurant,0
3.999642006312103,19,10.862606167605644,1.4566252646267763,1.32510518643994,1,0,1,1,4,travel,0
197.06341882022502,11,3.782044020311495,1.4090525080466687,1.3041183697841376,0,1,1,0,4,retail,0
120.80455016567248,6,0.1370766954639224,4.042731307223372,0.9094683168660741,1,1,1,1,1,retail,0
56.702758782096495,14,0.34430350947791866,2.113030454988831,0.8208953216871918,1,0,1,0,4,restaurant,0
140.29600695423002,18,4.027850083293266,1.2308918591404736,0.6236612505302075,1,0,1,1,3,online,0
30.812075081446938,22,4.038247530713487,1.119000568953669,0.8978892732003093,1,1,0,1,4,retail,0
5.774792405563546,12,14.922895850305633,0.9711353594328807,0.8313069077324012,1,0,1,0,1,retail,0
1288.016364775102,22,9.223999899823385,1.5310089552906363,3.0644682662943565,0,0,0,1,14,restaurant,1
99.64477540899486,20,15.569384050950505,22.163475174412582,0.8786047615294227,1,1,1,0,1,grocery,0
243.7814441616785,5,285.8774144545639,11.198918275453218,2.3867252161813206,0,1,0,0,5,online,1
111.18277731963688,15,28.7222991335328,8.855046602602421,0.5908379844317042,1,1,1,0,5,retail,0
2.7353219950359864,21,4.58842003692759,5.910320313915824,0.8831783029768387,1,1,1,0,5,grocery,0
18.766432743675395,18,5.754802852425102,1.7804449291805238,0.8524785880396623,1,0,1,1,3,retail,0
21.610477277728023,18,1.417435313263085,1.2075714468567424,1.0520304033296812,1,1,0,1,4,retail,0
428.9499594798994,0,106.93709090452076,97.08199477553995,3.4633268374069135,0,0,0,1,4,travel,1
1.0,12,12.88648492361357,6.123724335986783,1.4009234575119656,1,1,0,0,2,restaurant,0
74.51539582145257,20,10.860053315645615,0.19087888692505386,0.42224252712363763,1,1,1,0,1,entertainment,0
4.750076624670465,6,2.7579267539190093,2.0417054559124836,0.9235964292192841,0,1,1,0,1,entertainment,0
487.7242838885728,9,13.92568529723875,0.6615607533190647,1.5438193277681163,1,1,0,0,1,entertainment,0
10.966052958430797,13,26.411983919428764,2.296150872682314,1.0924181078161457,1,0,1,0,1,entertainment,0
560.1986101421131,23,303.6144873210487,35.40181857115476,4.357792829237499,0,1,0,1,13,grocery,1
2.762841883536945,21,9.098090116499677,1.9355343347697738,1.2615995581325334,1,1,1,0,3,grocery,0
51.51336997350255,13,10.444383226064453,1.9156374935407032,1.333112079722657,1,1,1,1,5,retail,0
16.082968318308232,7,7.002897205273808,2.1799815414281336,1.1858274290805695,1,1,1,0,2,restaurant,0
23.16726099403217,11,2.1393320118601524,9.579950666778094,1.0724869207669845,0,0,1,0,4,grocery,0
396.54628863408266,10,6.756082395683323,5.2495918490369515,1.0577738506418115,0,0,1,0,2,restaurant,0
22.73136799838367,15,4.237975391472752,25.58750809957278,1.1332602237675586,1,1,1,0,2,grocery,0
2.833529300115565,6,17.261545928376975,0.2829799896224616,0.6947548825394128,1,1,1,0,3,retail,0
28.89232320412401,21,6.609711832043665,6.375084749402424,0.9820422566459499,0,1,1,0,3,grocery,0
482.54914571676994,1,237.58293256215234,32.14029313958147,4.760235373390527,0,0,0,1,3,entertainment,1
27.06618741694841,12,1.472430173134396,1.2619218540092465,1.2441418626638276,1,1,0,0,2,grocery,0
1.0,22,14.032446729504166,2.7201809691967522,0.9712437133402884,1,1,0,0,5,grocery,0
91.98285815126552,8,7.564877870836945,4.218653275833113,1.644244538100129,1,1,0,0,4,travel,0
77.31889513413658,22,7.509276008955366,0.4178718465119654,1.2450759727694134,1,1,1,0,1,restaurant,0
153.57460809515246,22,5.501735584841033,2.325524680011533,1.0650820425789882,1,1,1,1,5,grocery,0
35.66242363903203,15,11.270165809233493,8.703278248150678,0.8405050656045567,1,0,1,1,2,retail,0
512.6663630684428,3,60.726006898759415,54.98667606558584,4.893028189414404,0,0,0,1,12,entertainment,1
114.6744437663275,15,5.59745542654772,7.550027878469682,1.2222699390028744,1,0,1,0,5,retail,0
456.70226508060745,6,0.3227507036260299,9.454256771365838,1.1847021128401074,1,1,1,0,5,grocery,0
16.06440689669004,14,1.6885703875206504,1.2061811098997226,1.4793985915521646,0,1,1,0,5,retail,0
38.80678742792674,19,19.40001799372302,5.17429445119722,0.4245111921854474,1,1,0,0,2,entertainment,0
94.1397750642409,18,1.2617671835378328,1.1365190322376582,1.2094510221045165,1,1,1,0,3,grocery,0
10.042562060909875,20,20.225991386902415,3.3052585273888884,0.8815487432050018,1,0,0,0,4,grocery,0
5.299279570300504,20,0.4383356625294348,3.2894301538320896,1.3079369494199178,0,1,1,0,3,grocery,0
74.54781620708945,22,5.012746925218268,1.2982280862133957,0.3752797882293456,0,0,1,0,1,entertainment,0
127.95822839925846,14,12.939723530727091,4.068174626890695,1.2644711428414277,1,0,0,0,4,retail,0
6.761555778844683,22,7.157212607104311,0.8054016641496904,1.2051003583685675,1,0,1,0,2,grocery,0
893.7166077766644,1,11.99722520536104,86.7606947397171,3.5327164588670805,0,0,1,1,5,grocery,1
57.67565717810485,7,11.891185978699607,12.12708004559155,0.8887422216945808,1,1,1,0,3,grocery,0
202.8328790182972,22,0.44534690925625847,4.894831332250454,0.47790914142707797,1,1,1,0,2,retail,0
833.2648765285579,4,44.009610772560904,137.16651933327788,3.6802573843915916,0,0,0,1,6,retail,1
31.209951954586433,22,3.786275000872285,3.2123560900152173,1.308829448217359,1,1,1,0,5,grocery,0
79.50141384300251,20,3.7159045182607597,2.5405630435015287,0.8266238711724081,1,1,0,0,2,grocery,0
32.71093090161823,12,14.293437845594868,0.34980886155610064,1.2667437756449629,1,1,1,0,4,restaurant,0
1.038509142786831,14,19.104566453307296,0.860164827281219,1.1101915017821937,0,0,1,1,3,grocery,0
180.8193696709704,8,2.4358267991717644,8.650474372202483,1.1510829816003776,1,1,0,0,3,restaurant,0
53.12851670362165,17,33.18439686525458,3.093423385208909,0.7403364810382476,0,1,1,0,3,retail,0
81.55492489422468,6,3.9425499552770518,17.976377361514437,1.0190084048891972,1,0,1,0,1,grocery,0
9.661575595313924,10,2.5283581668070236,0.1,1.543404396621065,1,1,0,0,2,retail,0
223.25550298052437,23,21.498334283165562,55.131349295483886,1.0210341444737008,0,0,0,1,3,entertainment,1
47.732432952488146,20,5.548073733079173,30.92625698139581,1.417387535918948,1,1,0,0,4,restaurant,0
14.205803503880768,19,14.049545149711363,1.8261006226758494,0.7824922158942204,0,1,1,0,3,travel,0
3.2150950824683333,11,4.215685392483961,0.1,0.5429620975619599,1,0,1,0,2,restaurant,0
56.88706199918524,18,3.325789261159181,5.8296301524458976,0.9032590827548396,1,1,1,0,3,retail,0
180.11149813586775,8,2.1686268734303296,6.459730925947222,0.6578526836921879,1,1,0,0,4,restaurant,0
47.22205998351523,13,11.99767343519838,3.068817761402417,0.9352715804343603,1,1,0,0,4,restaurant,0
14.612946361721306,19,4.887905102796265,1.7502149365027746,1.1074924257332652,1,1,1,1,3,retail,0
2.299736478070722,21,0.4433158360485237,2.669431728593073,0.6995629004534982,1,1,1,0,1,retail,0
48.40942606013704,20,6.789570166634306,1.5100436916863467,0.6185640459293775,1,1,1,0,3,retail,0
313.27880351260944,23,90.51156811358256,47.84918209519781,3.6286783409279204,0,0,0,1,14,travel,1
125.69046250036861,22,3.9963147771410954,10.407947388843727,0.9246647599980333,0,1,0,1,3,entertainment,0
6.0556659246601985,10,13.402466417897383,4.8312874666146834,1.5355479209030172,1,1,1,0,3,grocery,0
80.12869339242621,11,4.87204625435449,5.30020425227124,1.1453503208214502,0,1,0,0,4,grocery,0
29.429946076536297,18,11.443134627662149,9.467898827170828,0.983265464613314,1,1,1,0,2,restaurant,0
182.0742812097728,16,6.260628959148821,4.430852705234537,0.673810425068653,1,0,1,0,5,retail,0
93.47387423967852,10,4.10797115737695,0.1,0.5217001744565595,1,1,1,1,1,restaurant,0
76.81820310722956,6,21.077245436177353,2.5067590573998326,1.186761156323477,0,1,1,0,2,retail,0
123.4714225500469,8,13.846408891656397,4.917369946374922,1.2953712074915273,0,1,1,1,4,travel,0
4.828023704954737,16,2.6616853787753847,13.734906114070139,1.1503287654319152,0,1,1,0,1,grocery,0
1034.968163573485,3,84.94827421444367,119.61147797803295,1.370744677929081,0,0,0,1,3,retail,1
1.4823192316251197,15,2.986796035120778,2.3623310487214964,0.873131446198127,0,1,0,0,1,grocery,0
55.10253912391136,15,7.158306511198323,4.20765559249828,0.8108334201416033,1,1,1,1,5,online,0
6.071480756730361,10,26.737619641112197,2.291300395734958,0.6762273363270037,1,0,1,0,4,retail,0
65.26294797232923,9,15.89817433410039,6.193535691979775,0.8393830651026634,1,1,0,0,2,grocery,0
273.5599648420327,22,7.84774230868347,1.5272540271164554,0.9188684406275781,1,1,1,0,4,travel,0
4.293827063665924,9,0.1,1.9785604053688444,1.1745014628882817,0,1,0,1,2,retail,0
42.87053373249564,7,5.5358856130883165,5.789590167015968,0.6585357147561932,0,1,0,0,2,grocery,0
228.630412519519,17,42.389612495810454,14.3184452831375,1.1020778391922608,1,1,1,0,3,grocery,0
171.8859773987324,22,4.4398066887228,3.8969729560533377,1.3747158442506777,0,1,1,0,2,retail,0
60.75780172086002,19,26.879420257462037,0.3276900871653457,0.5302268875894183,0,1,1,1,2,grocery,0
288.9847524930341,21,20.714688128179905,0.1,0.775743189313445,1,1,1,0,3,grocery,0
3.218008096430327,8,2.4497868568228793,7.589933681869327,1.297136123634035,1,1,0,0,1,restaurant,0
59.990884745422946,15,0.35880524831447635,0.4551226790834239,1.0391018564578522,1,1,0,0,3,grocery,0
5.364174280854549,19,8.94213022109755,3.4788701372662674,1.0103327164638283,0,0,1,0,4,travel,0
78.65672691217301,15,3.9900494067289065,11.635029264874763,0.551884600138832,0,1,1,1,5,restaurant,0
272.19058271483897,6,13.18071646146165,5.054634284729374,0.6446249922218232,0,1,1,0,3,restaurant,0
87.20500201176792,20,2.961736619599498,0.9271891819911044,0.8770992801030733,0,1,0,0,4,entertainment,0
57.50259850308396,11,13.905854701653283,10.994321251294624,0.5614675843556107,0,1,1,0,3,grocery,0
69.63624546339548,8,0.7952385199856481,0.3109602551722027,1.0635397601324479,1,1,1,0,4,retail,0
85.1930000958896,18,2.119179173712368,4.920930809931614,1.163746951519991,1,1,1,0,5,restaurant,0
71.09604329711543,6,9.08084428844775,0.3865768321738573,0.6999030016139451,0,1,1,1,5,restaurant,0
139.19631651141634,11,5.686812449066087,2.6803217185952484,1.26697751507535,0,0,1,0,3,grocery,0
30.07650780723604,16,17.942561689145677,1.9821029243739545,1.1955867766914787,1,1,1,0,4,entertainment,0
280.7234296961524,18,18.01451101021808,5.101342988799296,1.5419955771351779,1,1,1,0,5,restaurant,0
23.514323219918218,19,3.171527668775105,11.484877401401173,0.5642086569053826,1,1,1,0,4,retail,0
33.47606390193383,10,8.470451459529343,6.171024491850856,1.4116505208518515,1,1,0,1,3,retail,0
99.87468250149331,14,2.688753825884131,1.1108916101771509,1.3964710279447212,0,1,0,0,3,restaurant,0
38.23309576371156,7,5.267322126682172,0.5702589995327796,0.9845143914089771,1,1,1,0,2,retail,0
14.601377750034692,20,26.15546722054473,1.7099080368002828,0.8716411832950652,0,0,1,0,4,retail,0
30.87431511981556,13,2.8076327120736817,1.3336857239077875,1.0212737593048682,0,0,1,0,2,retail,0
44.03952162507247,9,1.9351391721025981,3.1314107181313466,1.2930913479666764,0,1,1,1,5,retail,0
126.21088060647304,16,16.892488718762525,2.2874951595518596,0.8414278952896236,1,1,0,0,5,entertainment,0
103.21091497763021,7,5.541826562718947,6.176793548477574,1.0047845970263125,1,0,1,0,2,restaurant,0
66.36081912122043,10,12.530410739787634,1.6317445292154678,1.2993475514180333,1,1,1,0,3,grocery,0
58.2930541049263,8,6.3618330785162645,4.866932901703296,1.3539290145395702,1,0,1,0,3,entertainment,0
58.74424230165068,19,15.210752245765724,4.719003590297227,0.9506981423598485,1,1,1,1,4,restaurant,0
108.04454770488833,12,13.54070798978732,4.3136148900913245,1.630234871780461,1,1,1,0,2,grocery,0
262.99039386148814,11,4.199028265798997,0.758626811029176,0.7798629204487492,1,1,0,0,4,grocery,0
48.95481576399991,9,8.497383678613927,5.749724367758395,0.8881408102594097,1,0,0,0,1,grocery,0
35.93494085675924,19,1.009381002058059,5.424858880914176,1.0238270048288842,1,1,1,0,3,retail,0
9.614784054487725,22,1.7648492514394165,4.548719357017619,1.5375941611357185,1,0,0,0,5,retail,0
281.21321263518496,11,3.497362779781819,13.693395722507882,1.0189767941655234,1,0,0,1,2,restaurant,0
41.87816278602682,9,7.379980149754003,4.580344565187794,1.5453107721772934,1,1,1,0,5,retail,0
161.81592522201856,16,9.223974791333376,0.9974892411269674,0.9832629728076442,1,1,1,1,4,retail,0
8.391491176467456,20,13.33472875042725,0.16756259299482068,1.6026472943057029,1,0,1,0,4,retail,0
110.52885555870581,9,1.588282761569052,1.0729464913265363,0.9464935981031886,1,1,1,0,3,grocery,0
32.710785200609266,17,4.488220535492979,1.1130190945440162,0.8079016727488576,1,1,1,0,2,restaurant,0
107.12764258987205,17,10.235732812801828,1.9525778135661043,1.1695234136598034,1,1,1,0,2,retail,0
271.34733548560575,4,23.977773735391402,45.98713420979696,5.162977488046208,0,0,1,0,9,online,1
14.187778213253512,12,5.891694402139384,6.4640306799076575,0.6930082925071205,1,1,1,0,4,entertainment,0
186.9177861969237,3,14.720970562565638,2.1008938357350315,3.075349814158044,0,0,0,0,6,online,1
61.98221616683908,12,17.81730850014917,1.9533572027253245,1.0596180807130202,1,1,0,1,3,retail,0
3.287262702037393,10,7.523474667461755,9.199139420854832,1.0497104948558986,1,1,1,0,3,retail,0
81.53676908548007,19,7.665731367174088,1.3946849921388567,0.6804335017869245,1,0,1,0,3,grocery,0
20.70806446944961,7,7.799929965790567,26.13269915122431,0.8849564702149232,1,0,1,1,2,restaurant,0
94.35085325688863,20,13.221615240509426,8.018387360798915,1.0216237120277056,1,1,0,0,4,retail,0
94.17709895822546,9,12.27374408109986,0.9519150501703568,0.9865946471709088,1,1,1,0,4,retail,0
44.56423234477789,19,6.71976810299526,1.0221395394115351,0.9934747106576826,1,1,1,1,3,travel,0
23.253965793169233,6,1.6355245967037169,3.0349555501941032,1.2334353196031882,0,1,1,0,3,restaurant,0
133.04098392205913,20,8.641644000475825,0.37696731163661507,0.5229997832331499,1,1,0,0,4,grocery,0
10.705484408362423,19,0.9943850806997392,2.4859974621443515,1.2809424867772092,0,1,0,0,2,grocery,0
319.6583044515478,0,28.08560331963339,3.6772862543686786,0.5,1,1,0,0,7,entertainment,1
181.65357504156023,4,43.89270384911149,94.46602114785156,2.8136797980718615,1,0,0,1,3,online,1
37.76167996953005,22,48.47424595756864,1.772408445446658,0.9610167475004363,0,1,1,0,1,grocery,0
35.116329783873965,12,0.8247658433148473,13.862675818711192,0.8884054986890063,1,1,1,0,5,grocery,0
31.616786879828812,13,1.5281930944975095,1.7202386302965293,1.4519279788776387,1,0,0,0,1,entertainment,0
92.27133921869208,22,6.758435911112159,0.1300787900842239,1.3838932435312707,1,1,1,1,5,grocery,0
172.9749095560196,11,22.999993487115123,0.1865845889027208,1.138708237774477,1,1,1,1,3,entertainment,0
7.75264292963104,10,29.639318356098762,0.6642821357821681,0.6800988687162832,1,0,1,0,2,grocery,0
62.90197399075468,17,2.239564009340639,23.05365699193857,1.1547051187365207,0,1,1,0,5,grocery,0
82.46617262759855,8,1.8710528711094518,2.1060031954159224,0.7803880205327172,1,1,1,1,1,grocery,0
17.347352771492616,7,9.108589571783988,1.1393634230758813,1.2237072922142063,0,0,1,1,2,grocery,0
87.42772457775777,12,27.56793815559162,11.545790686910944,0.9092900766448457,1,1,1,0,2,grocery,0
159.35959592778582,12,1.9899010678780593,8.907818786066187,1.1077084003132638,1,1,0,0,2,restaurant,0
306.3082192941294,15,16.620396647111054,7.368791838683631,1.1286365403056644,1,1,0,0,5,retail,0
142.6011312324505,16,8.267046674786723,11.855517083882571,1.084468398980333,1,1,0,0,2,grocery,0
146.82819923292104,12,20.494668043466827,12.4880060605154,0.6905100434044935,1,1,1,1,2,retail,0
15.290651558538023,17,7.216312092293569,0.14948089670216383,0.6540873322996118,0,1,0,0,5,grocery,0
119.98262275366295,19,5.416333186710988,4.557323646772754,0.7368301268690114,1,1,1,1,4,grocery,0
11.259487347273867,8,13.589754822664933,0.5015329836027862,1.2057035095059614,1,0,0,1,1,restaurant,0
407.28330111539685,13,52.150003100705575,1.9371536625122507,1.1498125811574667,1,1,0,0,3,grocery,0
27.64124096019218,6,0.22820058940069643,3.0097820062835705,0.7226395508814298,1,1,0,0,2,online,0
17.987978694869923,21,5.197849953844496,0.5710581644237183,0.8537281905267887,1,1,1,0,1,grocery,0
35.72002096156136,22,11.197981243497509,4.619357571255094,1.0162140232869001,1,0,1,0,4,restaurant,0
32.83068811043386,8,9.748768500054055,4.109180338254682,0.9831574632140115,1,0,1,1,3,retail,0
132.98630347674455,11,13.596027830284385,4.729142719818115,1.1755514008433612,1,1,1,0,2,retail,0
12.1405589896868,8,25.878913490163228,0.8331577981912125,1.4082681031352944,1,1,1,0,5,grocery,0
47.14698604479646,17,17.267859902816966,0.4850879956524422,0.4570359919656337,1,1,0,0,1,travel,0
94.25435759425467,14,5.892902049592319,8.241502667596732,0.8731544950888985,0,1,1,0,1,restaurant,0
51.63181032348636,22,0.8597381262219752,4.795025043124232,1.0222214698438983,1,0,1,0,4,restaurant,0
25.356038864831426,20,12.044047724639157,1.3318425150786375,1.0805198622074421,1,1,1,0,3,grocery,0
248.1950715038525,21,14.596198894693602,2.1786467819143835,0.8029512958377629,1,1,1,0,4,grocery,0
10.002098560596501,12,1.6494507937131337,0.1,1.4968597316954426,1,1,1,0,5,grocery,0
50.57274563387975,6,0.39103732958154724,1.4334924968686078,1.0436516966777383,1,1,1,0,3,restaurant,0
30.294883316589086,20,9.956505077532826,7.026549655463546,0.9917878442269505,1,1,1,0,2,restaurant,0
81.50199149504869,17,6.878888701712374,0.523979806546372,1.1545298151532783,1,1,1,0,3,grocery,0
78.5368075240153,17,27.61009140123058,4.1097064150277856,1.0553400756196287,1,1,1,0,2,retail,0
40.357362815093396,8,0.9771867630217851,3.4602261329279536,0.9351598727987078,1,1,1,1,5,entertainment,0
129.33544388126626,6,15.667847743229943,12.901962169957429,1.2696175729355912,1,1,1,0,4,retail,0
37.67494309820451,20,34.77534220133238,6.104026294829156,1.0489136419605667,1,1,1,0,1,retail,0
67.31718819793451,18,13.374550026029953,10.702387955148456,0.6858362109012845,1,1,0,1,1,retail,0
214.75497952437598,16,5.5965285103880085,6.094787656083206,1.318178252362979,1,1,1,0,2,retail,0
141.12511927483393,7,4.999956778088955,0.3073680455408175,0.5154959922022617,1,0,1,0,1,restaurant,0
94.76804090901622,11,13.909713242637922,2.583576770566905,1.200042014477956,1,1,1,1,5,grocery,0
80.77019964122753,13,5.6956371462655895,1.4220741832025547,1.307526192572099,1,1,1,0,2,travel,0
35.12006553369319,12,16.89219907172994,9.02452531224424,1.350424294687436,1,1,1,0,1,restaurant,0
85.8729578925001,15,2.0741615240202407,2.426818706645192,1.208470107019183,0,1,1,0,2,retail,0
116.45785123835657,11,60.107540459600656,0.41115200318031164,1.2624425547658653,1,1,1,1,5,grocery,0
175.6126748533045,17,4.148642511931808,7.496520849243443,0.837652076432477,1,1,0,1,5,restaurant,0
15.845164862411565,18,15.34615577503211,3.613985230163355,1.0141919410072524,1,1,1,0,5,grocery,0
142.08320947131966,0,72.84322250196041,27.742731240842076,5.923101321217761,0,0,0,1,5,entertainment,1
27.352219335827257,22,1.347184176243548,7.195832915354864,0.7746142951230288,0,1,0,1,4,restaurant,0
15.130281369057318,9,10.37584929465843,9.998952939913494,0.605368869381365,1,0,0,0,2,travel,0
73.0163722075116,20,4.587249735866327,3.539276407261613,1.2570158254181387,1,0,1,1,2,travel,0
25.579667584400106,11,8.837518901262847,5.462764103435184,1.322671990466291,1,1,1,1,5,retail,0
31.888612543119837,21,0.7686381996131647,2.4219733334668483,0.9327117628411583,0,1,1,0,3,retail,0
176.46309533554637,19,18.07556817328799,2.3345393052913157,1.1327590512428967,1,1,1,1,2,retail,0
49.403646561069735,12,1.3480074801451356,5.201383832267641,1.1998515609224591,0,1,0,1,3,entertainment,0
72.03190511036479,11,27.23791554399657,11.761613874089722,0.9044946586885436,1,1,1,0,1,grocery,0
60.410716040429044,11,2.667009490367244,6.366596470672522,0.7344368995573849,1,1,0,0,5,retail,0
63.4579299835038,21,8.138667239468008,3.7569622008796917,0.7784734823595624,0,1,1,0,2,travel,0
554.4223374036934,3,81.89369459626721,140.63707487540216,3.7517864532844634,0,0,0,1,13,online,1
8.361106817180918,11,0.5283838761478875,8.245274859576789,0.9649802597497048,1,1,1,0,4,grocery,0
179.3750517294307,11,8.083155886615152,11.001517533487,0.972319323199144,1,1,1,0,5,restaurant,0
4.269201272123317,17,40.87482050981485,10.819767116522684,1.221343067631091,1,1,1,0,4,online,0
145.30077127382322,8,8.286532016199908,0.7055461572511317,1.1777669214710966,1,1,0,0,2,grocery,0
14.38042394580796,11,6.825735762920751,1.7587019302156088,1.0888095775604798,1,1,1,1,3,grocery,0
93.5745245829267,6,1.8175082323195744,3.324130118240067,1.3389587220309025,1,1,0,1,5,travel,0
15.803484812796391,21,19.80548495421811,8.19944576873999,0.8069057709281534,1,1,1,0,4,grocery,0
604.2370486215995,22,90.79087475853194,12.838130683317859,3.9578429582016,0,0,0,1,5,travel,1
82.35565037605943,14,11.419909547944844,10.317295181084019,1.0184121033038347,1,1,1,0,2,retail,0
7.422285791593259,22,1.7800990616518448,1.8339289008240265,0.9795787998194638,0,1,1,1,5,travel,0
62.617987696025025,22,14.062487923457368,17.14309191934679,1.1781007253677915,0,1,0,0,5,grocery,0
237.09149746261076,6,6.412317850994863,0.9398293943489011,1.7406855573551596,1,1,1,0,4,grocery,0
8.032961383290063,17,6.961458631901236,3.7616855923380115,1.2021500950869715,0,1,1,0,3,restaurant,0
297.67788170242824,22,307.3248344861145,12.196486764883966,4.737426891128041,0,0,0,1,8,travel,1
10.769891353331499,8,5.571419224774133,12.515712172653961,1.0877947173933198,1,1,1,1,5,retail,0
32.93325684950853,16,0.44022345921554396,11.371338784350929,0.3568092080070172,1,1,0,0,2,entertainment,0
26.758226520286158,8,3.3061614649032354,5.732779893051957,0.8137858270803089,1,1,1,1,3,restaurant,0
84.24850604284012,22,2.0549895703220833,5.280616277711383,1.3678904036813027,1,0,1,0,5,entertainment,0
65.09203375237938,9,4.658948835950777,1.4899452016771844,1.5006802768395267,1,1,0,0,4,travel,0
69.4435872062187,19,0.5288954238673582,8.086398333267548,0.9545956188911748,1,1,0,1,3,grocery,0
231.67107122830942,17,12.978515489574566,28.35279478438165,0.7975695236582068,1,1,1,0,1,restaurant,0
95.37139335390441,15,0.6550110687706932,0.3052478579528968,0.712001617156702,1,1,1,0,2,entertainment,0
165.42270968826134,12,6.601692907358588,5.982952205427998,1.260033736175201,0,1,1,0,2,retail,0
50.0,1,6.677999848432195,74.90118997999996,2.684156687117908,0,0,0,1,14,online,1
169.83120001974373,10,14.849273502110972,3.966871211122176,1.1906383140765833,0,1,1,0,3,retail,0
109.97401554850805,16,9.623313418391886,6.24847949875611,1.050489109188491,1,1,0,0,5,restaurant,0
3.676084974534619,21,3.3574609712251187,3.4740131734542756,1.3598436033772479,1,1,1,0,5,travel,0
88.17780142499095,8,11.607832693066607,1.8584661597747756,0.918071974738188,1,1,1,1,4,grocery,0
31.384957196770962,18,19.30925091778424,2.471144389144084,0.8236553299750807,0,1,1,1,3,entertainment,0
8.1960007885158,20,6.794589892652682,0.5329973930894268,1.3228931071998165,1,1,0,1,3,retail,0
45.48970367065035,13,3.0223494161064792,1.057264899624539,0.9223789294513617,0,1,0,0,1,travel,0
33.06045561738951,18,8.664043675463034,1.9917240521131356,0.45939486356876436,1,1,0,0,4,entertainment,0
116.14642080386176,16,24.66280097418817,0.9298067148974891,1.110861255016836,1,1,1,0,1,entertainment,0
1.3645963722345442,10,0.2105697645057552,12.727398067949395,0.44966727022776987,0,1,1,0,3,restaurant,0
160.8538854107934,11,7.3055473239216475,1.9741736561125134,1.1912723263996559,1,1,1,0,1,grocery,0
108.7544978261621,13,7.08729890828677,0.564239913502044,0.4556057828453879,0,1,1,1,5,restaurant,0
3.074105184863355,21,18.124500409552837,0.6666138271126564,1.3704755111659872,1,1,1,0,5,restaurant,0
25.430117738314628,14,4.848154276254294,3.320262517712212,0.977824091809511,1,0,1,0,5,travel,0
190.53979061695316,15,5.7382101772658505,8.223257317040865,0.7320900931228967,0,1,0,0,1,grocery,0
36.01632919560081,17,5.375701760199089,7.053783572248969,0.9178591495799561,1,1,0,0,5,entertainment,0
38.35789598064769,18,4.5837474365528905,3.5472013366151494,0.3136757625631952,1,0,0,0,1,travel,0
280.296684350077,20,15.232340032845924,0.7186422267271069,1.0615251257102742,0,1,1,0,2,restaurant,0
61.69564182855585,20,5.08013011227216,9.431965421395343,0.8525920791566266,1,1,0,1,5,retail,0
901.2983396531948,23,18.876864641308636,13.026955600878996,2.3264056661412633,0,0,0,0,9,entertainment,1
86.18974238854113,6,6.342160829235901,5.617380455863186,0.8016498353502491,1,1,1,0,1,retail,0
180.16402550281728,11,0.806441266170334,4.408226514627347,1.1492386928699365,1,1,1,0,3,restaurant,0
20.502845563149137,16,18.615671933437568,1.2344346160630444,1.200750966832728,0,1,1,0,1,grocery,0
270.56208836112245,8,10.698695646035787,19.069563871226972,0.6881978529272244,1,1,1,0,2,retail,0
50.0,23,24.947162675356104,26.905949380786836,2.9800609460394023,1,0,0,1,3,online,1
4.761366513953894,11,18.500165513378732,5.472325400040836,1.038968142535418,1,1,1,0,3,restaurant,0
94.72013672700936,15,2.3380797308238894,7.581287270636128,1.0966326038184444,0,0,1,0,1,restaurant,0
10.823921912265199,8,7.198886778063777,12.241102164358399,0.9864892392920689,1,1,1,0,5,retail,0
48.09928407761437,19,7.8213370513281975,5.748542394422663,0.6276355198384069,1,0,0,0,2,restaurant,0
177.18949258173785,9,47.56056048884005,0.29446472189183026,0.9824883664708258,0,0,0,0,5,grocery,0
61.70273368358651,17,7.9190424656571174,0.1504088639029769,0.8183260081731999,1,1,1,0,3,entertainment,0
61.62066906358581,19,1.4071393813616067,6.902314241146826,1.1155328279525512,1,1,0,0,4,grocery,0
42.37315574168847,11,12.141194968012034,1.7359112582140088,1.0122520232718717,1,1,1,0,4,grocery,0
49.34798598423964,9,11.822016135455835,8.23678906351531,0.7395768116091022,1,0,0,1,2,retail,0
114.40458944240171,11,6.82215082211912,1.420354212310761,0.7294445132672422,1,1,1,1,3,restaurant,0
5.750732424252561,20,3.363943770683825,13.882179258709272,1.0403090519363536,1,1,0,0,2,restaurant,0
569.157965178882,4,67.18861462606452,44.932992163909766,3.639575981907603,0,0,0,0,10,retail,1
36.17001905603351,13,5.56354687517259,0.7622795047600759,0.7013506233642839,1,1,0,0,3,restaurant,0
81.23898753267105,14,0.4757545331248304,1.9241293691868133,1.816340063089838,1,1,0,0,4,retail,0
1.8837602544569207,11,0.8119143628215963,4.564719886133292,0.7489502059862935,0,1,0,0,4,retail,0
302.1555188060281,22,5.0,27.876582631041757,2.584503656883963,0,0,0,1,13,retail,1
141.4721897283926,20,16.014506407996638,7.971405881947293,1.5757649188351077,1,1,0,0,4,grocery,0
15.50565653755692,21,1.1281756628435744,5.260641671114397,1.0536760578361086,1,1,1,0,1,grocery,0
31.364483398731686,8,0.1,3.0363453428993092,0.90392326935385,1,1,1,0,3,grocery,0
3.1668996541143146,12,6.280415430744002,0.4590458400962385,1.0228063903798077,0,1,1,1,2,retail,0
97.37455078588826,21,2.241418798769544,6.2295884460620465,1.5457976681213412,1,1,1,0,2,travel,0
276.59292238028434,12,4.490683643140122,1.1765790301587824,1.0918257134273248,1,1,1,0,3,restaurant,0
49.04691950600764,18,2.1202124222299483,2.069201084227597,1.0439911775272486,1,1,1,0,5,grocery,0
22.520002688035262,18,1.850582077515097,6.501787901978112,0.7335228282961117,1,1,1,0,4,entertainment,0
40.407855480222345,21,1.2507249359910777,2.7894178938958714,0.6259940518389373,1,1,0,0,4,grocery,0
11.05504600861478,6,0.8047149185095909,0.5864625374595135,1.1737255536709044,0,1,1,1,4,travel,0
57.58992503864443,23,64.56397467628044,76.64092509583426,4.559633799830626,0,0,0,1,3,retail,1
29.25881183047956,13,9.74682353823017,8.065022807320158,0.9960088018571137,1,1,1,0,2,retail,0
70.38159684731512,18,5.474485255973795,15.444623020177282,0.8572325798734369,1,1,1,1,2,entertainment,0
68.54259564620355,7,4.299747749698115,10.232171720538119,1.3106312439048473,1,1,1,0,2,retail,0
92.12724271200005,12,0.11333427541870651,10.127632323453227,0.9531542811920038,0,1,1,0,2,travel,0
27.2652490701063,9,3.7898550691181745,1.6002080237686926,1.2819488754361128,1,0,1,0,3,retail,0
11.255518874206597,12,11.764532663750014,6.735512718320015,1.0128051750092948,1,1,1,0,1,grocery,0
65.10204568223193,19,2.930128547979453,5.661934881443012,1.1623341757997345,1,1,1,1,5,travel,0
83.21716174718837,9,27.478379063922652,0.3502673959743676,1.0730783457794384,0,1,1,0,5,retail,0
122.1728444556625,22,2.9547640287643966,1.005114224358996,1.2148299958340614,1,1,1,0,1,retail,0
5.1158652128781155,19,11.240898580042966,1.3112793342130447,1.1578159759787967,1,1,1,0,4,travel,0
33.85983258132182,21,0.5924777779814374,0.2463352301013599,1.1517459187865475,1,1,1,0,4,grocery,0
158.90354105695022,19,10.328897655251074,11.796855566447633,0.8344082836694567,1,1,1,0,1,online,0
66.16271109205263,11,2.523779528939447,7.106322889074425,0.8885751249901512,1,1,0,0,1,restaurant,0
148.53603189873385,20,9.843081838982858,11.242976581041116,1.014589648721846,0,1,1,1,4,travel,0
26.39201427644093,12,3.8847638256656074,0.805155085427912,0.7754455835824478,1,1,1,0,2,entertainment,0
3.1773098662131782,22,34.02126316818489,3.7408823128620057,1.5922509440890191,1,1,1,0,2,grocery,0
13.118949097714903,17,7.213506095872098,8.355625411569267,0.7476374383304379,0,1,0,0,4,retail,0
639.4549521042703,22,45.63646686086054,5.60370394586141,1.7645183690182178,0,0,0,1,5,online,1
10.910370442245668,12,24.683797218927346,5.7124670172268965,0.7494258813436908,0,1,1,1,3,retail,0
20.32771290360831,15,1.4044495726087316,0.9737534048565135,1.266644638277212,1,1,1,0,3,grocery,0
147.3540324887596,5,156.28777884847264,28.463979579002235,5.825587123710729,0,0,0,1,3,travel,1
4.693315019649359,14,4.106678017669302,0.2589002390756378,1.6094784629291947,1,1,1,0,5,travel,0
11.729004098262292,10,15.934310120084094,1.2045488796843364,0.7734487476530999,1,0,0,0,3,retail,0
29.611917795549864,16,1.0727172311809892,4.874191033382878,0.9320685321461835,1,1,1,0,4,retail,0
6.466383725946026,6,6.226916361461857,11.354577971194853,0.978942060610592,1,1,1,1,1,retail,0
11.443537596321944,16,5.281171147161956,0.15545827376951726,0.9643507639366881,1,1,0,1,4,retail,0
23.957963381260324,10,2.4974794598689223,15.129781517612713,1.0418744435908838,1,1,1,1,1,retail,0
50.0,0,110.08012436530959,21.09833336547827,4.471361381006867,0,0,0,0,3,travel,1
17.716056488583575,19,14.56767015596206,2.0420646480461215,0.6908630404672644,1,1,1,0,5,grocery,0
124.86341548514089,8,1.1413707102025825,1.9734531553973753,0.7817935891986437,1,0,1,1,2,online,0
5.086999292422441,6,11.081854920117106,1.091971072338866,0.8187628213903738,0,1,1,1,1,travel,0
39.03420218801497,12,5.125100746120274,4.153432453839386,1.2014676912264763,1,1,1,1,4,entertainment,0
51.27674731817511,17,23.220886477647728,2.4604096405680016,0.9074995811418329,1,1,0,0,3,entertainment,0
64.92152693697568,22,19.960085105221033,56.83173080374166,3.4958334908793156,0,0,0,0,13,online,1
323.741655594387,6,18.236239733581726,1.2704619079164503,1.4344984416132514,1,1,1,0,2,restaurant,0
152.5954871083006,3,5.0,97.28739453981063,3.809831547905823,0,0,0,1,4,travel,1
55.88157062637108,15,5.3043462437180136,7.847402086264539,0.7634967621279036,1,0,1,1,2,entertainment,0
9.897022360795436,9,5.902689509555464,9.218224954104725,0.8729161327701821,0,1,1,0,1,restaurant,0
69.9593400872537,19,0.8827410579964243,6.52480765053498,0.8423927334913934,0,1,0,0,3,entertainment,0
1.5381656336478002,8,11.885884083765482,9.016800309597608,1.0576598787033573,0,1,1,0,4,online,0
5.997657542054653,10,3.253661461689772,24.70747789186815,0.6198050211837982,1,0,1,0,2,retail,0
1.0,13,21.140250616591977,4.3542708864403545,1.185527323743126,1,0,0,0,1,restaurant,0
175.7882233773233,2,5.0,5.512366859988854,2.402943290428214,0,1,0,0,5,entertainment,1
1.9754704422812417,7,37.428246874964934,10.290546053369354,1.0581522057145583,1,0,1,0,5,retail,0
55.50930652145119,6,11.666830450214293,2.43919074778591,1.2231238731570742,0,1,1,0,3,restaurant,0
124.10678543508993,18,4.115548814193914,0.7392668983756084,1.1041062344060808,1,0,1,0,1,retail,0
91.70454994851488,12,0.17708593226185182,3.282086324529864,0.6436409916197752,1,1,1,0,3,online,0
17.36959013188104,21,2.99643482985016,4.955981970230909,1.4650959255795266,1,0,1,1,5,grocery,0
1.0,18,18.83549644723952,1.5591609449781028,0.9502732886095525,1,0,0,0,5,entertainment,0
33.465676351266566,10,10.676243071213232,5.9959384419680095,0.585475139076856,1,0,0,0,5,retail,0
72.56069122302455,19,13.462854688838986,0.3042026268431446,0.8010602728241927,1,1,0,1,2,retail,0
89.06035077762354,7,5.102855870152069,0.38694797865275243,0.9798179175913286,1,1,1,1,4,restaurant,0
69.12697528400678,21,7.870956282582116,0.9356155571951694,0.6857522742781068,1,1,1,0,3,grocery,0
38.763142412547765,21,24.453557791285874,5.438525002402103,1.3529601977057486,0,1,1,0,1,entertainment,0
81.28960034062086,16,10.897689657551782,4.438812177048364,0.947150940835102,1,1,1,0,5,restaurant,0
270.03760097044017,1,161.5331827917792,134.07404610360777,4.533096466130263,0,0,0,1,11,online,1
72.51989270732784,21,0.18767063473026058,3.8586814843330224,1.0555540479133871,0,1,1,0,3,online,0
131.23167561120164,13,6.47185076680605,10.983331791550558,1.116861254845863,0,1,1,1,4,travel,0
258.044564558154,20,0.3612824112931182,5.691477065061845,1.10074047469607,1,1,0,0,5,restaurant,0
16.92563438470527,13,14.518616221678712,4.42911897327572,1.263783942719213,1,1,1,0,3,travel,0
74.01215140031564,14,23.61058156952401,1.7601987518031774,1.466808231098247,1,1,0,0,3,grocery,0
37.42771454934123,21,13.739640339806773,0.44886096245946283,0.8822674699352362,1,1,0,0,5,grocery,0
35.5114137932986,12,22.277639318881274,5.862599065179134,0.70547739001996,0,0,0,0,5,restaurant,0
29.667370880883148,8,0.1,15.527907477332644,1.220472982090207,0,1,1,0,1,entertainment,0
142.40553234613915,9,3.526108118500502,4.458307333388288,0.4747212367092126,1,1,1,0,3,restaurant,0
1.7785462317114364,7,1.904711187548447,2.191782202107951,1.0863756552400066,0,1,1,0,5,online,0
40.46600674734955,10,5.281644556931688,0.31074577438925455,1.1265269638383275,1,1,1,1,4,retail,0
50.0,2,280.0626121332611,8.1953405349406,4.412499419373621,0,1,0,0,10,retail,1
79.07228179150398,3,48.34819765033579,27.80212161468669,5.37792136778978,0,0,1,0,8,entertainment,1
377.8395854221986,22,55.944734862730556,50.987073251806024,4.7495816595788884,1,0,0,1,3,entertainment,1
34.32346413631799,6,24.667611538039637,11.994064899496191,0.974199720990228,1,1,0,1,4,grocery,0
45.979099957840674,7,4.034790985072114,1.1475955645832123,1.6823812906137108,0,1,1,1,5,restaurant,0
49.59260050569306,11,11.105000986781231,2.4499100439094033,1.3665499618284898,1,1,1,0,4,online,0
5.8858862796904035,6,9.583085848103721,2.685717100121265,1.0481560559840502,0,1,1,1,3,online,0
50.089481083779745,14,1.978948382473096,2.367490139951936,1.1047674683954813,1,0,1,1,2,restaurant,0
143.14725522233275,7,7.006627425268869,8.859766374244849,1.3452848742299002,1,0,1,0,1,online,0
38.42485284099041,12,2.3916279570147294,6.070247314365798,1.286868622149795,1,1,1,0,2,grocery,0
117.7265019520404,11,7.0127045141359,1.6233244053942846,0.8829808534402939,0,1,1,0,4,retail,0
364.2823760743069,0,473.19733768929206,21.67599723074777,5.705929789213168,0,0,0,0,14,travel,1
57.965360358228416,22,201.0371923531288,79.43263473735274,1.4265042353972408,0,0,0,1,3,online,1
13.194553418930386,22,3.1266905238679015,21.306314334595978,1.2056810644655158,1,1,1,0,4,retail,0
1.6490078508787875,19,6.0532922154361435,1.771205277390797,1.245387635223226,1,1,1,1,5,retail,0
53.471344789488796,19,15.300730429431706,7.556858820867093,1.3184697063418334,1,1,1,0,3,retail,0
5.4302869607028885,19,5.571746518618484,8.777896376084318,0.8034419418300014,1,1,1,1,3,entertainment,0
4.742536515899023,12,1.9434162040882628,0.6352996255811731,0.7668890544387492,1,1,1,1,5,restaurant,0
37.219512956938615,13,0.25355076614596483,1.453575863028168,1.0094248638496577,0,0,1,1,1,entertainment,0
196.07608388022666,16,0.8953601488845386,23.991135508198123,0.48056690448090145,1,1,0,1,2,travel,0
29.02029835683817,6,9.896499841466,8.075738619603024,1.1617107236376993,1,1,1,1,1,retail,0
109.24117506146365,11,5.235870441149758,8.889738552704813,1.0796091222380886,1,1,0,0,5,retail,0
151.74791133250727,20,0.7837703820220671,2.2834023153639245,1.047870465344695,0,1,1,0,3,restaurant,0
99.91953366662004,7,6.798880265316731,2.199952441468941,1.1376309753251674,1,0,1,0,5,restaurant,0
46.44855452360524,14,0.7363490530744393,2.4862638564545603,1.2662585416487804,0,0,1,0,2,retail,0
35.146135251686594,16,9.514164838931691,0.8265241736816541,0.5500585984680781,0,0,1,1,3,restaurant,0
23.51358731713397,13,4.94753580421158,1.4600791735162078,1.355849199315717,1,1,1,0,1,restaurant,0
4.46910077807331,10,6.579525313759897,3.7426781912186518,1.2517949926083651,1,1,1,1,2,restaurant,0
171.58828361214515,15,16.82970877983244,1.3916430979648413,1.0590386457489733,1,1,0,0,3,online,0
96.41064854174186,16,5.213041092217593,1.2477573079435853,0.8653572388204271,1,1,0,0,5,restaurant,0
86.0429594934471,10,0.6041763743817473,8.130705999533092,1.736169128567596,1,1,0,0,5,travel,0
24.052830356350732,13,12.793081659394916,9.418554084121526,1.2393359435168865,1,1,1,1,2,entertainment,0
349.5938802872115,1,285.6937290692094,69.41730554198811,3.5095818624796045,0,1,0,1,9,travel,1
26.082479876589066,6,41.05626427171175,3.0711223694381,0.7284642940747419,1,1,1,0,5,grocery,0
25.615109790163807,11,25.56162432431876,0.1,0.653017525039485,1,1,1,0,4,restaurant,0
29.132172600970094,11,2.2464636352653358,9.430526020123919,0.8960365638077693,1,1,1,0,3,retail,0
28.91041006005095,16,3.640047984912533,0.1,0.6571602571702172,1,0,1,0,5,retail,0
369.2757108466323,3,79.41304470226402,156.94651421784496,5.826916135740456,0,0,0,0,7,retail,1
19.031582632630915,20,4.4441991030632995,4.626822620061042,1.137210272943698,1,1,1,0,5,restaurant,0
10.552102612890604,18,5.097765981047918,9.056875905723725,1.1784163003948205,0,0,0,0,4,grocery,0
5.865601165176988,10,8.888443295850685,2.466852330449733,1.1437994120995572,0,1,1,0,4,restaurant,0
804.1428951649651,3,51.62012069876634,1.0,2.148989946242046,1,0,0,0,3,entertainment,1
19.839474282544487,20,32.7707886131609,0.1953497660055903,0.787301511935481,1,1,1,0,2,entertainment,0
54.162374953570264,13,11.720070610023,9.698223875933769,0.9860142070558924,1,1,1,0,1,grocery,0
198.8783409804877,10,19.90599982284869,6.613467541454226,0.8328978310899209,1,0,1,0,4,grocery,0
10.277450962079763,9,10.46395500881716,3.2944648979980693,0.9411718567274222,1,1,0,1,2,retail,0
100.0461081422136,15,10.536578740735251,1.2886073889356382,1.0549743659135753,1,1,0,1,2,grocery,0
10.454070971127141,12,0.8536610157522431,1.7105192181317705,1.1833885669637894,1,1,1,0,5,restaurant,0
114.80577106451966,18,0.45160610542834206,3.1874183265730216,0.802883140796332,1,1,1,0,4,online,0
47.703158118732276,18,2.8575001733658163,0.5028919611078799,1.5855575656637841,1,1,1,0,3,restaurant,0
56.16792098011664,8,6.127445922803841,6.996719630458007,1.3154100809577625,1,0,1,0,1,travel,0
64.99706218497519,17,15.231114340078067,4.459683389798093,0.9838730200937037,1,0,0,1,2,travel,0
261.9776167281902,22,3.545259871546211,0.39836059332520657,1.6753953921255498,1,0,1,0,3,restaurant,0
61.3908199961879,18,10.831625593134808,7.638498510089398,1.5640951320532523,1,1,1,1,3,retail,0
377.87755637178697,22,177.42351881652445,10.85997582257649,5.1698792622601015,0,0,1,1,14,online,1
162.34847189303605,2,117.01868594673144,106.63425279758938,2.119158026245915,0,1,0,1,5,grocery,1
18.785693760457136,22,8.982739611137108,11.753111031930157,1.1506016352806043,1,1,1,0,3,grocery,0
129.3288605622191,22,5.0,41.05196029428432,3.3830220742916253,0,0,0,0,13,online,1
100.57908960787368,4,57.04324055093803,12.933959164564396,3.1194472956575696,0,0,0,0,4,grocery,1
45.107606301903296,12,2.2268196870132067,6.603248765432403,0.791034306055637,1,1,1,1,1,retail,0
189.89777293595066,17,31.65018428217238,0.15646619915117302,0.6025756405695537,1,1,1,1,5,grocery,0
246.20499302304185,21,31.772177736519794,0.5765381980528667,0.41597204936204124,1,0,1,0,5,retail,0
53.48747936829894,21,7.12840653505763,18.203009013467778,1.1548586351624786,0,1,0,1,2,grocery,0
62.21847840619106,7,0.6180139913616621,5.76698093305127,0.9033839823964885,1,1,1,1,2,grocery,0
96.6222948456865,12,13.927345278392782,9.812641121588777,1.1495953195420545,1,0,0,0,1,restaurant,0
41.16800754121655,10,10.388267059009754,5.616398118329531,0.8134530297010946,1,1,1,0,4,restaurant,0
18.644022419185216,15,20.427439605232077,3.1352865567943766,0.8954917526026568,1,0,1,0,2,grocery,0
161.99602117573448,22,19.717744316765963,0.5943177554153172,1.1222588167330292,1,1,0,0,5,restaurant,0
6.05537396074928,14,1.589230447371426,18.607926578927408,1.2492280200129549,1,1,0,0,5,grocery,0
4.638577895126389,20,9.300164149075382,6.5333479439892885,0.8583613691191763,0,1,1,1,1,retail,0
30.49064548348575,8,10.94787324682593,0.9384092210259497,0.3685794862050621,1,1,0,1,4,grocery,0
34.491760352497415,13,4.18894341355789,1.2834396493914255,0.9858384068595683,1,1,1,0,2,entertainment,0
177.9168581401907,12,11.401910836049797,10.29304145385616,1.2147737392750886,1,1,0,0,1,restaurant,0
42.68886367387302,8,17.006293366457218,2.129085603837073,1.3623409092070278,1,1,0,1,5,grocery,0
58.148335145953645,22,10.397827464973105,4.629475687212686,0.8746429839510599,1,1,1,0,4,retail,0
12.479595542843235,20,15.527145169675961,8.523680828895596,0.4238659021244481,1,1,1,0,4,entertainment,0
23.83967538175955,15,6.1779893044609935,1.7456914729499315,0.8421770061367977,1,1,1,0,5,online,0
113.33007606911823,13,0.3152001986274977,5.530650233328308,0.9615201053714413,1,1,1,0,5,retail,0
51.05331077246076,7,1.5725006454792132,0.5016841155382405,1.4640525074932178,1,1,0,0,5,retail,0
114.80176668994216,18,4.8219557924888,22.204618736676352,0.9332139096121393,1,1,0,0,1,grocery,0
181.8384445977742,16,8.355908569750955,11.679085783503956,1.313004020743236,1,1,1,0,5,restaurant,0
33.23782514032273,18,9.826260994104402,0.9509834386836542,1.2260680463200042,0,0,0,1,3,grocery,0
150.72733563479628,4,68.40101731095645,141.35271527798926,1.8418480001347017,0,0,0,1,8,online,1
50.24489392127137,12,31.774787006371852,1.016150336326499,1.0521918830590486,0,0,1,0,3,restaurant,0
13.006094697433957,13,4.8372144087911115,15.506962279713202,0.664451531176608,1,0,1,1,4,retail,0
202.81834166876604,12,6.303056527246399,1.827771063116462,1.1860351851729063,0,1,0,0,5,grocery,0
80.22447868594818,21,22.633542999003495,3.6410085189451094,0.8626418550455995,0,1,1,0,3,retail,0
80.03514853889108,18,6.321675650711739,1.2093929915771005,1.0015231316352984,1,0,1,0,2,grocery,0
70.13834985285277,8,0.7317082477629624,1.179081278814972,0.8622499156468135,1,1,1,0,2,retail,0
103.15022952538385,20,3.581418579622065,3.1147425286326125,0.4709597189175152,1,1,1,0,1,restaurant,0
34.05980441523142,16,12.974799691750395,1.5120760231745012,0.6676193551653964,1,1,0,0,5,travel,0
131.95059495792717,19,32.84180148132192,12.054837289896723,0.8690956730151636,1,1,1,0,5,online,0
157.36889313240698,14,7.376943689966257,12.723520671018298,1.1882234879242597,1,0,1,0,5,restaurant,0
167.49338755087504,16,11.827413158887698,3.107293614246423,1.1705170050080715,1,1,1,1,4,retail,0
72.0500498142131,22,5.681171059535094,1.0117907865732998,0.8094568965609013,1,1,0,0,4,online,0
146.21147061288264,16,10.450800151008604,5.023868587195547,1.242863873239151,1,1,0,1,3,grocery,0
1.0,16,16.437433912234873,1.7435834348937043,1.1735862501522325,1,1,1,0,5,grocery,0
74.90010866198558,15,8.294302857740416,2.393694779944348,0.9952054125328537,1,1,1,0,3,grocery,0
1.0,19,0.977333219037906,8.115506229482017,1.266811626478124,0,1,0,1,4,grocery,0
21.049430041694176,8,7.499552986371933,1.4090310649802156,0.6724131310955699,0,1,0,0,1,grocery,0
65.50758764461658,6,39.85148710743475,11.573964517784914,0.8775675287481484,1,1,1,0,1,restaurant,0
181.5124211544706,11,1.636674493988929,4.462868169348094,1.1358548459356155,1,0,1,0,4,travel,0
23.2615522225247,21,18.757969422859006,10.763753156014337,0.9376651628842484,1,0,1,0,3,online,0
52.66268093683172,23,145.76768847945394,22.82624013259139,3.270133704279282,0,1,0,1,8,online,1
50.0,3,36.04374368823965,7.793709820722176,2.8294254005570734,0,0,0,0,3,entertainment,1
39.465702995570076,9,4.7517361945324925,4.369484363505332,1.0441894205397542,1,1,1,0,5,restaurant,0
32.66119090405929,9,17.821326775194265,4.89730502888013,1.4081373084362012,1,1,0,0,5,travel,0
106.66640966318673,12,42.55577670284965,1.9404723129992827,0.7713915807192299,1,1,0,0,5,grocery,0
278.9726433456915,15,10.522203088078614,6.576623184987769,1.4002098047994558,1,0,1,0,2,retail,0
54.53108432678914,15,0.1079706084381293,3.9993621101028283,1.1101669374516825,1,1,1,0,5,entertainment,0
95.80495090061103,14,2.1799832069444394,5.820268746490606,0.9353009948624463,0,1,1,0,4,travel,0
26.964917570122303,21,6.920720270904585,1.693772522778856,0.7989517790695219,1,1,1,1,4,entertainment,0
391.2523969638444,13,4.009667748467677,6.226274601078075,1.0057339168810222,1,1,0,0,5,grocery,0
70.59666437128162,20,25.34371400177725,1.3970894264602574,0.8408455614112295,1,1,1,0,3,retail,0
29.64241720142368,8,0.2453615884817366,1.0630152060557734,0.9883460826445206,1,0,1,1,2,travel,0
56.00041477714643,10,46.84446704026012,1.842776201432514,0.9984649734453587,1,0,1,1,1,grocery,0
129.52430088441014,15,11.089882816161722,18.88349859254467,1.1762087013204052,0,1,1,0,2,grocery,0
112.37063894840136,12,3.0922246233985295,25.982388114102662,1.1683754320330388,1,1,1,0,3,grocery,0
158.88820752722324,10,2.944189404554572,2.8010652120131505,0.8015826785097753,1,1,1,0,5,online,0
31.92768820342559,16,2.5031877798968543,2.1281378616687547,0.8178449755219268,1,1,1,0,4,travel,0
1.5925905033711523,8,8.029044483861815,14.612955995568386,0.9979357614024276,1,1,1,0,1,restaurant,0
103.28050217542695,20,9.85650537402114,0.5340765713935507,1.219632125744221,1,1,1,1,3,grocery,0
72.35484912802177,22,10.543865660558772,0.1,0.9968366513477228,1,1,0,1,3,entertainment,0
62.34288152559116,20,1.207483246237723,1.0874105645611956,1.4070406480590776,1,1,1,0,1,restaurant,0
62.961662427765084,13,0.3060490647203078,17.428924296375918,0.5156624649945514,0,1,1,0,4,retail,0
42.52033375061294,15,0.2658916841783986,2.81623006520248,1.4614816807944357,1,1,1,0,5,grocery,0
20.73599235352042,15,28.22775441853954,23.484994944793897,0.8978112194425459,0,1,1,0,3,grocery,0
37.564710477817165,10,25.67713661704149,0.6807908493755177,1.1908537944031674,1,1,0,0,3,restaurant,0
14.161259558614752,11,20.760833179294124,7.1049092028286776,1.2247141463450872,1,1,0,0,1,restaurant,0
52.854102639077745,10,5.0102984045214916,14.885262621573439,1.7164937544611214,1,1,1,0,2,grocery,0
1.0,21,7.934443326597618,5.457710709710301,0.8256080361365448,1,1,1,0,4,entertainment,0
140.07565356484605,11,15.915979391517727,5.5387301825495205,0.9388023574025186,1,1,1,0,1,restaurant,0
135.71095852444637,10,6.418956816554999,3.775986764986172,0.7739293924589482,1,1,0,1,4,grocery,0
7.421909728204938,16,5.080981571316231,1.1378586934024384,1.2059101942671686,0,1,1,0,5,entertainment,0
45.22354373040935,20,23.31651392588832,5.619814988750242,0.776860673477324,1,0,1,0,1,retail,0
16.566238571685666,7,1.367432225126858,9.996040056842428,0.8405875580107152,0,1,1,0,3,grocery,0
2.3540366238669037,20,4.388663174929735,5.367006222546214,0.8047339800843946,1,1,0,0,1,retail,0
523.4937960987036,18,1.0510280870134596,4.20428424643556,1.1172909528195525,1,1,1,0,4,travel,0
944.0317748334556,1,20.744714641065933,5.355726328491107,2.660743395473072,0,0,0,0,11,travel,1
44.183496441679935,13,5.634978834520613,1.9175260222533907,0.8850014047110559,1,1,1,0,3,restaurant,0
3.9742401824549223,11,15.593712458169422,3.59970566038476,0.9856534924090095,0,1,1,0,3,travel,0
106.44247255277607,13,13.355236670044539,1.4267807742907723,1.2661377634744087,1,1,0,1,4,grocery,0
88.05343112951951,18,5.994277770099407,4.179173907525949,0.8612634981737721,1,1,0,0,2,retail,0
70.89942789584227,21,22.080312859562046,0.7304381922872849,1.0873999772152834,1,1,1,0,4,grocery,0
25.21507040928784,11,5.525097511478924,2.1282559141519064,1.2843186931492947,1,1,1,1,4,grocery,0
11.172302426345308,12,13.982903217114453,5.039460006518643,1.1143434952487286,1,1,0,0,4,travel,0
162.9358057740925,8,8.725314949095825,4.919858161489461,0.37585326546461917,1,0,1,0,4,entertainment,0
118.67443617024897,21,12.102368977046554,0.8031057952521669,0.7151524328235899,0,1,1,1,5,travel,0
15.495449127928422,19,2.518168703926697,12.54160096638644,0.6922033278644759,1,0,1,0,5,entertainment,0
55.95454662272545,7,4.9912785657171455,9.715557229659247,1.0621307241100475,0,1,0,0,2,entertainment,0
79.85621990911045,22,13.905621878801115,3.1434109817707174,1.2932804945943606,0,1,1,0,3,retail,0
87.5033513990521,7,6.709599823098053,5.144106852470701,0.6992043956676359,1,1,1,1,2,retail,0
13.955093639129903,19,2.7075199984797,0.5409056787221114,0.9517664133480532,1,1,1,1,5,grocery,0
74.15973007682668,17,2.888025128730704,2.90162627567006,1.314646365544637,1,1,0,0,4,travel,0
108.46785245268646,21,19.88314634777464,4.638870402864407,1.1785121118157191,0,1,0,0,2,retail,0
57.27650124912497,15,9.90559681977305,5.1969471807870065,0.727566410427736,0,1,0,0,3,grocery,0
1.0,13,4.537898866444317,3.5428213616520594,1.3855071249858169,1,0,0,0,2,grocery,0
45.253374723678476,18,0.5461416255350572,1.9173981303125123,1.0850599647726313,0,1,0,0,3,grocery,0
12.634973279305266,21,9.101704354737926,4.891053975310337,1.1435696646122744,1,1,1,0,1,grocery,0
26.1296964884113,20,29.391312603616072,8.731000860476717,0.5051072426813561,1,0,1,1,4,grocery,0
42.84008916292855,17,1.2770368767374738,2.757744061496787,0.8927122318956022,0,1,1,0,3,grocery,0
20.768298033478697,12,3.6625493109895935,0.8451192786988435,1.2356198444291469,1,1,0,0,1,travel,0
37.28206733030689,6,15.772421275445476,1.8507723761270214,0.5240508840782059,1,1,1,0,4,retail,0
69.1134182102234,19,9.249023518999445,0.8316424718519343,0.8407753600891389,1,1,1,0,5,grocery,0
39.81874545950043,12,3.644731313403045,7.126677048932779,1.2373138227502278,1,0,1,1,5,retail,0
229.6793710771899,12,0.2350070449277086,3.5071561490908203,1.43533430768538,1,0,1,0,1,travel,0
2.667987975591674,10,8.66368908068128,1.5482044925840464,1.319763474211028,1,1,0,0,5,restaurant,0
116.1138581023237,15,1.3303728357892295,0.8398052847628235,0.6981976608876215,0,1,1,0,3,online,0
2.863377395938935,6,5.8886303750175,6.180702413825667,1.0127764381853894,0,1,1,0,5,online,0
230.6512777765718,14,14.126988066617393,5.614029704610518,0.9201146502863745,1,1,1,0,4,restaurant,0
64.1151619708714,15,15.621738907028615,2.7023416821813626,1.4966278606529586,1,1,1,0,5,grocery,0
88.34146714802284,19,1.199245305359537,1.3682821416025959,0.6068057936620341,1,1,1,1,5,restaurant,0
50.0,1,33.95025944160293,19.86500663918821,2.509904749242544,0,1,0,0,12,online,1
279.04343083506024,16,7.004166010660585,8.056866334120059,1.0652966685467187,0,0,1,1,5,grocery,0
78.73543757883579,12,4.531932485890225,4.960054088242886,0.9196905739641064,1,1,0,1,5,retail,0
155.3343741097954,6,7.1701986764573,2.786721031562631,1.591287750502193,1,0,1,1,4,retail,0
133.1131533280036,15,6.048612074649161,8.536617887012218,0.8374759526278839,0,1,1,0,5,restaurant,0
490.30583951232694,13,2.728263121489679,4.759041035809008,0.6265433334186482,1,1,1,0,2,grocery,0
18.637719159955697,21,19.02463424462537,1.1041366859070447,1.1711762781157258,1,1,1,0,1,retail,0
23.781144311101468,17,3.752505683792525,2.433387759279388,1.1473420065432876,0,1,1,1,1,grocery,0
163.2785349099345,11,8.187252312776254,1.920919153454832,1.3812995728726365,1,1,0,1,4,grocery,0
38.6385255891038,15,1.0569053336088878,7.275527792972385,0.9796909658570545,1,1,0,1,4,restaurant,0
10.075557158882722,11,11.993677771287498,1.3105593399269728,0.789979548994187,1,1,1,1,3,travel,0
90.36398835494026,21,13.37927759905851,0.1,0.965603382380765,1,1,1,0,1,retail,0
502.3116573019668,3,40.96420250271131,11.14396493020578,4.333613515710888,0,0,0,1,9,entertainment,1
187.5017276939603,15,2.5002496067273134,8.415664644436054,0.4659485508120641,1,1,1,0,2,grocery,0
5.5188437059572495,14,2.7886045745880566,1.0437095434560117,1.2628795162429682,1,1,1,1,4,grocery,0
1.9693184864550892,6,3.2673758191355566,3.4575401885291566,0.3578905509030852,1,1,1,0,1,grocery,0
37.227688026619866,22,6.357559832049862,0.8309852072177135,0.7076497554590595,1,1,0,0,5,retail,0
10.853924914395641,15,4.853942802712254,5.670975097924561,0.947842924454037,1,0,0,1,5,restaurant,0
19.89570089443332,17,1.7478098522311685,13.754216065399676,1.0501856357363497,1,1,1,0,4,retail,0
110.47976938613935,20,11.8636902566459,0.8821260507082049,1.2375926566499362,1,0,1,0,1,retail,0
62.63532625396329,11,11.044363573613943,5.849746388086254,1.0024904187670414,1,1,1,0,1,online,0
560.9508368940741,23,47.95944790850406,69.05341063387792,2.5784923926416345,1,0,0,1,5,online,1
40.9599939502337,13,1.7502310874892102,14.36409779987174,1.5032869681141832,0,1,1,0,3,restaurant,0
68.17135510901102,9,14.748270231930132,5.366615925979432,0.7760734004499342,1,1,1,0,4,grocery,0
10.816497414376682,20,0.2472321826875013,4.043551052918307,0.5414971682434413,1,1,0,0,4,grocery,0
57.389255442757594,4,169.7508393511285,47.753059154962344,2.546056766934057,0,0,0,1,13,online,1
56.39955526345418,16,8.22442814167743,2.4592860726460937,1.0064653636152823,0,1,1,1,2,restaurant,0
6.7228513658658695,21,5.374338155196567,2.0727140074151946,0.5988031538288132,1,1,0,1,5,retail,0
90.2092880949321,22,1.3100293258303866,0.1295554305829746,1.3759827012339487,1,1,1,0,5,online,0
71.47505247014824,10,14.234616237579996,0.28974143379141765,1.350086784272147,1,1,0,0,2,retail,0
10.398600893319669,14,9.347323401947538,4.012177204585436,1.0990477493898592,1,1,0,0,5,entertainment,0
153.1373010243899,21,15.3219281610117,0.1,1.1883392689570207,1,1,1,0,4,entertainment,0
120.4008163019754,18,0.5718496835212751,2.2277572131624517,0.9825557714876931,1,1,1,0,2,grocery,0
74.14243216243321,19,13.177362388209115,4.827253400278306,0.6549980118211614,1,1,1,0,1,grocery,0
161.60609372877613,12,9.310664762991625,1.0131204503272495,1.4642886518300102,1,1,1,0,5,retail,0
97.31056645281903,8,3.5743172982487064,6.20206336865188,0.7652106747892535,1,0,1,0,2,restaurant,0
135.9061908622448,18,7.963937045351949,2.837360824723673,1.26634384353884,1,1,1,0,5,travel,0
934.0003594070179,2,19.09492091172234,13.559026018303872,2.8409348301143287,1,0,0,1,3,grocery,1
6.282522128885789,9,1.736705333048024,0.5107719422495359,1.1269918069951912,1,1,0,0,2,entertainment,0
5.568642056901885,21,2.7756866532433206,0.38239433557271196,1.1095971330496655,1,1,1,0,3,grocery,0
60.18207811485123,17,6.855875863306408,14.984648455758993,1.4574274917186534,0,1,1,0,5,travel,0
112.08540001550824,20,1.8508848784333363,1.63282817474028,0.757390575430824,1,1,1,0,3,retail,0
70.88094955029656,16,5.049564158988968,0.6779563799493015,1.364231599293729,1,0,1,1,4,restaurant,0
184.35168419229527,22,54.755743592984786,23.218634962309498,3.1931202331386266,1,1,0,1,4,online,1
13.443660834364199,10,0.147880411449696,9.09143593871088,0.5992345288420909,1,0,1,0,4,travel,0
8.146560386637114,21,18.970168935280345,4.946858011736346,0.9689221334864125,1,1,1,0,1,grocery,0
130.95708037882738,20,4.441594736909723,5.393621921491757,0.9862160880320365,0,1,1,0,4,travel,0
58.95940329573722,10,0.6472214834477846,2.663367744792666,0.7134914386085783,1,1,0,0,2,retail,0
50.0,1,222.246795114057,39.56619286324265,6.152560685506337,0,0,1,1,4,travel,1
170.8381180273118,1,14.34157159358249,166.69304593726733,5.030127183844936,1,1,0,1,11,travel,1
19.0028556523832,19,3.1697538878538745,3.021336719919152,0.923985650055998,0,0,0,0,5,restaurant,0
73.93577649090864,22,3.8320258685740254,17.298163471000155,0.5694701614902413,1,1,1,1,5,grocery,0
130.18276137995508,8,4.038709575614405,12.267940694578392,1.5222340350444732,1,1,0,1,3,restaurant,0
20.119461172934642,16,18.611733324664353,7.410893230033193,0.7301395703961868,1,1,0,0,5,grocery,0
3.428526984728723,22,13.213293168865171,1.682325897266868,1.3323979921865707,1,1,1,0,5,restaurant,0
23.816353395287734,22,7.6743777214435465,0.6579585012036836,0.846697229536258,1,1,1,1,4,grocery,0
33.93114526358442,14,14.293363267220077,3.2679036109886783,1.3743591993404718,1,0,1,0,1,retail,0
28.86791759858504,20,3.350332326035275,1.2046821223652373,0.492895322870499,0,1,0,0,1,restaurant,0
31.269423041158774,19,12.953675474765518,13.397601512055274,1.0493373467791163,1,1,1,1,5,online,0
97.41322782383011,11,4.4467969159196565,2.6051377863901486,1.4243453323774757,1,1,0,0,4,entertainment,0
88.59882458713356,10,22.44367268545725,2.686892522901224,0.800339816555357,1,0,0,0,2,grocery,0
42.870637125522215,13,11.886853682726583,2.772820803252787,0.6249699823010108,1,1,1,1,4,retail,0
296.8158603417849,14,2.3058636837877984,0.1872417117228211,1.1275640440784815,0,1,0,1,1,restaurant,0
36.98299171978934,8,0.8174428103454336,8.952084377142072,0.670841490508591,1,1,1,1,3,restaurant,0
53.06512992929055,22,5.793975035760221,4.115391763330043,1.4976057102191005,1,1,1,0,3,retail,0
107.63712697323216,9,10.91072059505043,6.657202252848689,1.4657448569019313,1,1,1,1,4,grocery,0
122.01723146703566,12,5.393447614217227,6.473397809884825,0.7956104384031302,1,1,0,0,2,retail,0
443.1779979400304,5,396.63571164577127,8.856351799853105,3.9288610935327553,0,0,0,0,7,retail,1
17.70590253480403,6,16.652729233399768,2.0239361475272553,0.9603941678401808,1,1,0,1,2,grocery,0
180.70324116367408,21,3.3466232895798202,0.3094345660284564,1.022776306968511,1,1,1,0,4,grocery,0
89.3263267123629,17,20.37278994197347,5.869100813132517,0.6676513771187779,1,1,1,1,1,travel,0
368.84557982770536,15,10.50331185365354,2.7146172507137107,0.7573638805252166,1,1,1,1,5,retail,0
238.04405124638083,22,2.484427634946221,4.6199547978002675,0.8029244136157753,1,1,0,0,3,retail,0
328.82474461044603,8,2.4166742844371982,0.4837641043885718,1.3587827171417364,0,1,0,0,4,retail,0
123.18897948026304,5,177.9719529092277,59.98204818772933,1.5947091795749544,0,0,0,1,9,online,1
115.78885874654702,19,1.4844317753004566,9.807815955179718,0.6181482877579555,1,1,1,1,3,retail,0
50.0,22,347.638606122223,44.66827895680234,3.950730782064241,0,1,1,1,11,travel,1
5.145317103962167,6,40.91185711160051,0.6552743026429496,0.7539555674090076,1,1,0,0,2,grocery,0
28.085598494918806,7,7.197428565785526,8.05516012676731,0.7930485519273971,1,1,0,0,1,restaurant,0
44.09988804498083,22,14.72065695760959,0.8102590703650321,0.7573133716516317,0,0,1,0,5,restaurant,0
41.73241997107184,12,8.365554032937577,1.3653712442738206,1.5442419341108216,1,1,1,0,3,restaurant,0
68.88343689388401,17,3.804913618266823,5.920659455139607,0.9690484841303386,1,1,1,1,5,retail,0
64.76914000123902,1,102.89179684441386,5.5788529516357706,5.309718841655005,0,0,0,1,5,entertainment,1
24.360251525041736,20,7.592250556324438,3.5958124983020974,0.5915213087516336,1,1,1,1,4,travel,0
54.34429564923812,7,4.572475327263784,1.8310299042758127,0.730404458332737,1,1,1,0,2,restaurant,0
16.985108052504664,20,3.0135265191339022,5.738297115132486,0.875423206556105,1,0,0,0,4,retail,0
54.12143726377866,6,18.650119491382547,6.791520891767027,0.9164422019469837,1,1,1,0,4,online,0
354.0680247491624,6,54.604192205702546,0.772914620049298,1.2237241172292739,1,0,0,0,4,grocery,0
31.250639435806463,10,14.273130664905292,2.116504607183419,0.7360417289747996,1,0,1,0,3,grocery,0
63.939298813436466,1,5.0,40.87271449716004,5.478128289011256,0,0,0,0,5,entertainment,1
13.808978830174116,10,4.469370840518375,0.5418658049315799,0.7439916858610868,0,1,0,0,3,grocery,0
72.51586531534265,9,9.625249495289625,2.4841961023269823,0.4902959070151921,1,0,0,0,2,entertainment,0
42.303233362534165,18,1.4529791947763155,5.886717043372135,0.8655350980889444,1,1,0,0,3,restaurant,0
81.07867637488968,17,0.5727577781376618,0.10718086224445952,0.703389529128622,1,1,0,1,3,restaurant,0
211.190843368326,20,2.384836806457748,8.654689455195646,0.8808377357956867,0,0,1,0,3,entertainment,0
59.14812395110089,13,6.974124554974007,0.460801272534043,0.6941820043229168,1,0,0,1,3,restaurant,0
22.163337816736906,18,12.330354191910097,5.126066740680902,0.9262317181029264,1,1,0,0,1,grocery,0
8.55523691135495,18,13.450894087232628,2.6952620718514595,1.0570257470179567,0,1,1,0,3,restaurant,0
204.4000077751789,13,3.674122909187747,0.8050448732097855,1.095146713728891,1,1,1,1,5,grocery,0
46.264116955798116,22,7.563793695410908,2.489087320178854,1.2504611504093044,0,1,1,0,1,restaurant,0
86.87954135164364,19,3.3077858694565783,4.265676304677407,0.6935837461971445,1,1,1,0,3,grocery,0
230.67710298563316,6,24.02975654637684,0.14656824866998408,0.715295910597823,1,0,0,0,3,grocery,0
354.65936941938526,7,2.941037466389222,2.3689185001202757,1.2293722258346333,1,0,0,1,1,restaurant,0
6.721050080537355,13,2.279283303652054,2.414714557474718,1.535774515172215,1,1,0,0,2,grocery,0
106.95679024198327,14,15.707258835183168,0.31904185230421256,0.9435974523796973,1,1,0,1,2,restaurant,0
1.6274703523621143,7,8.730675159565262,3.3252676730621444,0.9573800759122739,0,1,0,0,1,travel,0
10.452571719022004,16,29.381388357172877,4.271087269633914,0.7450351107818749,1,1,1,0,1,travel,0
46.68119881148685,16,6.447173861580772,13.591043721254369,0.8227250703879146,0,1,1,0,2,grocery,0
126.3197207249501,20,6.4527897685269044,4.88640322729082,0.9520946547699108,0,1,0,1,3,entertainment,0
33.541826095196726,18,6.6785333467520855,0.1,0.7174907121747167,1,1,1,0,1,retail,0
4.2280869904313985,11,1.1409149088339572,2.8367926316078047,1.08902554051058,1,1,1,0,2,entertainment,0
2.9283283368685598,11,12.125026823644268,3.1303918897288483,1.04472618801655,1,0,1,0,2,retail,0
3.084310204134904,10,2.4768821025984336,2.433842432919665,0.7649714880761751,0,0,1,0,1,restaurant,0
290.7268519905552,2,6.887568034054079,11.801897811176627,2.4127651872058555,0,1,0,1,9,travel,1
63.105148846105614,21,0.20478465409831004,0.9171057055204225,0.8601534396639302,0,1,1,0,4,retail,0
37.08657846189476,14,6.00103300265182,7.787513699603174,1.2050895331829172,1,0,0,1,3,grocery,0
101.81524522588566,2,27.016691074312792,52.63654715958456,2.3458975897801784,0,0,0,1,3,online,1
47.60693244164888,21,3.174445828378158,25.75311909372152,0.9931043910330277,0,1,1,1,1,grocery,0
50.0,4,7.966342185770378,164.0703504979673,5.0551645718327665,0,0,0,1,5,online,1
1.0,19,6.945022478600348,1.7245741432332042,1.595309164800757,1,1,1,0,1,retail,0
265.7524847818757,8,3.230632180018082,3.4047632921746986,1.0237983132828625,1,1,0,0,3,retail,0
9.578443472048345,20,6.324097504791027,0.1,1.333116182892634,1,1,1,0,1,grocery,0
40.77711005219012,21,5.4546702861805105,4.2853866664407905,0.3416629251838047,1,1,1,1,3,retail,0
65.21158083616928,9,3.3025461290212426,17.138190819442812,1.1539883993478064,1,1,1,1,4,retail,0
26.366189469301034,14,17.296496020427565,3.598908898715644,0.8503583632608618,1,1,0,0,4,restaurant,0
147.0000192592997,15,4.261617924866692,8.431814189023601,1.0691476929129076,1,1,0,0,2,retail,0
50.0,0,10.748681083222973,5.808839494906127,6.551921003368781,0,1,0,1,8,restaurant,1
4.122498359683717,20,0.9027298861518573,4.1177950075189,1.189845449721077,0,1,0,0,3,entertainment,0
169.26367812441077,14,2.374537604558596,4.186648898981714,1.485096820661595,1,1,0,0,3,retail,0
11.71780465051323,17,1.8775918200235033,5.6207071593257565,0.9929330663654465,0,1,1,0,4,restaurant,0
530.3761066540468,22,74.50717800394453,13.778521204130575,0.5,0,1,0,0,4,travel,1
82.60528271882472,19,0.705665345201747,0.8878803842705228,0.9305204967593683,1,0,1,1,4,retail,0
284.2475113352245,4,81.55036961301492,10.628522146123537,1.1591205048899869,0,0,0,0,7,travel,1
70.85818138117672,15,4.1376387519217905,7.666337002141001,1.0348477940583214,0,0,1,0,5,travel,0
131.63460280996793,22,3.9115434379796286,0.3069098908420182,1.1488539297224163,1,1,1,0,4,restaurant,0
13.75372892714547,6,0.1,0.639026564968212,1.0303453800021147,0,1,1,0,5,grocery,0
57.342328976672064,15,30.02244209606415,3.355977836161641,1.3569828787441844,0,1,1,0,5,restaurant,0
126.99235219995961,9,9.323679773939418,2.244275780167214,1.0971555942408548,0,0,1,1,2,restaurant,0
39.091283424190074,21,3.154436765657947,1.6129986777661174,0.5958762808692054,0,1,1,0,3,grocery,0
27.998815631212718,9,5.373884787724592,4.133739135699561,0.99322738902879,1,1,1,1,1,grocery,0
16.44708914530662,14,20.334437427147453,2.8208218977090853,0.7315436919948316,1,0,1,0,5,retail,0
29.600282845807296,12,3.6163147101124866,11.107001677336365,0.7632797598432507,1,0,1,1,5,entertainment,0
60.00377957216325,23,5.873365121462419,4.02428005715652,6.24359651799981,0,0,1,1,9,travel,1
70.47150944751066,9,15.750979604534761,19.874797711834653,1.3236464981658802,0,1,0,0,2,entertainment,0
3.425520370481165,7,9.037073445620381,9.05031115457599,0.9059220586207531,1,1,1,0,1,retail,0
1.0,7,2.7422839118988565,0.28902575046953327,0.987618814300971,1,1,1,1,4,retail,0
75.63590881185385,22,0.31669302568679736,0.3080399916445524,0.9841186717544051,1,0,0,1,2,restaurant,0
50.0,1,65.16978709819591,101.84691604859606,1.213289606505327,1,0,0,1,8,online,1
8.483969329121399,21,7.084849719680486,0.6671386029237407,1.160079089378379,0,0,1,0,2,retail,0
157.99627541932884,10,15.20728463352948,2.4721180969685426,1.2250946720081561,1,1,1,0,4,grocery,0
97.63829784231629,10,7.5616557138103015,1.6151514866272911,1.0610088410335303,0,1,0,0,2,entertainment,0
174.1496847849638,14,24.319639982623464,0.5577265479286375,1.0785468803512641,0,0,0,0,1,restaurant,0
180.32939568788373,9,7.091409358583954,1.0036666852528777,1.6988590262475776,1,1,1,0,2,online,0
85.8594775840109,6,34.65335627552439,5.9874036558748545,1.3727946411385874,1,0,1,0,5,grocery,0
6.194596079714387,11,6.8985562537999385,1.9566776703530995,0.6174821095024572,1,0,1,0,4,retail,0
163.19868985460965,14,6.8011585937536365,2.9353651835184613,1.402690074993275,1,1,1,0,1,grocery,0
53.79204087549892,23,507.8237889423774,14.785123033451498,3.2133651867430126,0,0,0,1,12,online,1
77.97495452930627,20,5.497512090205884,1.0888474224467566,1.1331508138121906,1,1,1,0,5,grocery,0
82.57443170993886,15,14.131717122897625,9.914989488511484,1.291960106838567,1,1,1,1,4,restaurant,0
34.426116053350405,18,42.3191144680614,0.1,1.6092218409610317,1,1,0,0,2,restaurant,0
132.80564910159188,17,7.053693650220943,13.92617496370453,0.8854557899892834,0,1,1,0,4,retail,0
50.0,4,5.0,2.87159157819066,4.457063327138404,0,1,0,1,11,online,1
25.789255223035873,21,6.72924990432299,6.3118493607542785,1.3109548419127286,1,1,1,0,3,restaurant,0
5.027136951938105,7,10.539156693352744,12.109415735576952,0.4553921366014436,0,1,1,1,1,grocery,0
1.0,20,0.22093654447773473,1.2932093050993427,0.8727361121393433,1,1,1,0,4,restaurant,0
49.99266141274602,7,4.728225479883138,5.149413209108923,0.6666723045977667,0,0,0,0,3,grocery,0
68.94668115896339,13,4.476159950264232,17.587533526373697,1.1697148026409638,0,1,1,0,3,restaurant,0
125.94112447761913,13,15.589171164217664,13.884955728621529,0.748681789776494,0,1,1,0,4,travel,0
64.0331825255919,6,7.318785628340146,2.8438046523730387,1.0608685656375407,0,1,0,1,1,grocery,0
119.90218437394381,10,17.800855773186022,0.6226831560607218,0.9746315589200754,1,1,0,0,5,grocery,0
77.98592458829074,14,51.9893869386412,1.5630676405243955,0.8086776259968452,1,1,0,1,5,retail,0
1.0,9,0.5390478645011846,29.812208249913773,1.155400652745453,0,0,1,0,5,restaurant,0
36.46007269881341,7,5.639511486664021,16.03147607177203,1.25422222504942,1,1,0,0,2,entertainment,0
35.08229047158045,18,0.8494899678239577,3.279817667505359,0.974667369788476,1,0,0,1,1,retail,0
67.8172637203098,9,4.976248981360266,0.1,1.3044130140961077,1,1,1,0,1,grocery,0
103.91223830543112,17,0.1,0.7847962680907126,0.924846123755537,1,1,1,1,5,retail,0
328.2871857190127,2,17.589621212908174,90.19097808580347,1.6200911238357145,0,0,0,1,7,grocery,1
12.42332372188907,12,0.28306684994972525,6.08936307659384,0.8448437653900347,1,0,0,1,1,grocery,0
348.197912170019,1,5.0,61.57165806932829,3.9233683901297107,0,1,0,1,9,online,1
30.925961910127327,7,29.4994216637475,6.907511409532544,0.6965674318526658,1,1,1,0,2,travel,0
4.766640666621479,9,5.199865789512068,1.9927672391897355,0.9445587023491583,1,1,1,1,3,grocery,0
107.19890727890899,15,7.5780261939333755,0.43514551132055457,1.206191619720127,0,1,1,1,2,travel,0
13.685433226805321,7,5.423745244895751,0.8340708180384258,0.9376206577286647,0,1,0,1,2,grocery,0
45.649919930308585,18,1.8050166832797205,2.8167030297203253,0.8577732437935713,1,1,0,0,1,grocery,0
17.01516538275541,10,9.557813717452849,16.744060677684452,1.1421976382796586,1,1,1,0,2,retail,0
99.95934999648206,20,2.918030898200408,5.538029889144143,1.5344149430287015,1,1,1,0,4,online,0
76.70461515446242,21,31.351954239710484,2.900428648944895,0.8742601307086633,0,1,0,0,3,retail,0
92.44872893091656,8,4.096696555674098,4.5055482148981,1.0626958853582658,0,0,1,1,1,travel,0
48.49022045415607,19,7.62513684374091,5.473897572475722,0.8004443700332399,1,1,0,0,2,grocery,0
15.814116854040904,21,11.102201963578937,5.4548412518118,1.1292475324778168,1,1,1,0,3,retail,0
14.473781268376504,8,8.634768865486995,2.331727735155286,0.5440245383503896,1,1,1,1,4,grocery,0
19.339691161285895,20,4.151227456798527,9.695661509018267,1.1197137080631525,1,1,1,0,4,restaurant,0
3.1657766270675145,7,17.096554791520447,2.686673046206662,0.9520622342896725,0,1,1,0,1,restaurant,0
61.37047302981554,15,4.574888103948208,1.1083525017507192,0.7673821339443375,1,1,1,0,2,restaurant,0
9.32429822667585,16,5.320827559420844,0.1,1.1439299047157305,1,1,0,1,5,grocery,0
21.632789285769345,9,51.2536569839554,6.869155972888441,0.931286788807326,0,1,1,0,1,travel,0
11.298318675293979,8,2.995256786468037,0.7041652255466001,0.648810231755546,1,1,1,0,3,restaurant,0
44.454444449018936,20,8.04516130232496,0.47273996443904553,0.7447599518011913,1,1,0,0,3,travel,0
191.10383406966622,23,105.23433193648339,13.32497537546454,4.821934972316349,0,0,0,1,9,online,1
59.79182511670157,18,25.479134809060987,0.6170958686081415,0.9411403339581964,1,1,1,0,3,retail,0
177.20663257197077,12,29.789352044664415,1.647201068578025,1.2770367824402173,1,1,1,0,3,restaurant,0
3.440382474987786,22,8.584592130401576,6.242313071894202,0.9671378579092562,0,1,1,0,1,retail,0
218.418164984162,10,12.964663058544378,1.4916706069510832,1.047327667623649,1,1,1,1,5,grocery,0
32.035207806647385,22,23.119739863284913,2.2325682414264194,1.216495179316663,0,1,1,0,5,grocery,0
9.056105898735623,21,19.069751471060354,17.721147039105112,0.6683579549790271,1,1,0,0,4,restaurant,0
212.55694152167746,3,10.351493036202415,64.28499482082316,3.7522848161645705,0,0,0,1,10,online,1
132.36583704069145,9,3.1717096407364314,9.665578001608996,0.7171361323380536,1,1,1,1,2,grocery,0
8.59729411365021,7,5.673027189245888,8.20404128454053,0.7313240542786983,1,1,1,0,4,grocery,0
253.56753537416654,9,6.545835605955518,5.817368438544755,1.1682308078079395,1,1,0,0,4,restaurant,0
2.567659738882569,13,12.104766571810613,0.9395804080222259,1.0722125076125821,1,1,0,0,3,travel,0
56.10565216439419,17,15.067110488708042,8.94765267151027,0.9225249337059676,1,1,1,0,1,retail,0
18.60618228427328,6,6.4456838822007665,1.9467156473572622,1.107017335230478,0,0,0,1,3,retail,0
32.49041798831783,16,0.1,1.2636551198673378,0.7091688647900223,1,1,1,1,2,grocery,0
16.29682810042752,9,13.77661178255661,0.5332708783004674,1.21881452051441,1,1,1,0,1,retail,0
5.913834149520967,17,4.109548327722436,3.6320119058256903,0.7379400817008196,1,1,1,1,1,restaurant,0
101.17603922442215,6,17.59117173211945,2.3810476636108566,0.5734355208466333,0,0,1,0,5,restaurant,0
10.75590152877955,8,2.1554240633100448,0.18845479490505673,0.7103706985964746,1,1,1,1,2,grocery,0
60.173469762829,15,3.348865291867539,0.48835799582378436,0.882595091869907,1,1,1,1,1,retail,0
1.7009064957818134,22,3.885989886143651,11.265924664676314,0.7905917418525245,1,1,0,0,1,restaurant,0
74.18423536045657,22,0.46980364114762485,8.079208679940098,0.5930307514516776,0,0,1,0,2,retail,0
12.264880816601249,18,22.72668313189619,11.733066582307538,0.6470056257048785,1,1,1,0,2,travel,0
595.236767838619,5,53.25760645056144,9.67493845663776,2.015605934581096,0,0,0,1,12,travel,1
2.4749879118989773,9,8.033775546079847,0.27319593707344253,1.2049928519952717,1,1,1,0,5,travel,0
212.59291948781524,15,0.30030622678457397,1.1039046260007932,0.41273854449507663,1,1,1,1,4,grocery,0
7.357513368324058,9,4.415822594648294,1.9597196681314186,0.7924290690737328,1,0,1,0,2,retail,0
896.4610170144784,4,61.16029209731779,10.402332287959473,3.674882889417699,0,0,0,1,3,online,1
306.1435085171521,15,0.6060443927642747,1.5700833853946385,1.2938096831208443,0,1,1,0,4,entertainment,0
105.1913035008474,12,26.054869174913236,2.2938437806546306,0.9252468310311139,1,1,1,0,2,grocery,0
130.81877523907428,15,8.43384732715418,0.6618203388382757,1.202132997418098,1,1,1,1,2,entertainment,0
71.76709104008708,4,5.931253299730712,108.54608148459894,3.990166754144497,0,0,0,1,4,online,1
16.41701939963928,21,9.853458434016144,5.665409272888607,0.9677252999179613,0,1,1,0,1,retail,0
469.6471710275813,2,77.63446522214036,84.61608832495145,4.438134039078765,0,0,0,1,6,travel,1
54.14064833719574,7,6.488653100838951,0.8207982218167714,0.8948502085134498,1,1,0,0,1,restaurant,0
25.661903109715357,20,3.3219814859157055,2.693647350875117,1.082828760896643,0,0,1,0,5,retail,0
8.781562212120926,21,6.820029147590891,3.4008926077175095,0.6482094259961104,1,1,1,0,2,restaurant,0
39.45138055401507,13,28.420645360673475,3.7507618994052416,0.7332614500567627,1,1,0,0,2,travel,0
308.858329130977,19,12.11841887391109,0.6916093339097029,1.2593969383478805,1,1,1,0,5,grocery,0
129.1314055765077,22,18.33683932637642,6.756966601178536,0.41656906094488777,1,1,0,0,4,restaurant,0
262.5607891633118,6,50.334211879665034,2.45608477182004,1.1807952277705762,1,1,0,1,5,travel,0
135.26278949459999,0,56.71801369314589,99.30186331583825,1.2755485717217105,1,1,0,1,4,entertainment,1
30.531196486209595,8,10.122346884228651,0.3287594007098178,1.3833611571061464,1,0,0,0,5,grocery,0
273.6992196183145,19,14.238442781073523,6.609271050797306,1.28821023361032,0,1,1,0,1,retail,0
192.57359113219866,19,36.26942148018033,2.740321156495564,0.7119741838000226,1,1,1,0,5,entertainment,0
63.336492733502524,22,15.048225370477608,9.374823895904424,1.4500729841333118,1,0,1,1,5,retail,0
39.4390763248137,12,3.109465712127607,4.847455692225875,0.8707419517731165,0,0,1,0,2,retail,0
1.277186673667206,16,6.422314167821602,2.4916082424330446,0.7335714180822268,0,0,1,0,2,grocery,0
14.97968017094111,13,4.658595290635773,10.51257696562584,0.9649261596312718,1,1,0,0,3,restaurant,0
158.63451794540396,14,9.470319621295703,8.712036107489759,0.6531785108050003,1,0,1,0,5,travel,0
8.155294089621227,14,23.404160612463567,4.8700552305558045,0.8877932823697714,1,1,0,1,5,entertainment,0
10.860484199586981,8,6.26122801850716,0.9844622078824787,1.043448170757757,1,1,0,0,5,online,0
95.56570544703854,13,0.8262371659613781,2.9738822627045494,1.0534785375269877,0,1,1,0,1,grocery,0
280.28459801266496,10,0.7965881001013422,2.513857462947392,1.1956012917904009,1,1,1,0,2,travel,0
52.812911580990026,9,7.379685592206934,1.6239583117547753,0.5302682984285453,0,1,1,0,5,grocery,0
9.051761383666324,15,3.8579941529818855,10.809366766956622,1.304249346329067,0,0,1,0,5,restaurant,0
69.7096519339091,15,9.082933712185996,8.064277639834025,1.120908773815854,1,1,1,0,1,retail,0
138.93461731319093,22,12.894401294406542,1.0359379477286732,0.7588242234602083,1,1,1,0,1,travel,0
121.37863105034305,6,1.6324691219316814,1.971140296741131,1.246914238468688,1,1,0,0,5,entertainment,0
158.81227939445432,9,3.1780019048245505,1.8996480158663975,0.5755088149212007,1,0,0,0,2,retail,0
5.447734143423013,6,16.415943059604793,5.8873885314332615,0.921227441895839,1,1,1,0,5,restaurant,0
23.066096709022993,17,7.63472504505936,0.25374872198477283,0.7058714861242715,0,1,1,0,3,entertainment,0
72.05421674362779,20,18.03324309038061,0.9921712431305543,0.7406437925943419,1,1,1,0,5,travel,0
280.2904312183368,19,8.293519608590849,6.118209254407269,0.40668475329742737,1,1,0,0,2,retail,0
982.7296905037203,22,6.650995391025333,32.910892226878886,3.9707532472113787,0,0,0,1,13,restaurant,1
51.752360992934534,7,18.531635838994827,5.1954499991004965,0.8285944069609678,0,1,1,0,1,restaurant,0
75.0765632987428,4,19.37916687015253,35.19934771527768,2.5725305588122676,0,0,0,1,4,retail,1
7.349305778473192,8,15.802774588273445,1.5337827397501125,1.2002839671746728,1,0,1,1,3,retail,0
3.773129205069387,8,6.891758643542253,5.513567193393229,0.9324441934223462,1,0,1,0,2,restaurant,0
5.104092090413706,19,13.410346167661697,1.0093698083622724,0.7430058909344601,1,0,1,0,5,grocery,0
131.59090418806815,10,1.404607269855123,2.543850246453201,1.156426506252634,1,1,1,0,4,retail,0
9.430416637750419,8,12.055656378457865,5.160780458445494,0.9304751680487228,0,1,1,1,5,restaurant,0
36.30750868837467,16,12.833771896008887,5.825773739089923,0.6385664252193851,1,1,1,0,2,grocery,0
191.78025650313958,6,9.034494782209372,4.88094053097614,1.6963465155966084,1,1,0,0,4,retail,0
98.00105199739491,21,1.6328921274932973,0.7915331151718086,0.1309226088706006,1,0,1,0,3,restaurant,0
50.0,2,5.371827307471762,75.61585844948644,3.5309389623257568,1,0,0,1,7,entertainment,1
280.04883635395197,6,15.016087863113967,11.460609398192648,1.0029075012143724,1,1,1,0,2,travel,0
16.378422553077264,21,8.902410420036208,0.9693367978737631,0.5622117345593594,0,0,1,0,3,travel,0
7.344458675824735,13,12.693249796859885,0.5920890878414691,1.1552093733521505,1,1,1,1,4,retail,0
56.33806749825544,15,11.894875666358045,0.1105305095057443,0.8838694027323435,1,1,1,0,3,online,0
73.48586793694024,20,1.5153984073170705,14.641052515270559,0.6266317063680453,1,1,1,0,3,restaurant,0
213.42395684710834,12,1.8240145735233115,1.5005328779638307,0.7572278249842879,1,1,1,1,5,restaurant,0
13.992341610257515,21,15.274969442479069,15.69363646913649,1.1811257959602448,1,1,1,0,2,retail,0
112.15348664654063,3,33.51206904620061,43.61693999219112,3.4479160839202225,0,1,0,0,8,restaurant,1
240.31968046887448,19,11.85076198714846,12.018911957296496,1.2732227060943155,1,0,1,0,3,restaurant,0
58.58840008153315,19,9.176572626547667,4.745975047479708,1.496049373465198,1,1,1,1,1,restaurant,0
147.06216744901224,10,0.99250194173892,3.882734732662411,0.9668579487510717,1,0,0,0,3,grocery,0
42.58550589974354,10,2.9646520649283477,0.9807293041116052,0.8852345813316129,1,1,0,0,5,retail,0
162.9312085666726,10,12.417132117146213,2.2183531283641034,0.7816292387946187,1,0,1,0,4,retail,0
10.0869468160092,20,32.871991780383155,8.671561552314783,0.8108136621548379,1,0,1,1,5,restaurant,0
197.48167333738758,18,15.67965271222584,22.967499630421568,1.6226188226930505,0,1,1,0,2,grocery,0
204.4247769845569,22,111.10139457246007,1.6392600489845766,5.598607670801461,1,0,0,1,10,travel,1
37.42201354899346,11,11.402865805587382,0.5276311931259885,0.7480264482384343,0,1,1,0,2,grocery,0
11.547946146554528,22,1.186031523069426,3.532674402971556,1.1999809287168646,1,1,1,0,5,grocery,0
9.01978460390379,21,2.018714530499666,9.913010825561075,1.3431825370129804,1,0,1,0,3,grocery,0
54.47330503863563,6,8.543837286387078,11.739929821784997,0.8874192087640501,1,0,1,0,2,retail,0
167.87393622433143,22,11.784151177124425,1.508921559262082,0.5345834142885899,1,1,1,0,2,travel,0
1.0,21,1.29806417787595,1.0187386895023745,0.7915667874229441,1,0,1,0,5,retail,0
50.0,3,97.77203841268084,13.943775224194379,2.770469383313029,0,0,0,0,7,retail,1
223.37657386645142,23,67.89125748340994,50.35907363375972,1.2496712655072413,0,0,0,1,4,entertainment,1
63.29207741147052,21,1.3095294420613135,3.1714097359660673,1.3384699583120234,1,1,1,0,4,entertainment,0
165.91324091561563,18,3.5042928901145567,0.5853266753832824,0.9851647844872332,1,1,0,0,4,grocery,0
93.28341245865127,21,13.17580419394244,1.3742962224755222,0.9917337069233569,1,1,1,1,3,retail,0
125.86666518773643,0,23.328219204937227,121.55641585199123,2.337039532995086,0,0,0,1,10,online,1
326.2180419843037,5,210.16956371905303,36.354442353395086,5.110652095822649,0,1,0,1,3,online,1
2.523949153019255,20,24.707505561971537,1.0335873385407814,0.7562630557152699,1,1,1,0,4,retail,0
87.13027506155748,12,5.143608413704595,5.57661194936096,0.7170187076736103,0,1,0,0,1,travel,0
1.7101348233704763,21,25.637048577166077,3.7657459673755738,0.6715932690762971,1,1,1,1,3,grocery,0
3.132610205009389,7,8.029715999282264,1.9034180509167495,0.9174384503774339,1,1,1,0,4,restaurant,0
110.79221255689839,9,7.914262200821261,0.1,1.0102164281476202,1,0,1,0,3,travel,0
114.12985860123509,22,141.23830682842646,19.220875542642936,2.6266512268653015,0,0,0,1,12,online,1
4.642696069743666,16,1.1929117972187302,5.324577270456171,0.5248843541007485,1,1,1,1,2,grocery,0
1.0323645031098252,8,8.515397290499301,12.482429866670643,1.0051919031007397,1,1,1,0,2,retail,0
11.226643629538168,12,49.56544959710163,2.8924159377000995,1.057672562836861,1,0,1,0,3,grocery,0
51.70974485825538,8,0.9814099580510403,0.8920254632120999,1.3034558091924562,1,1,0,0,1,retail,0
190.04856599222222,7,1.0281150900753668,6.7635140183933204,1.6343235822070872,1,0,1,0,5,grocery,0
154.86690699631436,8,17.992189634300154,1.630966856373452,0.8529503049387979,0,1,1,0,1,grocery,0
2.123676417173569,10,4.018395170312712,1.2575966903758742,0.7842665690990275,1,1,1,0,5,retail,0
44.98954853584563,12,28.00950713926666,3.0621079863408647,0.3472592068509327,1,0,1,0,1,restaurant,0
144.26320420683973,11,0.906442282401665,5.06836819448427,0.9287945698007565,1,1,1,0,5,retail,0
162.0557814708981,20,13.374145701060687,4.256481374972568,1.0642075077522097,1,1,1,0,2,entertainment,0
370.21399932955705,12,10.14139660315097,7.072037967060893,0.9207031213812178,1,1,0,0,5,entertainment,0
79.8475654178968,9,4.690165720903577,2.790548141669234,0.5683270147754026,1,1,1,0,3,grocery,0
66.06316458634326,17,10.720018103856377,1.4442669849493375,0.9400221667188424,0,1,0,0,4,grocery,0
7.141694721704028,21,4.408039729038079,0.3819900592043064,1.0808157222676884,0,0,1,0,2,entertainment,0
3.4493424240329107,9,12.834280092291399,1.9823566342412302,1.6292326763534986,1,1,1,1,3,grocery,0
50.0,2,38.06604456215312,22.237485529355506,1.6326531543545564,1,0,0,1,11,online,1
57.51821879504877,10,39.786789624878324,10.992980053624057,0.6890104985010432,1,0,0,1,1,grocery,0
208.8717665943055,22,49.01089821368891,4.695338444160211,4.782105984270094,0,1,0,1,8,travel,1
19.281820146016617,15,13.453688523387504,0.3380418505766878,1.1448611803767772,1,1,0,0,4,retail,0
16.41697426086707,18,6.695937086359964,7.071347758126299,1.2384875581840569,0,1,1,0,5,grocery,0
17.46220403565144,11,0.43685054297026993,0.6723303917634582,1.150275832799812,0,1,1,0,4,grocery,0
36.416231971702146,8,11.648711160543247,3.211790466885758,0.759820396452934,1,1,1,1,1,travel,0
269.6665887101263,11,5.696768273846114,2.67209849476502,0.8964494408256616,0,1,1,0,4,retail,0
42.12036606763385,14,13.54279780990558,15.975822913107319,0.79551974474036,0,1,1,1,3,grocery,0
17.266505124845825,17,7.563758023849125,9.644020541656747,0.8595628722984483,1,0,1,1,1,restaurant,0
61.838130575444026,17,14.645225597101206,4.8327033855053125,1.4722630011525664,0,1,1,0,4,grocery,0
190.89346423387633,13,7.283526769471214,13.962562080660541,0.6781828086229444,0,1,1,0,5,retail,0
52.294984342815305,15,16.38536303344712,0.49435123031733075,1.3391059988794398,1,1,1,0,5,retail,0
13.626330568708916,6,19.417075372339948,5.569216722958514,0.5150651288284434,0,1,1,0,3,entertainment,0
32.99859257101234,20,8.94492027272507,5.367278326255955,0.9751964587588888,1,1,1,0,4,grocery,0
66.85148245645618,16,12.384662808200737,4.445589446398179,0.9100143609551508,1,0,1,0,2,online,0
11.644573570159269,19,13.345434172501678,2.5943995222985023,0.8225236962876789,1,1,1,0,1,retail,0
6.41513499706953,17,16.160208568225315,2.7508089029159843,0.5048100351454354,0,1,1,0,1,grocery,0
434.1684919728425,20,16.239301083022163,1.3124605409033743,1.1030690522874889,1,0,1,0,4,entertainment,0
52.39214732016866,13,29.380559357467824,2.6756501174561054,0.8256978899761384,1,0,1,1,4,restaurant,0
110.34857921714467,9,12.560709480487064,1.7374317202917453,1.0714058934485868,1,1,1,0,4,restaurant,0
105.7388398301964,19,6.929892478543728,3.0536299314559914,1.4375083549840484,1,0,0,0,3,grocery,0
117.33266609361534,19,2.0977741610409666,0.6921202992355076,1.025377019886434,1,0,1,0,5,grocery,0
21.540283479817617,10,34.35391139477765,0.5170704311944114,1.1574244049390556,1,1,1,0,4,restaurant,0
3.434660664550513,22,22.668759427933196,1.3811452461124203,0.7720210580648711,0,0,1,0,4,restaurant,0
120.06436350720229,14,11.779977552671175,9.23448289650851,1.3277484257623964,1,1,1,0,2,entertainment,0
86.04679087134969,18,23.059905236394293,2.712664554405337,1.1081496319333228,1,0,1,1,5,retail,0
262.3125326968793,0,6.5939664922705346,117.30051843785496,2.496275200678354,0,0,0,1,9,entertainment,1
61.37605032227857,16,3.982396542306045,0.1,1.1566419948233402,1,1,1,0,3,grocery,0
134.6147650129126,12,2.5454604397997644,2.450237628274024,1.0708791810869,1,1,1,1,2,restaurant,0
244.29436750768042,6,1.9678368683282375,2.14367438310995,1.03813870702079,1,0,1,0,4,grocery,0
165.97098831670505,13,13.178669097090731,6.00658050321795,0.9423688820433851,1,1,1,0,2,entertainment,0
13.211503967564301,13,1.7275367922089055,16.033107372603986,1.4745265347191119,1,0,0,0,5,travel,0
238.89523322997343,18,5.775660473309264,2.1270552331949877,1.1096121307723597,1,1,0,0,1,retail,0
23.14181410113636,20,0.637951922259426,3.3058608836322594,1.7135441509327647,1,1,1,1,4,travel,0
190.95014062906756,6,18.31232596487613,1.2553564791781004,0.48822529292421846,1,0,0,0,3,retail,0
52.435157864571345,20,6.0243797670881225,0.6399762318931813,0.99909974402396,1,0,1,0,3,grocery,0
23.62125761575523,21,0.4336661034381562,3.5069949433655196,1.2076523581982008,0,1,1,0,5,grocery,0
1.0,7,1.9498283699328995,3.455923874979143,1.1025227105502053,1,1,1,1,4,retail,0
32.68641401119967,21,0.9815653966573961,1.649799248297895,0.9868888981437167,0,1,1,1,1,grocery,0
11.170435933516442,13,3.8785413483530053,0.5430688616630388,0.7602125237642521,1,1,0,0,2,restaurant,0
27.804966741367615,11,12.461648409288244,15.63884591469048,1.155934943949742,1,1,1,1,1,retail,0
23.274929750591777,15,12.056642195587987,2.466985094592929,1.227663262954179,1,0,1,0,1,grocery,0
171.64228530755577,18,18.14909974127412,0.2725542517182748,1.054599348556701,1,1,0,0,2,grocery,0
48.582809223022345,20,7.153455833117944,0.5511781700189433,0.9196558771828796,1,0,1,1,4,online,0
102.25237412212891,6,0.475462762794426,9.153041136553442,1.144008099821181,0,0,1,0,2,grocery,0
50.0,23,5.0,67.657598687193,4.825346801052627,1,0,0,1,8,online,1
90.43146826304651,16,12.060473886542892,0.9105442968218015,0.4519344705777937,1,1,0,0,4,grocery,0
189.98921174940742,5,14.581490489493431,1.4919466036041351,3.5776399881125927,0,0,0,1,3,online,1
140.90736176622346,8,10.048046194848734,4.191856940603783,0.9723132883250811,1,1,1,0,4,retail,0
19.926938683285794,10,4.539218125611158,0.44049407566756316,1.02669912648403,1,1,1,0,5,restaurant,0
179.53752913473062,16,18.659559717314913,1.3653897259994252,0.9612092845038854,0,1,1,0,2,grocery,0
105.76102464013357,20,6.438790116943559,6.119623747632402,1.4537898705053198,0,0,0,0,1,online,0
14.453145515443879,17,6.383549957400476,3.88605019125982,1.0465981333843994,0,1,0,0,4,retail,0
23.320014118129176,13,41.462681327634414,0.5293953576698902,0.7004215663148183,1,1,1,1,5,restaurant,0
95.31650010302337,20,8.457740638764045,8.24918283840903,1.6208031836062493,0,1,0,0,5,retail,0
88.87435485212877,20,5.4278031271836085,1.8895810644884714,1.1783296449195708,1,1,1,0,2,retail,0
80.43249797739213,14,3.0184186969108047,2.5182125043688837,1.2892121306256956,1,1,1,0,4,restaurant,0
25.08502968086662,7,6.482693026823014,7.19329663138685,1.0867881402690134,0,1,1,0,1,restaurant,0
19.095010019915758,11,7.558967704704501,0.5097674665600406,1.0628110341719514,0,1,1,0,5,grocery,0
381.45328896674107,23,77.09811691802946,6.216375087321,3.4182131384250263,0,1,0,1,7,online,1
23.740685046253752,6,0.29064233810239565,13.317483618462006,1.334716288848618,0,1,1,0,5,grocery,0
3.5779573004730048,21,14.35328478378473,4.070173299172961,0.8823452378631406,1,1,0,0,5,grocery,0
165.1126392420432,13,2.6601308076919308,2.1414604446072323,1.1982180535684774,0,0,1,0,3,travel,0
5.907970155714162,16,0.13220379084792605,10.228104254438806,1.1782293811914795,0,1,1,0,4,travel,0
44.18585800441758,22,10.053679713667591,2.1866346704029422,0.9596138378511321,0,1,0,0,2,entertainment,0
9.960242313866601,21,9.622182400942767,0.8820506734999014,1.683542271231675,1,1,0,0,3,restaurant,0
50.593245691181885,14,5.033816376204325,1.5378099622974344,1.1805693536869237,0,1,1,0,2,retail,0
181.2510872242589,8,11.016247659384097,25.425565663054,1.12599329392078,1,1,1,1,4,grocery,0
15.437438580077696,6,6.075198150760125,1.5688743741420081,0.8411331112066736,0,1,1,0,4,grocery,0
3.611971129717311,9,20.45029010957009,5.627867123937103,0.4112224487713948,1,0,1,0,1,restaurant,0
25.62431015430196,22,3.622440914221344,4.229725573098481,0.9784144956314402,1,0,1,0,3,restaurant,0
160.0340912002648,20,8.489539743730678,4.172366807174946,1.1166471164551932,0,0,1,0,5,grocery,0
369.2891572334377,16,16.212271278584765,2.496774023333698,0.9801923667365864,1,1,0,1,2,retail,0
102.99681402249757,7,3.6772468762420503,7.48933564385442,1.2369372595211061,1,1,1,0,4,grocery,0
32.87880638441333,11,22.0817007907363,5.131148802098123,1.3052819453865632,1,1,1,0,2,travel,0
69.86521938572963,21,0.7815678757118166,8.11771826044977,0.6065034339402946,1,1,1,0,2,restaurant,0
68.81856821563802,11,2.548682700115448,4.321813257729018,1.2662440155789176,0,1,0,1,3,restaurant,0
72.38185911683048,13,0.6509981978983117,20.2592730172559,0.8377401079554068,1,0,0,0,4,restaurant,0
121.40763945791441,9,6.235213872913396,2.5304086568545885,1.3113753605621699,0,1,1,0,5,retail,0
565.8871847859835,23,47.745306515569766,14.369832009814202,1.9638150393556972,1,0,0,0,8,online,1
38.648863946229476,14,1.6930298555480086,0.3033815459253207,0.8469099895230091,1,1,1,0,1,grocery,0
156.57506308483835,9,13.812823489211297,0.7031399524615176,1.0326149565002378,1,1,0,0,4,entertainment,0
37.36034569170783,13,7.244777944273135,1.9733655136760477,0.6094040673416709,1,1,1,1,2,restaurant,0
58.615242681923434,22,3.846340691126775,3.0574180580037473,0.7824603278436643,1,1,0,0,2,retail,0
280.440073054154,23,24.445164723241597,21.618170183779874,2.612926201363561,0,0,0,1,5,travel,1
21.706653786864464,17,9.5992012701625,2.745949114594586,0.5346807879944943,1,0,0,0,3,retail,0
37.832387049918765,6,5.278666435393231,13.779722797809765,1.2865876752634675,1,1,1,1,2,grocery,0
85.99798112439983,6,4.0090603523059745,2.367047913478279,1.381192753896675,1,1,1,1,2,grocery,0
64.18561806696025,16,8.816049132077572,12.776034872852989,1.079393353985752,1,1,1,1,4,entertainment,0
82.67384693920053,14,2.1277794409601034,11.388798067322943,1.365409892766071,1,1,0,0,5,restaurant,0
31.47839354517083,14,22.893999558484275,23.31657920113898,0.7623046138270507,1,1,0,0,5,restaurant,0
97.67348782901442,17,1.777306859815151,0.32741428133905454,0.7168616828525243,1,1,0,0,4,retail,0
344.49566177358497,14,8.799181609705204,1.8074989492583464,0.701323749122569,1,1,1,0,4,travel,0
22.691529540676942,20,12.46141662274415,1.4110662692380957,1.2264659026696005,1,1,1,0,1,retail,0
46.12570374167185,20,3.7955103958387264,5.016939548097367,0.6057847815757198,1,1,0,0,1,entertainment,0
98.80425439473018,20,5.04728670907756,10.92803690902954,0.36640951744427486,0,0,1,0,2,retail,0
58.1032895384285,21,1.0625512110748843,5.526884494210527,0.7851726788209941,1,1,0,1,1,travel,0
9.03564377571448,14,3.0593279386937215,8.617752551868044,0.6339364237185736,0,1,0,0,5,retail,0
186.19392927854193,16,3.785973441185049,3.021632146439299,1.4557019759141225,1,1,1,0,4,retail,0
52.463932951488914,6,0.9221710408189838,9.024532203321042,1.209550694933775,1,0,0,0,2,retail,0
723.8448463296978,2,35.43466337950384,11.859739618515857,0.6951232565189995,1,0,0,1,6,online,1
78.38404618017486,13,21.29425347577138,1.9013107167310332,0.9781435280772852,1,1,1,0,3,restaurant,0
27.56400427230872,6,8.638665193732264,0.4332619206959814,1.2874203158768878,1,1,0,0,4,online,0
39.87139976685738,14,33.931486162813556,1.1228172361757374,1.255005437228366,0,1,1,0,2,grocery,0
34.88483827388117,11,2.1238261184284126,0.1428461793058406,0.9608175376285738,1,1,0,0,3,travel,0
55.68274333224127,13,4.983863158165497,6.697116530177983,1.1506966269690593,1,0,1,1,3,grocery,0
68.80818331217759,20,1.8741908133579828,1.1905890126832677,0.847597368304064,1,1,1,1,2,grocery,0
33.95086695718337,17,3.7232551661576316,0.10163924843400712,0.7782399222196978,1,1,1,0,4,restaurant,0
208.35962978100892,10,0.3594044381890174,2.8850640680427992,0.5428768953678129,0,1,0,0,3,retail,0
14.01623785345314,6,10.440227020066093,2.0421886693744264,1.159484602618739,1,0,1,0,3,travel,0
3.701835092249823,16,16.541331745316636,0.5887231075692209,1.481529168616243,1,1,1,0,4,retail,0
88.2301422723676,18,31.607100144211294,6.019297588792464,1.1929401774029436,0,1,1,0,4,restaurant,0
12.018762298187093,11,4.639308843805563,8.436980778886797,0.9985238995020292,1,1,0,0,2,online,0
7.1509711704359304,13,1.8721198681280515,15.382661750431662,1.477457064755221,0,1,1,1,2,retail,0
87.13299098321927,10,0.46390911828951176,6.47725625906409,1.540039912120836,0,0,1,0,3,restaurant,0
4.636034485274062,11,1.8202492631105,4.4883948138114285,1.0393803975184777,1,1,1,1,5,restaurant,0
73.89400965478178,20,35.542180448312365,3.4990592938102267,1.267284192008024,1,0,1,0,2,retail,0
84.91065636676609,16,14.543815542760123,8.201853612726628,1.183907909914441,0,0,1,0,4,entertainment,0
87.93236876916066,11,9.566412224393265,7.011781536072707,0.9959538047855796,1,1,1,1,4,retail,0
25.396185204120915,8,9.490681836425892,0.1819479932901592,1.0826493168666917,1,0,0,0,2,entertainment,0
1.0,18,10.153142131452066,4.947295009271682,1.0803562358498557,1,0,1,0,3,retail,0
64.22032952171901,22,14.074629682376585,8.329210660309954,0.3168690939512647,1,1,0,1,4,retail,0
25.05131588686911,21,0.348866597628134,3.933279780697496,0.5053885838187128,1,1,1,0,5,travel,0
193.3806418943524,22,7.903148381420321,4.100224734122345,1.0478826773146124,1,0,1,1,4,grocery,0
49.63569917351086,18,0.9606169968357735,2.0103144605321903,0.9561465311909044,1,1,1,0,1,online,0
7.808200719188482,6,0.7861211942228847,2.093008886769299,0.7059658309267454,0,1,0,0,4,restaurant,0
9.06890708325307,21,12.075364235138068,1.2169878333723454,0.8021291383357348,1,1,0,0,4,restaurant,0
37.90146161527288,16,3.2688955601140575,7.369715195694133,1.3116253378123957,1,1,1,0,3,entertainment,0
233.91699375928926,1,58.12148048308962,90.75683364044232,5.9112636776021485,0,0,0,1,12,online,1
73.05874383957804,5,33.422627042904686,4.6931724978377725,5.332476842292367,1,1,0,1,5,restaurant,1
22.939105838663867,7,1.8965394840889969,2.076107326007693,0.9303144484694631,1,1,1,1,1,travel,0
282.3494068180619,8,2.4567625071222574,7.313028348450206,0.9345228826383686,1,1,1,0,1,retail,0
84.03174714596958,20,7.751700582621211,5.71424803965855,1.1257347617970774,1,1,0,1,4,entertainment,0
51.12529067010478,20,25.49617801319193,0.3986689340597999,1.6350035893821588,1,1,1,0,2,entertainment,0
56.13685314657347,12,8.301676096043037,24.993339339885313,1.149975932553839,1,1,1,0,1,grocery,0
5.847984528053734,12,11.171552806041733,4.442137141747059,1.417897092554191,1,1,1,0,2,retail,0
237.22137769217628,20,2.7071703764080324,3.350762843345322,1.25987956549632,1,1,0,1,3,retail,0
167.36032374915794,19,10.085681464426038,2.3754071349181474,0.9700087357427005,1,1,1,0,1,retail,0
216.7902760063307,15,3.1961531913925816,13.832345104819092,1.769132611699248,0,1,1,0,1,restaurant,0
45.53563337753865,10,0.8015496837670083,3.804123208784892,1.018957247966502,1,0,1,1,2,grocery,0
56.04910848893297,14,3.999386436745975,5.322206330752341,0.5471102300336168,1,1,1,0,3,retail,0
240.8097144734017,20,14.904264281657863,3.8971222540399264,0.6060563312893855,1,0,0,0,3,grocery,0
22.549952138542317,18,3.279665703734369,8.36786056017101,1.44197941174488,1,1,1,0,1,grocery,0
56.44023235968511,16,0.5786739951299181,5.204417677542631,0.5073759399899216,1,1,1,0,5,grocery,0
183.0634999377807,21,8.11306742624507,14.523275644763803,1.1145225043635427,1,1,1,0,2,retail,0
253.39662289324068,3,29.831049394099274,57.50762052734591,1.1872918455540846,0,0,0,1,13,entertainment,1
1.1072719087141185,17,3.4277273686319045,4.330163986456138,0.5321789230892586,0,1,1,1,3,grocery,0
424.867916242162,4,396.2940857231874,69.23221255650401,1.620890299651136,0,0,0,1,5,grocery,1
60.649835803685576,6,3.9255215712159615,16.321810150215967,1.2605873320190422,0,1,0,0,2,restaurant,0
20.31598938464196,9,5.503280751867605,6.256060759039142,0.8792677501469709,1,1,1,0,1,retail,0
101.84769375933557,22,1.1381695152908282,4.318876124953273,1.0610079507859032,1,1,1,1,2,retail,0
159.02009797232967,8,7.005295098639547,11.610594459495541,1.2354684115831827,1,1,0,1,4,retail,0
35.3589549499179,22,14.778095275079048,9.207502222527705,1.0647186125671948,1,0,1,1,5,restaurant,0
9.752520507303831,20,26.331081536467508,8.942323938936912,0.5425319380235942,1,1,1,0,4,grocery,0
17.08099819543962,11,13.80653209226037,6.427927701728807,1.339723928160594,0,1,0,0,5,entertainment,0
16.59606544267392,19,2.6283579443355793,2.7472273609851214,1.1118186091505458,1,1,1,1,1,retail,0
60.54815913182735,11,16.957210014200392,1.4976728198070952,0.7302554951302392,1,1,1,1,1,retail,0
55.968512872936664,6,17.522174597265504,1.4591349556206894,0.7800053565108345,1,1,1,1,1,restaurant,0
23.299124848152477,18,8.663142280314306,1.2640827902999598,1.0517210698208153,0,1,0,1,4,grocery,0
7.9825572883936875,12,1.9140449245901736,7.1539997008913945,1.2696503458629218,1,1,0,0,4,retail,0
10.109400759144558,16,4.4700515271899235,1.0647582756432385,0.7087094437469863,1,1,0,0,3,retail,0
31.88928256803998,10,6.046634463599133,5.200655936853769,1.0241711402500988,1,1,1,1,1,travel,0
274.01076256315446,22,101.56823765319614,35.52939871873971,3.263317716487859,0,0,0,1,5,travel,1
395.4078888490311,5,142.98467788505968,60.21780781430066,3.483441239311228,0,0,0,0,8,restaurant,1
130.2375152592445,21,6.509248959421297,1.6655096548340296,0.8592767994137369,1,1,1,0,5,grocery,0
24.921753033697478,15,7.178970625576328,1.8028621067013741,0.6721730521901641,1,1,1,0,4,retail,0
130.37120645927237,5,5.0,54.448700314661444,4.257221626467429,1,0,1,0,5,retail,1
249.52323221299355,3,209.9823007750726,8.435045793346891,0.5,0,1,0,0,4,travel,1
153.4800088461085,22,14.180905197832178,2.8994389661555457,1.0659396870160582,1,1,1,1,1,restaurant,0
53.5921388503877,6,0.21826383074721367,4.795046470099061,1.496358492199692,0,1,1,0,2,restaurant,0
62.512331596303596,12,0.4616017093193916,0.6046595910536213,0.9989316442385042,0,0,1,0,1,online,0
14.497598089205432,7,29.784363327534496,8.050474663196281,1.125247635143939,1,1,1,0,2,grocery,0
42.86679490618792,18,19.220666752883897,6.127474332510234,1.0181697270667598,1,1,0,0,4,grocery,0
12.039841631427832,11,3.3330147211982335,2.4829627235135088,1.1474954724093347,1,1,1,0,5,entertainment,0
57.699779483606065,17,7.554887521109786,5.215020111672079,1.3561769469799294,0,1,1,0,3,retail,0
35.134906997590704,22,11.461000611634713,3.552563453440994,1.261604300645374,1,1,1,1,5,entertainment,0
11.127818275571393,12,2.4461970440073486,9.991311690188438,0.6003402746041617,0,1,1,0,1,travel,0
142.67547151700074,8,0.4283062962147267,0.5579721179985949,1.2550010447594946,1,0,1,0,5,travel,0
107.16312723391707,13,4.447611061318147,0.22706131417725564,1.0086273673156914,0,0,0,1,1,travel,0
84.20819206380392,13,2.0394209960655676,5.888494864133783,1.122331445670136,0,1,0,0,2,restaurant,0
34.612852678747416,10,7.098589265937447,17.73779557949918,0.1,0,0,1,0,5,grocery,0
166.16462132833362,7,0.6446842655746514,5.271011163985047,0.9956138971783135,1,0,1,0,3,grocery,0
36.75323397758232,9,14.048543309505686,3.539068698721459,1.0831868509341491,1,1,1,0,2,grocery,0
15.244046637813797,12,5.740080475653704,2.0218671402789625,1.2545858984878,0,1,1,0,1,restaurant,0
78.84126511323365,16,6.217081449787304,6.3807266270505245,0.9496087472650759,1,1,1,0,1,restaurant,0
169.77286056651081,5,122.33358873874988,17.275286601778795,2.9242005123863244,0,0,0,1,14,online,1
170.4642221945831,19,3.6851049561771227,1.4020524163348922,0.8083826301259344,1,0,1,1,5,grocery,0
195.5592578911635,22,0.9471707908705874,2.6976691418185372,1.2686785925685804,1,1,0,0,3,restaurant,0
128.89776337274017,15,14.078940250909692,2.2753216350158034,1.023724974898067,1,1,1,0,1,entertainment,0
67.7524560382811,22,0.7465151374870382,6.343754049394983,1.1964520757182462,0,1,1,0,4,online,0
278.94753103463904,5,25.795993329911738,77.18465440410603,3.5901677021259597,0,0,0,1,7,online,1
32.99903053601058,12,6.6395142714245505,2.4805962493989844,0.7646363585861812,0,1,1,1,5,entertainment,0
205.9874678569139,23,165.03383624952815,59.43439374309036,2.758090648064614,0,0,0,0,5,online,1
70.59556872868433,9,8.549821154884675,4.31969116906197,0.551637532401589,1,1,0,1,4,retail,0
74.03402615541339,18,5.843595326335382,2.2516030782130465,0.7864747352653662,1,1,1,0,1,retail,0
16.473561015244957,7,7.888734072132486,15.978455521496716,0.8281876012642914,1,1,0,0,3,retail,0
37.23928277824654,15,6.56129584403012,3.074383629235501,1.2362422628598482,1,0,1,0,2,grocery,0
59.671563757766954,6,14.614055049183678,6.4440781319820815,0.9968929018205315,1,1,1,0,3,grocery,0
50.666206497178976,14,0.5378099055451482,2.622699418425341,1.1041755752445608,1,1,0,0,3,retail,0
46.10654872335211,15,1.5331822535743393,15.089408273869845,1.2190562486895096,1,1,1,1,4,grocery,0
81.94840916288994,21,10.09182132038732,7.69187080473547,0.8459678521200803,1,1,0,0,3,retail,0
29.193155929613184,7,2.033145733981871,7.274966978580033,0.673521508404701,1,1,1,0,2,retail,0
277.42465175239596,7,4.0006341181533775,0.18805481567577176,1.1546766980617573,0,1,1,0,4,retail,0
199.37196926276397,14,19.87831884000127,0.1,1.1259476138409497,1,1,0,0,3,travel,0
22.631700300682528,14,31.38681323120891,10.308901146556677,1.078993599456313,1,1,1,1,4,grocery,0
61.9649888456739,22,0.8464245687026892,0.652977382125966,1.0437877573297063,1,1,1,0,4,online,0
85.60910015231157,18,18.31981359825229,7.97011085719432,1.3383996970793501,1,1,1,1,2,grocery,0
263.1708716856642,18,7.933780377282037,3.082644502561587,1.078250820357212,1,1,0,1,3,travel,0
146.50738188115534,17,5.191027528803156,1.6901252397661932,0.9329907518393349,1,0,1,0,4,retail,0
83.8310224842563,11,1.0692634786405633,8.782874969188889,0.6625734978632747,1,1,0,0,4,grocery,0
119.2022846672734,9,6.993030158529232,4.440241475460886,1.12433900564838,1,1,0,0,5,retail,0
305.1537160030028,4,89.01177811020874,31.785632147034104,2.8066337385088076,0,0,0,1,7,online,1
120.97926060582373,22,4.662922776324931,0.7674986064927538,0.9425950754931084,1,0,0,0,3,restaurant,0
68.8538354756371,7,2.659360518835732,1.8997694347693055,1.5290010969941084,1,1,1,0,1,grocery,0
80.05890303451247,13,40.518594563517986,11.542440802812843,1.0293419352552946,1,1,1,0,2,grocery,0
92.22006104789294,22,11.83275353524804,0.4811884320702872,0.6981903510899914,0,0,1,0,1,grocery,0
16.709656850364368,13,0.39932300424838885,8.657062858406173,0.9062047646319604,1,0,0,0,2,travel,0
508.2985352250497,2,277.8708148344241,33.96042094059924,2.381594584360549,0,0,0,1,5,travel,1
95.29930758830773,12,8.83847677156979,0.2640113407246481,1.1343082394068484,1,1,1,1,1,grocery,0
45.1814599061565,12,10.413864467082348,1.378060505296519,0.7485761017335228,1,1,0,0,4,grocery,0
164.0073902308722,19,4.849638874846238,11.287180226098057,1.3183271873234015,0,1,1,0,1,grocery,0
147.3153609278249,1,58.081598753984565,149.53799210907835,2.9978744110276,0,0,1,0,3,entertainment,1
30.1463308392421,18,3.1623486727983785,2.300558301625234,1.4647659780730478,1,1,1,1,3,travel,0
87.8935396774148,6,1.92845137911682,3.4606062699203766,0.8161238759368333,1,1,1,0,5,grocery,0
1.1438696567607307,9,3.991581581379537,17.469910063342553,0.9573459003482591,1,1,0,0,1,retail,0
153.90060124585625,6,21.190706549879934,0.3183822032172793,1.2640536869360632,0,1,1,0,2,grocery,0
7.124027109670527,21,9.394601135837723,1.2421145188348373,0.7974949779702162,1,1,1,1,3,entertainment,0
67.81820491668692,18,1.1771022401060127,14.41581417985304,1.1344366755370674,1,1,1,0,1,travel,0
80.60817837960533,10,1.346368906677261,21.828686150269924,1.1915846567914736,1,1,1,1,4,travel,0
20.653369984901616,19,3.2433192384562988,1.5070344027997047,0.8280705861479847,1,0,1,1,3,retail,0
165.5267290590035,11,2.383122188020172,1.4002555766381546,1.5974471984865883,1,1,1,0,1,restaurant,0
67.37451730897048,20,3.6958139036315716,12.889366573032126,1.043314325195258,0,1,1,0,1,retail,0
156.7830648246601,18,35.04960767317594,2.9804196574374964,1.2013424806340278,0,1,1,0,1,restaurant,0
65.28127274906664,12,1.1436683471254834,3.1581161965594178,0.7989706901888526,1,1,0,0,5,grocery,0
24.07813556789737,18,2.1101722802793716,3.4325083641426604,0.6142792105682644,1,1,1,0,5,restaurant,0
92.63746738365018,18,0.9356317999965338,5.3196980909170355,0.96173436256806,0,1,1,0,3,restaurant,0
62.033881152003964,20,2.771246556499389,5.934858720634669,1.4018840233577783,1,1,0,0,5,entertainment,0
40.505701748082174,8,1.4089051338436747,5.491553085148867,1.615770518594769,1,1,1,0,4,grocery,0
6.016417784535829,7,36.966056674408556,1.1679362218687226,0.5667565845332614,1,0,1,0,3,restaurant,0
103.42231578064043,0,249.93917616889416,18.481486042647767,3.5266016312017605,1,1,0,0,4,online,1
193.37166437074757,14,4.184443009979325,10.608831044086573,0.7133819123026249,1,1,1,0,5,online,0
83.97752599102402,19,7.072521708730007,0.5033319743241804,1.177120707465516,0,1,1,0,1,entertainment,0
17.34889330075059,21,12.495545584261249,1.45621670124782,0.7269433564797897,1,1,0,0,2,restaurant,0
198.76236407945416,22,8.638115610662332,1.2664935380720252,1.3872103826612063,1,1,0,0,2,grocery,0
122.46973901757613,21,7.745527974539945,5.306182618140135,1.3378494865230097,1,1,1,0,2,restaurant,0
2.4345584735977015,18,29.52768925927057,5.734000888339428,1.2600109146193352,1,1,1,0,2,entertainment,0
27.119286831697064,13,11.944996513647085,1.2677338516867545,1.1598329827534142,1,1,1,0,1,retail,0
17.760877427917944,19,5.333137027148553,0.40461141285828217,1.281188920231217,1,1,1,0,5,online,0
151.34175904402235,20,6.725436134264352,4.250068388499415,0.742500320193552,1,1,1,0,1,grocery,0
26.64609397301691,9,26.852763227299565,0.46407311574757315,1.4958867782918368,1,1,1,0,3,restaurant,0
70.58638968032992,15,12.123396194397575,5.058718907828169,0.8765977421828283,1,1,1,0,5,online,0
4.268397880675947,19,5.095583765117139,17.86452077645105,1.0460795003863514,1,1,1,0,1,travel,0
152.41588984353638,19,13.135314121151122,3.107317395347507,1.1139152280559041,1,1,1,1,5,retail,0
14.086264777775677,14,21.809850218574127,2.708185133117586,1.0761318060017875,0,0,1,0,4,grocery,0
10.871123303794239,10,15.925623167178983,0.13010245509077858,1.58340013652575,1,1,1,0,3,entertainment,0
29.826378042262665,20,9.858972196495007,4.152624408680839,1.137350901240297,0,1,1,0,4,grocery,0
60.39169451843716,11,13.115262155731626,5.456938999654951,0.9798224981917285,1,1,1,0,5,retail,0
136.04002297073316,18,9.250931180782665,6.351278671826368,1.1176849166150704,1,1,1,0,3,grocery,0
1007.7947551282143,0,5.0,222.40107010723614,4.449374454397059,0,0,0,0,11,retail,1
1.91022267324132,19,32.9857164671205,1.3302537659414915,0.5838480124177717,1,0,0,0,4,entertainment,0
445.0783311071023,4,9.315190691336461,76.79769806515043,1.726152128304607,0,0,0,0,11,online,1
29.64935885395957,7,6.960328343400022,5.291210447061894,1.4590677939477126,1,1,1,0,2,grocery,0
51.838626571065625,12,0.48506029523401745,15.872399838118174,0.7428414985258773,1,1,1,1,4,restaurant,0
11.511036431223916,20,32.50229862805341,1.3571937357648451,1.0475866101136257,0,1,1,0,2,grocery,0
72.17756256064261,6,2.4769444785716943,6.009527881702624,0.8825766001696567,0,1,1,1,2,restaurant,0
30.900222534564218,18,9.809721244716778,1.5507549801775424,1.0281843038317386,1,1,1,0,3,grocery,0
62.65005470023796,20,4.395107900813716,4.5624807995947885,0.7414426654211258,1,1,1,0,3,restaurant,0
112.15101101066173,21,0.8306072504242521,15.055843641412494,1.163205401909828,1,0,1,0,2,restaurant,0
164.40368294994698,22,3.523570755803842,6.902256847586963,0.658768720630514,1,0,1,0,5,restaurant,0
1.0,12,1.2391683266531166,5.402987643434668,1.3237067920826127,1,1,1,0,2,entertainment,0
49.0364779240873,22,3.7306036460384577,0.48110893929659115,1.0003786154052474,0,1,0,1,2,retail,0
76.47586886107864,22,0.6178197816843347,2.079161723674087,1.021978549650968,1,0,1,0,5,restaurant,0
46.31575125012387,15,0.29338004583695393,2.604900659000572,0.5034028838812263,1,1,1,0,1,grocery,0
156.25406820548466,20,1.1058476976649603,14.612428759550806,0.7036544248157341,1,1,1,0,5,travel,0
65.11289215447562,20,0.5298160626746804,2.646852617321964,0.8815062572330006,1,1,1,0,4,retail,0
45.10790965598474,6,5.561176717296501,4.075575953622402,0.9031301577300113,1,0,0,0,3,retail,0
5.497034579073442,12,16.544410636088436,1.2871200215808363,1.4089840812092993,1,0,1,0,1,grocery,0
226.25510963182376,13,15.234726376656907,3.7468017858912144,1.2853222556057435,1,1,0,0,1,entertainment,0
63.45373463031436,20,12.492551564061236,0.7470439508446807,0.9347951090401302,1,1,1,1,1,retail,0
223.13620044712263,21,10.856433237522245,2.930132516290527,0.7262932234015315,0,0,0,0,2,restaurant,0
280.83693770260373,11,6.837943622206622,7.226232727819658,0.6595727572811552,1,1,1,0,4,grocery,0
379.1509446291496,12,18.958025917118135,9.743459496837856,1.4372456581705775,1,1,0,1,3,restaurant,0
325.0823017162032,1,9.619248476696496,62.7083131608743,4.051793978189964,1,0,0,1,14,online,1
34.75546971255768,7,22.25345505244567,20.030149810255526,0.9976036037157655,1,1,0,1,5,online,0
13.422360282015992,11,4.193746472670334,3.153082935693316,1.345262971622611,1,1,0,0,5,restaurant,0
15.2245228913687,15,23.06646515065038,12.482152168721077,1.7128767409779373,1,1,1,0,4,grocery,0
42.309873249732135,16,13.702826257845258,8.290782736489607,0.8811187904320463,1,1,1,0,1,travel,0
202.59597953315946,7,14.334166176623008,5.617922807466954,1.2623928370960023,1,0,1,1,1,grocery,0
302.7605373686003,14,2.108371981715031,1.6777693190360876,0.7560768200494943,1,1,0,0,5,grocery,0
26.922711436137106,13,7.938838331606247,3.8946153515090662,0.7652112406442884,1,1,1,0,5,entertainment,0
71.19754497893192,13,7.139771543868018,5.814292919817378,0.4959201822655014,1,1,1,0,5,entertainment,0
11.549679136536346,15,5.048537471796047,0.38123178821785175,0.9897835001909597,1,1,0,0,5,grocery,0
25.753086674934437,7,10.191962867207366,6.33875947388936,1.4874353033626777,1,1,1,1,4,restaurant,0
38.82768209144267,17,4.449916158367136,0.9852881152177915,1.1848391921773627,1,1,0,0,1,travel,0
80.3467421672282,20,7.857990629337484,1.112735151973663,1.0973237982490915,1,1,1,0,1,grocery,0
2.5343743059406276,11,8.89095372978303,2.4533082786365266,1.279561561533368,1,0,1,0,4,grocery,0
6.496272237063918,22,11.526390317607934,1.8608880644129213,0.7844288089607391,1,1,0,0,1,grocery,0
43.40877074770545,12,7.009721122260184,0.1,1.0817422888289447,1,1,1,0,2,grocery,0
141.56571848579347,1,44.97675978968766,41.07932636570158,4.336298243378846,0,0,0,1,7,online,1
3.390634097066112,16,7.2418309887137955,0.45212041423159044,0.9315654161425618,1,1,1,0,4,entertainment,0
1350.7294222231933,5,207.4928799057885,6.252216295388159,3.2001174424388976,0,0,0,0,13,online,1
9.264829890584824,12,9.037199240905135,8.847393484094269,0.8379676004992731,1,0,1,1,2,travel,0
62.114847903929814,11,7.1415760689282015,6.2551552293011135,1.3604773224694855,1,1,1,0,5,grocery,0
40.45686828284759,14,7.246789546146202,1.94657183448225,1.3719347787587417,1,1,1,0,3,retail,0
14.28458380941051,14,13.600858268529695,12.561261608403303,0.9444606900728922,1,1,1,1,2,restaurant,0
74.00385061659294,21,7.1310023488093215,3.5299092138133386,0.7638446406936181,1,1,1,0,2,restaurant,0
173.99191340529757,14,18.85682975312642,6.265965732484611,0.8250033006800158,1,1,1,0,5,restaurant,0
141.86007999804514,12,10.77280473196334,6.012707975729697,0.7084515080212532,0,1,1,0,3,retail,0
26.670965362739395,20,3.1739532443025635,8.19835500134748,0.811522257941684,1,0,1,0,1,retail,0
73.49257929552424,21,5.249865461661408,27.700401892158084,0.9631070257031585,1,1,0,0,3,retail,0
11.17331028908248,13,12.884220380145738,2.756109686336275,0.6131029518285075,1,1,1,0,1,retail,0
37.95908719344147,20,18.176018647583604,15.806708417327084,0.8918190549453947,0,0,1,0,1,grocery,0
100.03048461627729,23,143.78552966093343,316.31834820929595,3.2627049181082564,0,0,0,0,13,travel,1
40.22036173521575,14,9.68486700173495,20.932907149096593,0.9477576480405215,0,0,1,0,4,retail,0
88.54416032275289,20,0.7357234310504758,1.1877905902810637,1.5125289798922463,0,1,1,1,5,online,0
36.74846146150241,8,0.1,5.647047742585517,1.0740740194202063,1,1,1,1,5,grocery,0
379.81155866879544,19,3.881420917239545,5.119884934490882,0.745861649289113,1,1,0,0,3,retail,0
12.044659713135408,11,12.86193377719011,5.416052838411566,1.098070521623897,1,1,1,0,3,grocery,0
12.76224123842458,19,0.34170404102402063,1.2330800028398512,1.2342471214663902,1,1,0,0,3,restaurant,0
88.55060690050831,19,19.167304884395474,10.47571775520618,1.2137937091774704,1,1,1,0,4,grocery,0
100.79363039863412,13,1.8658820787664672,9.559773563842166,1.1535319637861219,1,1,1,0,3,retail,0
85.46440311322434,9,2.047469877235559,0.8212485454613806,1.1368861244966835,1,1,1,0,4,restaurant,0
18.203367692782212,20,12.935244770751355,1.1031310464599848,1.4667860722168162,1,1,0,0,3,entertainment,0
1.4849509928612805,12,7.852894245746985,7.956890553931761,0.9344293005004981,0,1,0,0,5,grocery,0
79.82339677527412,10,1.8692918175862543,1.1263387550979111,1.3037049391763715,1,1,1,0,4,retail,0
61.670641929910545,19,14.871344261693118,0.38412064276369207,1.1589632819170756,1,1,1,0,1,restaurant,0
44.994206167169814,22,11.612645217523959,3.611357645825737,0.9532364292723459,1,1,1,0,5,retail,0
48.38007377317902,13,13.332837443650492,1.103854167379089,1.5374537047416803,0,1,0,0,1,travel,0
49.06284639916028,13,6.59470890067526,9.534316963072142,0.7539074018077462,1,1,1,0,2,restaurant,0
100.69817170347379,21,4.844327548024566,5.278289934526807,0.7223143019949775,1,1,1,0,3,grocery,0
32.751363078786746,14,15.878237617284132,6.811361213798685,0.5846153796312252,1,1,1,0,3,retail,0
21.20887384643698,17,23.158493269156885,6.087469058013516,0.8489609331992198,1,1,1,0,4,retail,0
83.35336947222586,13,3.9914901825876905,0.3568502641819711,0.7989734144890704,1,0,1,0,1,travel,0
11.30009121221482,18,47.53579531165468,1.3867953170646683,1.1060805198118449,0,1,1,0,5,entertainment,0
221.10523066509052,21,14.85629313223045,1.7391126903782559,0.9589394476982,1,0,1,0,2,retail,0
43.70192884553026,8,8.968450309864316,8.568504363958136,1.0600399282080784,1,1,1,0,5,grocery,0
217.89415086099797,17,15.423889005087482,6.522076827126839,1.4640123850733557,1,1,0,0,1,grocery,0
62.93175333141348,21,8.62845020716863,1.0165315884262986,0.6225703234662456,1,1,1,0,5,retail,0
89.48894006069717,3,61.23738742208889,9.579467939893103,2.3925200963553475,0,0,0,1,8,online,1
432.00339513277504,18,11.828184187274925,0.8747387642854458,0.8527547500078001,1,1,1,1,2,restaurant,0
32.79553724859235,15,15.467265087363408,0.4216735747487512,1.3267197942213063,1,0,0,0,3,grocery,0
106.24963997907696,17,0.42364707738982904,0.11322931083572363,1.0010931293505254,1,1,1,1,4,retail,0
1.0,16,16.752041171686688,4.68665703646097,0.7794492570211522,1,1,1,0,4,retail,0
36.34096461788389,7,2.894368350926037,13.211844311107999,0.7260666048449234,1,1,0,1,2,grocery,0
150.93013932573956,6,3.0038342157682596,0.2544875698025104,1.1995516350459454,1,0,0,1,5,retail,0
18.474172802563558,9,6.946375069498954,1.3683465031847573,1.2725490314561083,1,1,0,0,3,restaurant,0
8.251942293470368,13,1.2966700039529868,8.545659567501618,1.3165906464806592,0,1,1,0,3,grocery,0
3.0067582212418027,15,19.447974083605658,8.902370342971032,0.5897085027130451,0,1,1,1,1,grocery,0
5.8529867339829735,18,4.641541443730899,0.1,0.6699477964734746,0,1,0,1,2,online,0
286.0592904726492,18,5.8590064306015535,0.5450451797762705,1.2289615854603306,1,1,1,0,2,retail,0
66.973868327085,1,130.05118456436387,93.24723734698209,5.927218027255317,0,0,0,1,11,travel,1
136.28539377268578,10,10.562901910531359,2.7245241578816195,0.545925590570036,1,1,1,0,2,travel,0
49.04352964853619,14,4.983123164104175,1.0937140617398906,0.47660557996451647,1,1,0,1,2,grocery,0
10.216769739986375,7,1.465920791218871,0.8403591320303745,0.78895654946204,1,0,1,0,3,travel,0
26.347110252831246,12,4.93877038622944,1.5837551249586312,1.156947081332051,1,1,0,0,1,grocery,0
69.58127527870552,17,12.085494670634793,2.539629328129089,0.790682375313812,1,0,0,0,1,restaurant,0
165.33242387818635,7,7.614849199700057,6.069042194582109,1.4048605723173606,1,1,1,1,5,restaurant,0
15.251412342433293,7,14.36607178594997,6.924716040858938,0.8564826162226925,1,1,1,0,3,grocery,0
16.161748056317247,15,18.516009099475216,19.879702199169255,0.9050732219250199,1,1,1,1,2,retail,0
74.17990821254736,16,9.066656720551366,7.160941620343864,1.0269140755726314,0,1,1,0,3,grocery,0
122.97553615155712,15,2.039389915066025,1.3393516086007262,1.1018611243636807,0,0,1,1,2,retail,0
5.549424291321971,17,6.856949734446393,5.226901349123379,0.8763225786809558,0,1,0,0,2,retail,0
132.9062559269623,17,8.445270682863242,17.073895106520904,0.9734207713619727,1,1,1,0,5,travel,0
47.84081851031382,6,3.888947931925192,10.40832256508962,0.8491573836746179,1,1,1,1,2,retail,0
49.87961345378575,7,14.908095490223818,16.818947175207718,1.1289594394030227,0,1,0,0,1,grocery,0
50.0,3,57.871736777830804,71.2759916797054,4.025868730882852,1,1,0,1,10,travel,1
94.21536335661631,8,16.604418231860965,4.214245569577077,1.2047231630685074,0,1,1,1,5,grocery,0
128.6684256701425,20,3.01952091030381,0.5803874365945576,0.9702202364853972,1,1,1,0,5,grocery,0
35.473636983768486,16,5.58852057895884,0.2296976109699877,1.27731701386467,1,0,1,0,4,retail,0
44.821486757077764,8,2.1463635425035794,1.4333232478688416,1.0014197456897935,1,1,1,0,5,retail,0
26.350976532288435,10,1.4077175366833814,1.1021155831605702,0.5157711349257414,0,1,1,0,3,entertainment,0
125.44683241395244,23,131.48022730609875,66.91710166481953,4.896717380614945,0,0,0,0,13,retail,1
55.50061436684702,7,3.0025752440149738,0.2174233826479556,0.6204960106250514,1,0,1,0,4,entertainment,0
162.2803942175459,10,2.7316915370738526,2.0674507104181643,0.7231841184176495,0,1,1,1,2,retail,0
82.146673958937,3,11.418559512675577,136.96664330865121,4.2703146165847174,0,0,0,1,4,retail,1
112.96378881361744,16,7.592206621423684,6.549649060421481,0.9534615608360703,1,1,0,0,2,retail,0
219.90249973289795,9,23.3829626750223,7.909878244814774,0.8650786176607475,1,1,1,0,1,retail,0
18.151401512690995,6,5.514280349150097,12.579302097533006,1.0421147017034882,1,1,1,0,1,restaurant,0
5.84529343139153,17,33.681568194559716,6.16293057403433,1.0357351526743246,1,1,1,0,1,entertainment,0
10.849453249763588,9,17.131976142635047,0.3735149930843724,0.788182303371615,0,1,1,0,3,retail,0
135.91756808074604,21,25.29906881901933,2.0427112499861217,0.6026844542811899,1,1,0,0,2,retail,0
43.2218656734937,16,23.67292082434133,7.802589054144309,0.80675268453373,0,1,1,1,1,entertainment,0
17.885473434224117,21,3.063415847672062,1.7018178629697978,0.8400191122804431,1,0,1,1,3,entertainment,0
84.36145308683427,19,5.447026903206595,7.1507829259483655,1.2522275768011462,0,1,1,0,2,online,0
88.46388754968225,15,17.0065047971751,1.0704362333352058,0.7529239197687683,1,1,0,0,1,retail,0
1.5451433853719732,8,26.7325630420622,2.7324444469435223,1.7654482644034857,1,1,0,0,3,restaurant,0
71.91236955515829,14,6.899531382722773,14.02083163214525,0.6916554984056542,1,0,0,0,2,grocery,0
161.98392202861666,13,23.58026271962676,9.773734231851265,1.0729365518323717,1,1,1,0,5,travel,0
165.45077587904726,13,22.008413084780983,16.222102768731837,0.7135223480133036,0,0,0,0,3,online,0
958.9571027860999,0,57.62988227703513,124.33673638379634,0.5689434481797719,0,1,0,0,8,travel,1
302.3890490049783,12,5.753176086901054,13.24828847675414,1.2360664041332972,1,1,0,0,4,travel,0
11.434111078018706,14,7.9270508280985545,8.973503794263808,1.7948806416093748,1,1,1,0,4,travel,0
9.6202020124434,22,11.290456341005983,1.9962549479989102,0.9720952977768934,1,1,1,0,4,entertainment,0
39.28010901040652,10,27.87448213241589,1.3338926147676167,1.4429779493479777,1,1,1,0,4,retail,0
56.24149168386794,20,15.911162656762743,33.12249374135159,1.2693468231970115,1,1,0,0,4,retail,0
275.5262496423369,19,10.886159499856378,1.7560405024107837,1.1990690984571029,1,1,1,1,5,retail,0
1.0,6,9.00453565411232,6.654774964033755,0.9555302817205823,0,1,1,0,3,retail,0
58.56464438412749,21,6.549488035804193,11.267373883435068,0.9059390905405927,1,1,1,0,3,grocery,0
217.97831384000943,20,2.8835109204175877,19.532770553459663,1.2487058691612596,1,1,1,1,5,retail,0
300.7404225172541,22,44.66300075270442,87.90180679487754,4.69945323453158,0,1,0,1,12,online,1
35.530851238900105,19,0.6918634000543132,11.44361130092599,0.5938307614982091,1,1,1,1,2,grocery,0
110.02032879560639,20,7.707124659182329,3.4949163060103827,0.6294075280328802,1,1,1,1,4,retail,0
90.54353475290793,10,79.75767433041918,0.5622990613597464,1.6192972573679132,0,0,1,0,5,entertainment,0
372.5603912112184,21,12.868872699105275,4.305090189273784,0.9364493180974386,0,1,1,0,1,restaurant,0
539.904789346394,22,105.11676384264271,1.4271349430328903,3.2663840690242583,0,0,0,0,11,entertainment,1
42.21384475252265,10,0.4053990240019842,7.998957081860593,1.0878817411150536,1,0,0,0,2,retail,0
43.429846081938955,21,11.495968258992184,0.7189150998209487,0.7751427719099148,1,1,1,1,5,retail,0
41.25231839652133,9,4.372184699488558,2.849372400237147,0.6648673024168239,1,1,1,0,4,restaurant,0
6.484355910982598,7,7.398320567160534,3.670915183789561,1.4112404444755031,0,1,0,0,1,grocery,0
33.14473995133055,10,0.3396076463112242,14.695006690712841,1.2211924891172443,1,1,1,0,5,retail,0
79.34961521184631,6,3.0548087563394506,9.859120932848178,0.696606002839605,1,1,1,0,5,retail,0
47.97058019478622,10,12.317237840498896,2.6226285551222412,1.0171506265271202,1,1,0,0,1,entertainment,0
194.59204690123468,23,79.22340592566397,123.97649599202461,4.913944931930562,1,1,0,1,4,online,1
4.212493518030001,6,9.953515761695021,9.03520249414672,0.9901747352569925,0,1,1,1,5,retail,0
195.7139180179359,23,98.76829754940957,2.9966119985198247,0.8576083589252823,1,1,0,1,9,online,1
29.494263937887652,20,0.1717816452314257,3.0125546896851203,1.4684832341553908,1,1,1,0,4,retail,0
69.36759029541594,11,7.840125519459006,0.7229770273296923,1.1565462174850674,1,1,1,0,2,travel,0
67.87141428422802,12,16.715539757017737,2.6221888509686493,1.429661244129257,0,1,0,1,5,restaurant,0
1.890326166496045,12,6.300043208876469,2.239109594860377,1.1915648327908444,1,1,1,0,4,grocery,0
3.2488552923484204,16,26.121222381459575,6.121772229334049,1.0471244781246558,1,1,0,0,2,restaurant,0
61.310803621188654,19,3.133877146438281,6.517516516430621,0.8855588460893252,1,1,0,1,4,restaurant,0
377.5602211951652,1,5.264518407539336,7.426218604703058,2.980297361191912,0,1,0,1,8,retail,1
456.35728804995836,0,105.51481346155981,80.41620312453614,2.9141554632780684,0,1,0,1,9,restaurant,1
51.42276755303139,6,0.23360363677440232,0.1,0.8279507249676277,0,1,1,0,2,grocery,0
22.11365517293908,8,11.622393570845059,3.0101735745487574,0.6078175160436481,1,1,1,0,5,online,0
49.68442414987511,17,0.2584466353268283,0.4156903957427935,1.1657180125098425,1,1,0,0,3,travel,0
115.280709191049,22,220.5363663391097,10.871299374756997,6.900116315691675,0,0,0,1,3,travel,1
93.25533039393969,12,5.462775533388996,1.2293567860775705,1.05841549742616,0,1,1,1,2,grocery,0
21.760096055755515,12,92.20158504807455,1.983769581092714,0.971931509143827,0,1,1,0,2,grocery,0
22.77290338192508,21,1.9891417877742315,3.9133616129085085,1.1168181780280109,1,1,1,0,1,retail,0
39.734657493656265,11,8.348355362762717,0.8668097099314429,1.5895406206190517,1,1,1,1,2,travel,0
67.84310096980288,15,8.589767451920748,29.241969487258444,0.7551544612897519,1,1,1,1,4,grocery,0
60.6302096280658,16,2.3763122768986724,13.531144508988689,0.25384572420255946,1,0,0,0,1,grocery,0
105.9862219962321,9,30.34136479971158,3.94281572005089,0.5847951444792525,1,1,1,1,4,travel,0
74.9001334105402,11,12.052855977799613,3.3134520894700854,1.224144144845977,1,1,1,1,4,entertainment,0
109.14452367832394,18,34.242541195780994,2.274382078826156,0.9757795913366908,1,1,1,0,2,restaurant,0
18.678929411658526,6,16.41962964323879,1.2494180225138038,0.9740605790457966,1,1,1,1,4,retail,0
26.786521862038455,20,31.33148279877912,3.294660626856747,1.3038698706201288,0,1,1,0,1,grocery,0
66.30055946250174,17,15.842271399970858,2.1647928758464428,0.7739192641919792,0,1,1,0,3,restaurant,0
48.31873841117169,22,0.939071104875097,0.15794156272230478,0.6034510862155646,1,1,1,0,3,restaurant,0
264.7915027987982,15,6.726699923442831,8.993642358180088,1.3074528631715356,1,1,1,0,3,retail,0
201.23469122628123,23,249.49277115470375,71.35559103003222,3.258147543449393,0,0,1,0,4,online,1
7.369751843446435,14,19.371180790645624,5.0426619071752965,1.8203836537548632,1,1,0,1,2,retail,0
129.84133721468683,21,22.691595824727674,12.323243102236365,0.7873740155782376,1,1,0,0,5,grocery,0
209.38472777268578,20,1.9873592056933305,2.636806846227624,1.0908885750738075,1,0,0,1,5,retail,0
39.37042334353749,19,0.6980448597513443,2.1507205999809713,0.7268821861265524,1,0,1,0,4,restaurant,0
162.37484037839283,13,4.803583316548578,1.7482854677133801,0.5346644467428516,1,1,1,0,2,retail,0
114.88235019303212,20,12.564844591657923,3.7196972552599212,0.6055677042245013,1,1,0,1,4,grocery,0
73.94846581686315,10,0.10955263384357998,3.7105972466708828,0.9374100872835842,0,1,0,1,2,retail,0
35.05203509891443,13,22.892383952849322,4.933725841849917,0.9489847858670794,1,1,0,0,4,online,0
130.20959075628863,19,4.487205232936324,1.1507824004313831,1.4351086085467175,0,1,1,0,4,entertainment,0
53.22260391195293,18,6.816849761491578,2.3782822294606127,1.3022256033834319,1,1,1,1,5,grocery,0
109.13735097793662,9,0.7888497937746979,9.257303888332991,0.9311747613760495,1,1,0,0,1,grocery,0
53.7817687578909,7,4.388701720154225,10.129146473205095,0.9083737441049352,1,1,0,0,4,grocery,0
95.19209904934193,7,2.0982451992911195,5.0357911077302555,1.3423814323491294,1,1,1,0,5,online,0
1.0,13,6.463479167038874,9.92727619627817,0.6534667488317303,1,1,1,0,4,retail,0
58.32347750480319,22,4.591123398274808,0.849733891789653,1.2782118591739695,1,1,1,0,4,grocery,0
17.991516870394197,9,31.34559888866871,11.909929134855975,1.0561144586646145,1,0,0,0,3,restaurant,0
8.258585286929906,6,15.329153960463033,0.7998684719031104,1.2020197371012968,1,1,1,1,4,retail,0
246.55838067836788,13,7.010959639693483,1.1533597573836472,1.3060695404112153,1,1,1,0,4,retail,0
1249.9025261630384,1,33.62151619722732,40.26217483358711,0.5748627212463369,0,0,0,1,5,online,1
47.35410937749717,19,1.3878463778637826,1.1821956470336885,1.0756230287104762,0,1,1,0,1,travel,0
40.99553152086182,7,24.689814673174073,9.29296583092782,0.8587270078057372,1,1,1,0,5,entertainment,0
33.55592428132471,17,15.3670875035207,9.875370266177883,1.1650956608275422,1,0,0,0,2,restaurant,0
58.3783420457656,10,8.3685579080645,1.7341927201646359,0.7983057202560251,1,1,1,1,5,retail,0
295.3897868348021,8,9.374708379907977,0.11616509430940936,0.7876679721367525,1,1,1,1,3,travel,0
10.064889982303246,17,2.9768571920254283,7.083523974378596,0.7943028274052877,1,1,1,0,5,travel,0
448.6904985638164,13,6.05255827471566,1.9759320158350235,1.2403306808892454,1,1,1,0,2,travel,0
68.5476537963209,15,2.9342508476635554,11.558254769480303,1.18192774164946,1,1,0,0,1,grocery,0
50.0,22,43.03229162552615,15.30224795143091,2.3015259826198466,0,0,0,1,12,entertainment,1
190.7016578861174,23,5.850970571902076,127.89539576508733,5.331669970052459,0,0,0,1,10,entertainment,1
236.26088988800848,3,74.43091038771004,85.3151949339748,3.02452052038619,1,1,0,0,12,online,1
43.25702581944121,18,7.721030143238552,4.137508930911192,0.9311823633502538,0,1,0,0,4,retail,0
137.88816163761652,12,4.291062101742043,3.8517694289414806,1.1263013947295692,1,1,1,1,3,entertainment,0
125.69094622294465,14,19.0130636766151,2.3603181487926985,0.9002674104172395,1,1,1,1,1,restaurant,0
1.0,9,18.957653738102593,0.7999924603492442,1.6258517635896863,1,0,0,0,2,grocery,0
54.33275283705665,15,2.045667945781278,0.1,0.7565044821006475,1,1,1,1,2,grocery,0
58.16914871960692,18,3.976148291833713,7.752173341631762,0.4877548368160646,1,1,0,0,3,grocery,0
118.7913352565732,22,5.680639406832615,3.4334617839332635,1.0983841172223303,0,1,1,0,4,travel,0
21.35980536007834,19,15.432623477615756,5.793061810501927,0.4575004302241179,1,0,0,1,4,online,0
268.22771529663703,20,4.848826355615284,0.12460484702658164,0.6315137309215046,1,0,0,1,4,retail,0
327.26146830589175,5,45.13148277612768,99.42452253851472,2.0784351923381705,0,0,0,0,10,entertainment,1
78.96472895380695,21,2.4511453575199464,17.76347605710882,0.9170113989063433,1,0,0,0,5,restaurant,0
364.3330926680832,4,41.20031554902506,19.98535739131319,2.3584464405139896,0,1,0,1,14,online,1
68.82292262244805,11,4.9519450657748285,5.925012142737809,1.414111147186217,0,1,1,1,4,restaurant,0
89.05239749560332,20,5.249019994100291,18.747538359926494,1.4189110123932962,1,1,1,0,1,travel,0
54.85540330568447,7,15.607751927772071,4.954709324410904,0.9553477393693466,1,1,1,1,1,retail,0
46.40273447876301,7,7.371890047731884,2.5328681459573277,0.9287609424418098,1,0,1,0,4,grocery,0
42.278270158718925,18,10.206467780234759,13.167798566150267,0.8776168756445555,1,1,1,0,2,restaurant,0
23.900990141809334,16,10.048252406741625,0.40787393529616045,1.0925521151483133,1,1,1,1,4,retail,0
39.18704771953137,6,28.50703163367431,0.7495746121536134,0.8085562166995817,1,1,1,0,4,restaurant,0
176.96639199544197,13,0.3123573623473723,7.435174046125615,0.8709005673099165,1,1,1,0,5,retail,0
442.2005308872755,3,38.251828135261825,23.599548384266622,4.51270962311388,0,0,0,1,10,online,1
169.34280408638674,6,0.45895610429664724,5.219019199126432,1.6611372510312892,1,1,1,0,2,grocery,0
51.3160265675497,13,4.379269810994141,3.456159656318054,1.2622910677991306,1,1,1,0,3,grocery,0
24.988153060370056,19,35.90182097649966,5.647981327168115,1.0034812664201591,0,1,0,1,3,restaurant,0
66.09714081151688,14,11.305517788468054,8.103586885215309,0.8699367940769552,1,1,1,0,1,grocery,0
11.378013017613418,14,3.471891243580561,3.715420052010155,0.699425893644934,1,0,1,1,5,restaurant,0
11.671072154192736,7,0.8466689695020023,8.350115036740851,1.479136292494645,0,0,1,0,1,restaurant,0
20.71206084805813,9,0.45960230216703346,15.288408910302373,0.780777975930607,1,1,0,0,5,grocery,0
127.5432585970922,9,40.21943963861946,9.210943848506032,0.7387279483464841,1,0,0,0,4,travel,0
42.09986047521192,7,12.901941544667475,6.048731092321908,0.5376691584752691,0,1,1,0,4,retail,0
765.4126266741858,3,20.905676837352853,8.076611357986675,0.8001257198891745,0,0,0,0,11,online,1
98.16767259096358,7,22.02649177507231,12.780842500390836,1.7878930707343348,1,1,1,0,1,grocery,0
42.108931314790766,18,2.158002881471583,1.097804580891165,0.7909532694537931,0,1,1,0,1,entertainment,0
135.2243914710649,3,16.374246805475188,10.544320901718075,2.418697054527099,0,0,0,1,6,grocery,1
53.0399054731948,17,8.317855353138416,3.0587496992849688,0.9418585438634414,1,1,1,0,1,retail,0
116.23437805539305,17,5.724167397674352,3.270815338692852,1.1630970562547922,0,0,1,1,3,retail,0
220.1755243559127,15,0.46158087723339564,6.366813038522259,1.0491537423924442,1,0,1,0,2,grocery,0
88.5158225099029,22,2.869888389693371,0.9841101435870471,1.3952390683313491,1,1,1,1,1,grocery,0
16.76663840820709,18,0.1,3.50929349398383,1.2949030951324505,0,1,1,0,1,travel,0
98.77120032489913,14,16.965151421879213,5.9989064604964994,1.2761652757618724,1,0,0,0,3,travel,0
29.526717880034305,17,11.274738403704239,3.656112448084718,1.551542782038572,1,1,0,1,3,restaurant,0
816.8556075606868,3,129.12115637164987,16.290123789648224,3.192447616189403,0,0,1,1,14,online,1
11.493775592583695,7,4.256265321501248,2.073957973002933,0.6977110542579499,1,1,1,0,5,grocery,0
51.767830879161934,14,0.20367396508544008,0.36121813791826185,0.9780040224204267,1,1,1,0,1,grocery,0
35.31465903338062,20,7.2437850201634655,16.9778670649905,0.6775541883875282,0,1,1,0,4,retail,0
55.548404164201244,7,0.7475228123199094,3.1211890158244278,1.166434756395344,1,0,1,1,5,retail,0
107.60274545548496,17,1.6027185375887711,2.122240439732172,0.7628847342393056,1,1,1,1,4,restaurant,0
132.82667984310376,21,17.64115923927045,4.631018897498595,1.4599949204939235,1,1,0,0,3,grocery,0
322.58986572218475,1,143.58063488676194,59.02306724762566,0.5,0,0,1,0,10,entertainment,1
155.69319844106897,19,12.703668594819113,7.993460153416702,0.9400934855642289,1,0,1,1,5,restaurant,0
58.030807039072485,9,2.760475172810342,9.527252381844892,0.4639721149411905,0,1,1,0,3,grocery,0
11.22134236881094,18,9.034369203859379,4.501472894997686,0.967796660071117,1,0,0,0,4,restaurant,0
20.64175626417832,22,7.355834745242835,1.178406663539747,0.3397747172663085,1,1,1,0,2,travel,0
373.65189432178687,0,140.52134765773172,6.277807521867616,3.4496763905529866,0,0,0,1,13,online,1
52.96049058618547,12,2.485481768553191,9.095840763506233,0.72856922372925,1,1,1,0,4,online,0
55.274076496720596,12,9.624676853351994,3.5585240400217195,1.2813582338605407,1,0,1,0,5,entertainment,0
44.14996031382569,21,12.78227846319748,0.5884361599192598,0.7314244421593491,1,1,0,0,5,entertainment,0
19.06512753441246,16,4.92390789392794,2.7683861691591822,0.8237062885490618,0,0,1,0,1,restaurant,0
420.67806503253723,5,79.26145971047204,164.09671984621227,2.3647849845304436,0,0,0,0,10,restaurant,1
23.677735133281868,13,11.498806334802236,1.0855090011166388,0.95622012575753,1,1,1,0,3,entertainment,0
90.74110432258915,3,83.64075401920644,23.30047299543334,3.632974447230287,0,1,1,0,14,entertainment,1
245.69270573985136,20,15.383624956588402,0.9347594525808953,1.6397936595109937,1,0,1,1,1,restaurant,0
53.808678025162564,13,3.7638347188979715,0.1,1.0370787487865856,1,1,1,1,3,travel,0
21.501763637178897,20,0.6672523561472509,15.402917328807499,0.884777458273198,1,1,1,0,3,restaurant,0
191.234748380003,15,10.151841062805197,9.738519035157008,1.2758148669329918,1,1,1,1,2,restaurant,0
56.162286651622395,20,9.288839946505224,9.516480938918754,1.3549583062734345,1,0,1,0,2,grocery,0
133.90694577760308,10,26.595323428546102,2.6568972094495895,0.8038253752271516,0,0,1,1,3,retail,0
33.17461993171469,12,12.029556583189184,5.039112778926346,1.3149203068567727,1,1,0,1,5,online,0
90.54001400781063,6,4.792745875315908,0.3501538864167595,0.8769473295166534,1,1,1,1,3,retail,0
2.445303837810177,8,6.505132890924001,10.28896142854277,0.9910356083595532,0,1,1,0,5,travel,0
112.93021790229844,7,41.335153072039404,1.2313309661125715,0.9909048182518292,1,1,1,1,4,retail,0
63.28695191886115,13,0.6028852671774678,0.762115356041708,1.147149847301205,1,0,0,0,4,retail,0
39.957512421370424,20,13.82523926982267,3.547334709383314,0.6279500629307442,1,1,1,1,1,grocery,0
69.35652235524559,19,1.8011026309527174,2.0671311695719172,0.4307842201700761,1,1,0,0,4,grocery,0
141.6351353937888,11,13.90662007184211,2.0493530881196644,0.9259926149123181,1,1,1,1,3,entertainment,0
32.457111727213494,21,6.660877561554953,0.1,1.0453822941469284,1,1,0,0,3,entertainment,0
7.381016172746262,21,0.8118231559534088,29.761750581876342,0.8127358973547755,1,1,1,1,1,grocery,0
22.78156600816061,9,2.453245279105184,2.6814839066657785,1.429618474855304,0,1,0,0,4,retail,0
26.495007792755594,13,2.112975227609062,8.341427095649514,1.1323919426058229,1,1,0,0,5,online,0
17.104299338925173,17,3.2431875425685726,0.12919278418149982,0.6840200727168535,1,1,1,1,5,entertainment,0
83.84391186160408,9,8.240968053162467,3.4700351157859584,1.5103610882344953,1,1,1,0,2,retail,0
112.00807388834033,19,8.565646397556907,1.7098992297395714,1.2375823238348227,1,1,0,1,4,restaurant,0
45.60797910232897,14,7.00548574817227,5.486015522781132,1.4638539388967398,1,0,1,1,4,grocery,0
52.314305055127186,3,17.367527872186116,5.375169716416646,0.7543443520137996,0,0,0,1,8,travel,1
254.22574456532027,22,313.5497210122595,13.399779476573803,4.191808698360376,1,0,0,1,7,online,1
85.54511195065473,17,7.846901687102866,10.792465445065758,1.1573855546662293,1,1,1,0,4,restaurant,0
26.39704937689992,8,0.6305384085451444,2.563803367568,0.9066328886507375,1,1,1,0,3,retail,0
33.36835134223206,7,12.862840658818655,4.142538093770524,0.9673341972407428,1,1,1,0,2,restaurant,0
222.06943512551507,13,16.872229182430736,1.6129016443490078,1.1692463103627608,0,1,1,0,5,retail,0
140.62631834873275,21,10.06671778041042,4.243348989299398,0.859599291187678,1,1,1,0,5,retail,0
45.4583347423616,6,23.673928726648775,9.101893661982066,1.386548878449158,1,1,1,0,3,grocery,0
102.62331822823369,15,7.263234550005881,4.537316308961471,1.1803073748972086,1,1,1,0,3,travel,0
22.45287263841195,14,1.6772079795340042,2.4508684652586132,1.033813563577375,1,1,1,0,5,grocery,0
149.76498725957572,20,2.6681373331881626,5.733625524523146,0.756816356244975,1,1,1,0,3,grocery,0
3.6718348963992535,13,0.1,0.8069503168607784,1.0750204026058712,1,1,0,1,4,restaurant,0
12.145593754510964,8,12.614126091999609,2.501887093090487,0.49285031534853296,1,1,0,0,5,restaurant,0
80.83499899939116,9,0.9384522439954651,9.019647508091941,0.7338208742324123,1,1,0,1,5,retail,0
24.380107217428737,7,0.5631634268218612,4.007579137224285,1.1613222248008186,1,1,1,0,1,grocery,0
72.884352990662,16,4.963118290995926,2.0681073723603434,2.0036424074794086,1,1,0,0,1,grocery,0
89.86182247513054,12,25.092793362691502,1.5166679517164041,1.5866756489702833,1,1,1,1,3,travel,0
46.833495387574295,12,0.8962165545430877,1.1517803396675375,1.0534530339093409,1,1,0,0,5,grocery,0
10.245677012285716,20,18.122726255949313,1.595269927806966,1.131569222678729,0,1,1,0,5,grocery,0
21.690470070434806,7,3.5326850205750033,1.9460165794149475,0.6231169104948352,0,1,1,0,3,entertainment,0
34.02925995503387,17,4.108212745604593,4.4913399789594095,1.5348053559275887,1,1,0,0,4,travel,0
110.89644470969681,15,3.0169341908891116,5.4991888286219925,0.3673729676614027,1,1,1,0,3,restaurant,0
11.368475375259663,20,8.245681995924947,2.631362983201473,0.8955173686771513,1,1,1,0,1,restaurant,0
50.04451590592218,9,23.035536765508667,0.6195056814529446,0.44194745387146306,1,1,1,0,3,retail,0
303.3197094544331,10,10.154087344180349,12.661887785301417,0.7258976987917052,0,0,0,0,5,travel,0
926.31925276333,22,135.96179313989848,81.90128698927604,1.8935902298787481,0,0,0,1,8,restaurant,1
21.935997501439033,7,28.291248076539198,3.6668706241874194,0.9310038845495523,1,1,0,0,4,travel,0
42.29183986899755,18,5.777759900304903,6.843922996527931,1.1493023083131968,1,1,1,0,2,restaurant,0
13.602556339574278,20,3.5058481924038194,14.715411022329771,1.164067950549452,0,1,1,0,1,retail,0
33.49396748360741,6,25.86800716521065,3.494700201959736,1.1313956267066658,0,1,1,0,2,grocery,0
123.44640854489896,20,5.123155970027349,8.765461334157935,0.8935397229314784,1,1,1,0,3,grocery,0
50.0,4,218.69582683272,69.27003484101459,4.303238044957906,0,0,1,0,5,grocery,1
59.8243119035624,15,4.852116429675681,3.434385973417921,1.3263017349936514,1,1,1,1,5,entertainment,0
84.00690444043975,16,9.39978360411115,10.356796263698097,0.6309633027749293,1,1,1,0,5,grocery,0
132.92635266688336,21,23.304807332894867,3.079019341041418,0.816924051957419,1,0,1,1,3,restaurant,0
292.57323634281437,14,11.901636424137962,9.255255299444528,0.6601669841201394,1,1,1,0,5,retail,0
118.27714977462229,13,10.3759396097742,0.8232262663771363,1.2722173309412188,1,0,0,0,4,entertainment,0
7.002010963634536,6,3.7019608746515633,0.1,0.7938437349360115,1,1,1,0,1,grocery,0
87.49873835260101,6,0.6521091815853942,0.8997315376329258,1.1984880984513966,0,1,0,0,3,grocery,0
52.41387622904413,10,1.9647119475481298,9.99522603886134,1.1430027303464527,1,1,0,0,2,grocery,0
230.6524437080131,19,7.544375358961907,0.1,0.9620600659723204,1,1,0,1,3,restaurant,0
63.51867816013556,9,8.068890246021583,1.6340743187385478,1.4845358692239128,1,1,1,1,5,restaurant,0
73.17530593713455,11,3.882194475271197,2.44392545056834,1.2591284561134755,1,1,0,1,4,online,0
49.19806239455433,9,8.03305452727505,9.166002516184015,1.1476623778910158,1,1,1,0,2,grocery,0
11.481519505748503,15,11.059252982238357,0.1,0.888144168606702,1,1,0,0,5,grocery,0
123.84817934970994,18,2.821391539008704,17.234837711515134,1.0012101787322156,1,1,1,0,1,retail,0
90.78061093450059,7,0.6832759708748287,7.014217691341772,1.3634850936741014,1,0,1,0,4,grocery,0
48.43781907710979,6,18.790507800461754,1.285553192495853,1.4036092990464544,1,1,0,1,3,grocery,0
117.39790067296708,10,8.531221579661903,7.6123510968638985,0.8253984712344393,1,1,1,0,3,restaurant,0
113.08672224957597,16,5.201964101544396,1.3800743036644527,0.705703187734118,0,0,0,1,1,retail,0
126.3651418882188,12,5.800254944914736,2.0191941745319673,0.47310391985924405,1,0,0,1,4,restaurant,0
101.56511893109494,7,18.316943785721453,6.466665385074158,0.9252390817622108,1,1,1,0,5,retail,0
50.0,2,58.8018305608339,44.2254873433719,3.683078490352834,0,0,0,0,4,online,1
37.18400505274923,11,4.019354488471326,6.801630336431944,0.7213289315761193,1,1,1,0,2,grocery,0
120.42292053035752,14,5.037736313238435,1.3273724715967785,1.4024578813570767,1,0,0,0,5,retail,0
60.864386410767246,22,45.10341423016234,5.2986770712700375,4.0923346590871965,0,1,0,1,4,entertainment,1
77.00834000513028,9,21.9027170131946,5.097440816813825,1.18653992493975,1,0,1,0,4,grocery,0
243.3589839609874,21,8.792866436312819,3.552575137598291,1.3946901564047494,1,1,1,0,4,grocery,0
146.66057457917088,10,4.645864873707953,2.442456660397035,0.9054017246151018,1,0,1,0,5,travel,0
2.198465172824418,13,13.306278879798539,1.13025673756304,0.6598982858046216,1,1,1,0,1,travel,0
116.02837591739082,19,9.423980348637706,1.7548171094326537,0.31991928536375536,1,1,1,0,2,grocery,0
117.71591380670854,8,26.718112305801736,1.6174501049199017,0.9791646176077922,0,1,1,0,4,travel,0
182.58748040364605,7,19.441274185016372,0.38698408958598635,0.6989857673734483,1,1,1,0,3,grocery,0
30.376283107157857,11,0.49728067390785746,4.33713134477042,0.8194664900365247,1,1,0,1,4,retail,0
12.179730209683656,14,0.763501667048019,1.2357626897680705,1.2409195714858552,1,1,1,0,1,restaurant,0
74.06542915486413,9,3.68542210081584,6.783822586346973,1.1905695337236373,1,0,1,1,1,grocery,0
167.9645144202749,16,1.5664885750145414,13.109328636463838,1.049490615836582,1,0,0,0,2,entertainment,0
409.9818023184763,4,5.733971533088948,26.978875225203325,2.187335788037635,0,0,0,0,12,online,1
45.75782795441626,16,3.8348628659605972,3.7133871549815782,0.82408775081855,0,1,0,0,1,retail,0
15.178641254164427,7,5.7263008873923384,1.3190961486284067,0.9605184463713679,1,1,1,1,4,restaurant,0
189.0287635895804,12,16.095303239459987,0.8122507956981816,0.7935995328248819,1,1,1,1,4,grocery,0
93.69590067746063,21,1.3878600826529297,2.176725979405285,0.9513260338433629,1,1,1,0,4,grocery,0
151.58176117673966,20,21.122289986844528,9.823693362701412,0.5670976516513947,1,0,0,1,2,retail,0
125.60238291161832,11,4.313082881014986,12.3341308967712,1.4037232603437362,1,1,1,0,3,restaurant,0
324.3441418586581,10,8.927972419802304,1.2752782642052507,1.0980346438556767,1,1,1,0,2,retail,0
62.8815270530324,9,3.791240073090116,5.396405608706008,0.9157462236771065,1,1,0,1,1,restaurant,0
76.45013045973327,9,2.401860665419365,4.104950047564225,0.7521641000447066,0,0,1,1,1,travel,0
50.04050576107151,21,12.369685337119126,1.6603520853317644,1.6089371747759107,0,1,0,0,2,retail,0
100.60751207476827,8,13.224800681909066,1.5406374290198008,1.3037602048189674,1,1,1,0,3,travel,0
41.94535949887758,11,2.4354248656477755,4.979201742260113,0.1540599860403643,1,1,0,0,3,online,0
1.4166586165172002,17,17.763580112406935,4.890088935056128,1.4414382646737105,1,0,1,1,2,grocery,0
60.82349624513551,16,0.5465191927705826,3.426039354805304,0.8070237636434998,1,1,1,1,5,retail,0
56.8200548635172,11,8.057883628046637,6.213242820897831,1.0598279331163987,1,1,1,0,2,grocery,0
49.42808911971933,12,3.2142514235174096,22.65695059485463,0.855394139508893,1,1,1,0,3,grocery,0
22.01092356946964,9,1.7459717209070522,8.637614417438478,0.2639290124335254,1,1,1,1,2,travel,0
200.99196346193855,13,0.3868936005766084,2.043964165539183,0.8123273667099801,1,1,1,0,5,grocery,0
83.46180146082268,1,25.510111882563336,12.120738450253322,5.708333608921682,0,0,0,1,8,entertainment,1
178.46449833578458,8,3.1974566469545316,7.2333701815003195,1.4733866875167443,1,1,0,0,2,entertainment,0
17.750761434301808,13,18.668297194356626,13.669207785640307,1.1290921155907658,1,1,1,0,5,restaurant,0
112.6081148124591,8,5.256202133103708,0.9135262696363824,1.3426249007993478,1,1,0,1,5,grocery,0
84.98443583597333,6,25.914229329030036,10.44996707026261,1.122941514040289,1,1,1,0,4,restaurant,0
259.3718569206553,13,2.8786069793668867,0.1,0.8733678193245953,1,1,1,0,1,retail,0
306.7444103707902,3,5.0,57.80327539897678,2.9254430060400476,0,1,0,1,10,online,1
57.43157858603426,14,38.81291088954962,1.7523941950769237,0.3759689651580499,1,0,1,0,4,restaurant,0
8.719591974135065,8,0.2187828375545532,12.031620919256039,1.2459357805964235,1,1,0,0,1,restaurant,0
16.949249463415654,21,1.089442534215321,0.38899074969181424,0.47265318940590995,0,1,0,1,5,retail,0
11.240324690858685,12,1.3691787928399435,15.179934094228258,0.8899187485376205,1,0,1,1,2,grocery,0
124.21778694731333,4,36.80898446051229,10.683989890804176,2.952582227887297,1,1,0,1,11,online,1
271.1596043375673,15,40.68982877492261,2.564927678726826,1.1196232734697558,0,1,1,1,5,restaurant,0
7.608253780358414,15,7.489867717761044,5.2816815417624134,1.2748994976226558,1,1,1,1,1,retail,0
41.340604074539684,13,25.426276287711712,4.411524978648394,0.7658238525688406,1,1,1,0,1,grocery,0
660.8611275800063,1,5.0,63.887008348565175,3.7387337718515528,0,0,1,1,3,online,1
136.3063781311156,18,7.1078234893070755,2.4272024047863576,0.5474102567451541,1,1,1,0,1,restaurant,0
133.25323414285992,22,2.5707556897360377,0.41427794324923306,0.7906029371428744,1,1,1,1,5,grocery,0
14.733411735169428,8,2.336142501145734,0.39604345027670573,1.0389510594931919,1,1,1,0,2,online,0
69.08822782246561,20,13.568798895089103,7.429127569426816,1.0259245940188604,1,1,1,0,1,entertainment,0
19.780471821961264,19,0.111790355594423,0.4593718842711204,1.0377148950506179,1,1,0,0,5,retail,0
128.0752085854776,13,0.19215698237336012,0.1,0.7499984503406494,1,0,0,0,2,grocery,0
34.08851887667962,12,2.138553427391074,0.31631705476484645,0.9200292965885963,0,1,1,0,4,retail,0
63.6910670069497,10,2.1422242034289356,1.6439552039324732,0.9525060161314728,0,0,0,0,2,grocery,0
104.21179281731142,19,0.1325016847988719,4.854261184313912,1.000801026911958,1,1,1,0,4,entertainment,0
1.0476470041126675,20,11.265635230074896,3.1848633034717313,1.026374690441502,0,1,1,1,5,retail,0
143.49288381667628,14,1.7154095492917527,12.362348416389558,1.034587053095034,0,1,1,0,4,restaurant,0
41.61883261367859,12,7.233039357696476,1.7329399676285508,0.8372406292490908,1,1,1,1,5,retail,0
76.53779463305077,22,1.3538582151915044,1.7328564283334091,0.7346054139603211,0,1,0,1,3,entertainment,0
163.15391449814908,10,0.5356664581314762,2.018632759779206,0.7349767575390819,1,1,1,0,3,restaurant,0
41.85991548407195,7,3.5086870575737668,17.918382389185982,1.5734340282700456,1,0,1,1,3,grocery,0
21.43362875777701,16,1.767168051154977,5.158343446314389,1.0160201946176826,1,0,1,1,4,retail,0
46.43169559118975,22,10.95220049333437,3.6289838453402092,1.1246347074231782,1,0,0,0,2,grocery,0
75.62754544024583,17,14.64166081810988,7.439794909954269,0.49805206850850936,0,1,1,0,5,travel,0
30.86000632289747,15,9.924980517457419,0.1,1.0157328442389117,0,1,0,0,3,grocery,0
176.73851162183934,11,5.356097445275529,2.9405699648492307,1.0607583987020934,1,1,0,0,2,retail,0
117.91119733770915,15,9.281350848209591,0.6832587916615545,0.8719273938648863,1,1,1,0,1,grocery,0
104.81238673703133,14,7.409258033073405,10.338916857611144,0.6283573094647346,1,0,0,0,4,entertainment,0
16.32930358551449,16,0.3422279900500594,3.1267384774581766,1.3163242030449311,1,1,1,0,4,entertainment,0
94.6338221733079,7,3.9445327741134766,0.15044108594092165,0.6281358632685128,1,1,1,0,5,retail,0
149.45895195978946,21,12.379527435572367,1.4830949501811943,1.2109745337426114,1,1,0,0,2,grocery,0
283.39268903313604,0,69.9082117379775,68.7876882093511,1.1393459764509157,1,1,0,1,3,entertainment,1
8.905412112877338,16,11.539010811211117,5.25796566478957,1.1277482586312688,1,1,0,0,4,grocery,0
78.9495890006957,15,8.379454222514282,3.5659423074441072,0.5961524425746744,1,1,1,0,4,retail,0
89.57294231078178,10,51.7946403573638,0.4767552216736174,1.4331810291092686,0,1,1,1,4,restaurant,0
723.8173684272999,2,14.97372106758981,58.590058431538154,3.5333161571872567,1,0,0,1,9,online,1
19.321387639772414,16,1.9557243503780875,0.23096359005269207,0.7975106639087323,1,1,1,1,3,retail,0
101.83634053523151,21,6.867502017867332,4.465355646493993,0.9706255140053903,1,1,0,0,5,retail,0
221.6639510405946,16,10.655616331835818,5.960900908950255,0.4137436164547176,1,1,0,0,4,grocery,0
53.26959352509582,11,8.33427544377053,4.924571551699834,1.0710979183265468,0,1,0,0,3,travel,0
35.70927669662056,9,7.257981125747303,4.910043031624501,1.0249357048984578,1,0,0,1,3,restaurant,0
431.1910487088067,20,1.190071696321286,9.167226821200442,0.9794013358774197,1,1,0,1,3,travel,0
121.78006024547413,22,6.921512166945632,0.5009022658001323,1.7256302079532522,1,0,1,1,4,grocery,0
48.739270861663144,14,4.742190297996961,4.138882285071535,0.844456016046163,1,0,1,0,1,travel,0
73.40669748042775,10,26.11089676170881,6.62874167516577,1.3472431381259984,1,1,0,0,5,restaurant,0
175.6766478784027,18,31.118368511781608,5.176714570148183,1.2048742433721773,1,1,1,0,4,restaurant,0
107.73639597305166,11,4.811575327866237,7.17943331679643,1.4224586816839278,1,1,1,0,1,travel,0
111.66702989304618,9,11.29380434301172,12.340145571441585,0.5408330241414782,1,1,0,0,5,restaurant,0
179.96315922317947,9,3.6689945783489506,1.7166375253588457,0.9153544044894115,1,1,1,1,3,grocery,0
133.16665359675528,21,1.0575249681282342,3.322527977077157,0.8462032490629022,1,1,1,0,2,online,0
30.970384031085885,21,1.785600903170079,6.99892523882566,0.6220114513341988,0,1,1,0,2,restaurant,0
587.1200453500267,12,1.716281096986241,0.4975962972923717,1.6236838071100372,0,0,0,1,2,restaurant,0
142.88973135173092,17,8.541497786315768,1.3808577590924034,1.2910765345985968,1,1,1,0,4,restaurant,0
94.42081436050395,11,2.7194735163371697,14.671999383109897,0.6837814922790812,0,1,0,0,2,restaurant,0
103.37374092905387,11,7.736470760214093,9.80714348356366,0.8774334684728984,0,1,1,0,4,grocery,0
5.251512194555562,22,6.935968435142714,2.075924890170745,1.5075250676424345,1,1,1,0,3,restaurant,0
1.789755818757909,18,10.01617503974067,0.4908933152320061,1.129158360838261,1,1,1,0,1,restaurant,0
106.9794444428097,11,1.8355910974156073,2.0593110634615637,1.4404647017406367,1,1,1,0,2,grocery,0
7.562060621121834,10,4.5594840860400385,5.8351847261078715,0.4660289906978411,1,0,1,0,2,travel,0
1.9591353016424253,19,12.806649490920016,2.0212918806700593,0.7984913926657359,1,1,1,0,5,entertainment,0
28.22456092702232,11,2.247243028700021,1.2253412503248438,0.1,1,0,1,0,5,retail,0
39.19332895732509,13,11.123910143876788,7.129879238262946,0.893526208727906,1,0,1,0,2,restaurant,0
5.716072600682582,16,12.87631342151191,2.883971438926906,1.2803968095392866,1,1,1,0,4,travel,0
392.3054584454033,22,7.864646253476567,1.232597174066454,1.6266397158823431,0,1,1,0,4,retail,0
202.91066414514114,11,3.019957574802257,0.3730538646854565,0.971980262908175,1,1,1,0,2,retail,0
88.87073739360551,6,6.415202585403056,0.9596712435768291,1.255571757950937,1,1,1,1,5,grocery,0
34.228587447467326,9,8.865917413727074,0.1631917265835152,0.8857829472667575,0,1,0,0,1,retail,0
24.119425063781613,6,0.735233032080609,8.879414305801948,1.0495306326445906,1,1,1,0,4,entertainment,0
36.07669485050481,6,0.1,4.252122397511212,0.45387763193953934,1,1,1,1,3,retail,0
69.72862928440037,10,22.24952778379565,4.019042026089699,0.4872004847703435,0,1,1,0,3,grocery,0
12.351172257847622,22,43.98628462839152,2.037472963871883,0.7043231795345072,1,1,1,0,1,restaurant,0
35.22862021416199,11,11.26205497733684,11.940624464133398,1.2036394458377442,1,1,0,1,3,grocery,0
9.800632554628558,9,4.095500093443048,6.653604856278072,0.620893485703349,1,1,1,1,4,retail,0
3.8482435054999176,20,29.683149819519965,0.5834103628305232,0.928169127927805,1,1,1,1,5,grocery,0
6.61894401444396,14,2.4726569216214416,3.302853983998607,0.8679706848512287,0,0,0,0,5,restaurant,0
107.02542207789324,12,4.66453212703137,5.640877565465554,0.6860880154018519,1,1,1,1,5,retail,0
14.80378752524647,10,12.613363545512104,1.8245811533750134,0.537678288962267,1,1,1,1,3,grocery,0
81.94694984757157,8,18.632251273843544,6.022424322641501,0.7192054819375151,1,1,1,0,4,restaurant,0
100.24955993403212,9,8.545005014114912,15.935521335728675,1.3893008909419784,1,1,1,1,1,grocery,0
6.154341241103708,16,8.944191791797508,17.720216210269736,1.2123773050469948,1,1,1,0,5,restaurant,0
120.96010209277112,9,24.358306489805962,2.0473698433707006,0.8668867263924527,1,1,0,0,2,retail,0
44.30257289502145,11,3.4714146545689855,1.514771118273689,0.9387928779753469,1,0,1,0,4,retail,0
26.74660331192174,10,9.976247666811883,1.2707650740627963,1.1512287023930279,0,0,1,0,2,entertainment,0
655.0244565673684,22,174.04593533295295,67.98731764415383,2.0888596099360353,0,0,0,0,13,online,1
40.3417023635732,7,4.198355301139015,0.7364346337716112,0.9363104177663248,1,1,1,0,2,retail,0
113.1645603434184,23,8.962562055036651,14.246990030193004,1.4294757518270416,0,0,0,1,13,travel,1
23.804097913142837,12,0.33896856834553124,4.925378638311203,1.4218719297305693,1,1,1,0,3,grocery,0
149.07629423744174,9,9.401099291266542,8.59921757422063,0.9762283621486032,1,1,1,1,5,grocery,0
13.916501029977251,20,1.002662183253912,0.5178875552175926,0.7539943108643488,1,1,1,1,5,retail,0
182.55923957287737,22,12.763017641651748,11.445174300959039,0.5257900518251739,0,1,0,0,1,grocery,0
39.05832286449999,15,7.088760020714382,3.7000474656926934,1.5152544786225652,0,1,1,0,2,retail,0
126.59079121580943,11,23.328043665585668,12.369998102290863,1.0911824402139199,1,1,0,0,3,online,0
43.66515052355294,6,6.981192662044759,2.0462468153471045,0.5708687803840626,0,1,1,0,3,grocery,0
87.82151081339778,20,22.507630945554617,2.6399042249481814,1.2364647895245104,1,1,1,0,4,retail,0
5.698536329060797,15,6.104601032348106,2.102089881790565,0.9797406659797839,1,0,0,0,2,retail,0
26.099250622575006,13,12.633087823933737,5.401802698968164,0.3401985172760271,1,1,1,0,2,travel,0
184.1344748331558,15,5.440412399459972,15.160473514106481,1.4008239897174555,1,1,0,0,4,restaurant,0
31.67266754426851,18,7.882163542119848,4.519721979338403,0.9326778590916529,0,1,1,0,3,restaurant,0
102.5409442452643,15,6.704343606043812,2.223612858926681,1.1978888761941302,1,0,1,1,1,entertainment,0
5.756108858530387,13,11.466072026884277,14.72034988995947,1.691573312035648,1,1,1,1,2,retail,0
46.195946715094976,12,6.612478826291767,0.38513483513292623,1.6315603267941539,1,1,1,0,4,grocery,0
7.068506389340545,12,25.01616320558359,7.733157003247491,1.5038266390671273,1,1,1,0,3,restaurant,0
111.34479102618796,16,14.656037224093712,24.752795666652837,1.4214640242034398,1,0,1,0,2,retail,0
31.049709483724456,14,0.7260857025235319,6.912281784719994,0.20005352746739857,1,1,1,0,5,retail,0
784.0210235366054,2,124.22988935384048,67.04272325859347,1.4020789856554692,0,0,0,0,8,retail,1
162.16159401526724,15,23.01066307004623,1.161367173373911,1.1569355461456752,1,1,1,0,2,retail,0
99.75081616026543,19,22.169656925026835,1.7409064624589623,0.73675221191752,0,1,1,0,3,online,0
104.9396419354249,9,8.80610000682741,2.2196047798631553,1.1865791098079865,1,1,1,0,5,grocery,0
4.118231256686898,18,14.383139148606862,1.5536823875915275,0.7740945020207737,1,1,0,0,1,retail,0
5.143722402170124,17,9.439898929997675,0.1,0.9477946133035593,1,1,1,0,1,entertainment,0
50.0,5,221.11962134594955,37.17910694904259,4.627622555701734,0,0,0,1,14,entertainment,1
9.554987398487537,14,3.3486691994359448,8.223075995131948,1.422117369264135,0,1,0,0,2,restaurant,0
10.847417175347388,18,17.547266736458067,0.18364095020912946,1.3506904583245947,1,1,1,0,4,restaurant,0
76.36245724141742,14,46.443453807921316,5.352697784492372,1.2141481378989707,1,1,1,0,5,grocery,0
848.0241042365641,22,273.7625623951858,7.0826235717440085,4.037414740784431,1,0,0,0,4,entertainment,1
59.2453674522601,3,63.216664610305735,30.72945089679496,5.884075476432892,0,1,0,1,13,online,1
1.0,20,14.867720127930415,0.38382288633517403,1.0887166880136676,1,1,1,0,5,retail,0
104.99028504585124,11,11.080528946101804,6.300949783458366,1.0041648003465382,1,1,1,0,4,grocery,0
13.698336403786104,10,12.229015623875359,6.290866285997696,0.4125769935851017,1,1,1,0,2,entertainment,0
1.6925074671754152,21,1.7234294679677613,0.8182142007831459,0.7603902202703146,1,0,1,1,4,restaurant,0
71.92408229428933,15,6.473867039665716,6.676266894872977,1.003855920746681,1,1,1,0,2,grocery,0
128.24235590754878,21,2.0624370031639736,3.8881209134834824,1.0729243098014123,1,1,0,0,2,restaurant,0
15.341134565258983,20,39.16990478316444,3.6429937330130766,1.0377746173051101,1,1,0,0,4,grocery,0
246.19761242101086,1,129.21805419769947,12.984592814057228,2.437444569284358,0,0,1,1,13,entertainment,1
100.03132515360817,9,0.5140427581415266,0.31035222347191854,1.124561747039489,1,1,1,0,2,grocery,0
7.196791271704424,6,24.689553934156887,1.6145316356944306,0.7873660293305316,1,1,1,0,5,grocery,0
24.652811828706493,9,8.111084358076788,6.102540752146007,1.4415936999286487,1,1,1,0,5,travel,0
52.76065926301672,13,11.194210772662665,0.1,1.2873895551682084,1,1,0,0,2,grocery,0
116.3149192412621,15,15.728588647028502,3.9708909972414377,0.4137650186706292,1,1,1,1,1,travel,0
194.90379224173108,2,20.383810255349527,71.1105972269489,0.7851472027876598,0,0,0,1,6,online,1
7.137075012040251,14,2.377691449749742,7.58027678678652,0.7349517739257578,1,1,0,1,2,grocery,0
129.96894915034858,7,3.3492353303979283,0.86428520862542,1.1890789576418064,1,1,1,0,4,retail,0
33.357923441838196,18,15.482601514664216,3.137340472308856,0.4972611221982782,0,1,1,0,4,entertainment,0
9.412472390245801,15,1.369942532528461,4.391330399097134,0.9153991752008362,1,1,1,0,4,grocery,0
16.519638108691126,6,8.237244337517192,0.13848303555437846,1.4302608771258984,1,1,1,0,5,travel,0
70.20884180282397,6,3.2874585816175834,4.802178034208878,1.573748487026978,1,1,1,0,2,retail,0
190.66999087012178,19,9.467006197767091,11.007187489961296,0.8548464434443507,1,1,1,0,5,restaurant,0
30.463870616552107,17,3.2800187094319404,2.4616182140253184,1.3048934681644266,1,1,0,0,3,retail,0
169.90284709051562,15,10.455391699399549,7.479405366357501,1.2186891656863719,1,1,1,0,1,grocery,0
131.80356094660672,10,1.559108800858138,7.637803960874297,1.3690420542458392,0,1,1,0,2,grocery,0
13.567703353168415,7,1.1702199304509575,4.550091396134947,1.1468635186439675,0,1,1,1,5,grocery,0
7.661487410107347,15,5.434488521995994,9.442414138076629,1.1664505404339947,1,0,1,0,4,retail,0
63.42209977120289,2,18.456931239630123,59.995700535884836,4.941045918100054,0,0,0,0,5,online,1
132.7217865869636,18,24.039305941391113,0.4991182075068901,0.9763174183123293,1,1,1,0,4,travel,0
43.27073548729135,14,8.4015189436458,0.5927032953679984,1.2994184546429093,0,1,1,0,2,restaurant,0
138.31845711853754,6,6.785822181308499,0.6481124697265326,1.4599161047816365,1,1,1,0,3,restaurant,0
260.567096497635,20,5.937234542399351,13.6953067839679,0.9842711839025416,1,1,1,0,3,grocery,0
50.93533702176615,14,1.7953416665175332,12.863842160231583,1.099009466179989,1,1,0,1,4,restaurant,0
38.96841429768175,15,28.507779476002028,3.74975076585777,0.8380824874022772,1,1,1,0,2,restaurant,0
44.89206282632679,21,29.353042710586557,5.166080620207435,0.4830354072321539,1,1,1,0,2,grocery,0
21.147421659700726,9,7.385061275108309,8.61664534054887,0.93037125702467,1,1,0,0,5,travel,0
137.4097502587781,12,14.415740985119843,6.911106004432698,1.0408610571625672,0,1,1,0,2,restaurant,0
58.56098576204278,15,1.4544489080496805,1.9279364060770448,0.6762805434894632,0,1,1,0,5,grocery,0
44.42169290533566,21,3.2261347919106864,4.754492897987898,0.22621588066351017,0,1,1,0,3,restaurant,0
97.75516486197903,5,51.805138261356504,57.20281102633129,4.0722496628478355,0,0,0,1,8,online,1
20.548605442892107,15,1.1752375394608707,0.19988984278708363,1.7254381965769476,1,1,1,1,2,travel,0
114.07606872668309,23,154.12260099968753,8.600871899203543,1.764850279788797,0,0,0,1,13,online,1
148.81527099198473,16,16.200765382805756,8.975262233470826,0.5092940744440391,1,1,1,0,4,retail,0
272.2581011605572,7,24.614615015273053,3.7327967868508622,0.8458388596492119,0,1,0,0,4,grocery,0
6.289268275933586,12,6.790059991342185,9.132436552341153,0.8096076867320533,1,1,1,1,5,retail,0
192.15232139189143,7,1.8949998448907044,4.584040048104507,0.8627824809520365,1,0,0,0,2,retail,0
21.757805840756717,19,24.34438887734696,1.7065751470929766,1.035834816057939,1,1,1,1,5,restaurant,0
184.81726056864056,18,3.6394651423984516,13.793594392642072,0.5717792859518587,1,1,0,1,1,grocery,0
14.322503209538288,15,11.327986416396529,1.1464333787107408,1.1768404476038625,1,1,1,1,3,grocery,0
70.46688518591532,8,5.069163720622187,0.6582578782494496,0.9614125719000757,1,1,1,0,1,grocery,0
33.04364529648844,12,11.174704023649502,10.648556644552551,0.7768010397697533,0,1,1,0,4,restaurant,0
68.8124722113268,8,6.120822593997099,15.186931877756757,0.39302030710344804,1,0,0,1,5,restaurant,0
76.0929311980059,21,1.0931604193025692,0.20640834771017944,0.41708382757399676,1,0,0,0,5,grocery,0
87.20193155215824,14,4.913679900306026,15.800603286565646,0.531670100125879,1,0,1,0,3,grocery,0
4.604087755839249,17,8.536837619300524,9.713687575726112,1.185779359309553,1,1,1,0,3,grocery,0
20.891180641481434,16,5.59929634452134,1.4879750791606066,1.5566410652287797,1,0,0,1,4,travel,0
271.91384612442073,7,2.2234978111709847,13.013648533445071,1.099973685204455,1,1,1,0,1,retail,0
129.71923244630426,17,12.463611802311528,2.790009222227798,1.0505560615964835,1,1,0,0,4,grocery,0
44.56461541988915,12,21.534618561863077,0.8213379028515756,0.332290457839009,1,1,0,0,2,grocery,0
32.36006741604191,14,0.7483030744447863,17.314108340071115,0.7208100724467128,0,0,1,0,5,retail,0
39.57499705539131,18,6.184154226749694,4.282842768678454,0.9460945245451606,1,1,0,0,4,retail,0
14.664090810806156,21,13.599075499786917,5.428980270729118,0.6516422788197538,1,1,1,0,4,restaurant,0
24.012417456047544,19,13.246925268207201,19.83103352568506,0.7742820582881498,1,1,1,0,3,travel,0
202.1603411425797,1,74.57296337207117,20.79183395759163,1.8770735714725857,0,0,0,1,5,retail,1
464.0603262626792,3,59.90224280543587,14.98437409437741,1.5455629851467627,0,0,0,0,6,retail,1
22.33635985248784,14,5.60285708689182,15.997115391201426,1.0578689707740172,0,1,0,0,3,grocery,0
8.709043466301253,9,15.956171906050656,0.7888788950208785,1.1040539809548557,0,1,1,0,4,restaurant,0
41.96039292031547,20,2.6090341341736387,2.8003245288039347,1.3444234018559114,1,0,0,1,1,grocery,0
82.73473912535711,2,83.31035446687463,29.646909387419583,1.6346061630306468,0,0,0,1,6,online,1
31.051641197109916,21,5.344366547380986,10.26917692053048,1.4927801737492141,1,1,1,0,1,grocery,0
81.57104883183834,1,16.254329466262515,18.454375244194242,3.563198219069938,0,0,0,1,5,grocery,1
60.03026375702394,9,42.446918133398526,2.5850083653036156,1.2696401064648606,0,1,1,0,4,restaurant,0
100.81442406971428,11,5.16357375720801,8.514909374815668,0.76417471826562,1,0,1,1,4,entertainment,0
53.30353810314107,22,1.1470931009930616,13.595125985378129,0.5473223780191373,1,1,0,0,2,entertainment,0
301.6982144849705,1,110.65581192676255,113.67252605274967,3.397941941051913,0,0,0,1,11,grocery,1
18.93509991964478,14,15.971190981486433,1.2614028794048635,0.8932324299270387,1,1,0,1,2,travel,0
118.08819382064682,8,13.673857836851411,5.5100824452891235,1.515857234239169,0,1,1,0,5,entertainment,0
77.90156827159608,17,0.6191403531785118,5.752955148406991,1.1731423747434495,1,1,1,0,1,restaurant,0
115.3803602986109,12,11.791029106753232,0.7664962606495113,0.8803783916075868,1,1,0,1,1,grocery,0
10.930986818312569,17,3.8207794180752574,6.518536326442872,1.2371885850107482,1,1,1,0,4,retail,0
4.629339323666134,14,0.7578306712944629,8.75324869500669,0.7520811807251865,1,1,0,0,2,travel,0
63.244409791677406,6,14.299104144209744,0.8917861957576865,0.8270453007732881,1,1,1,0,4,retail,0
115.73484394558278,20,3.5128273897271374,10.124517647802962,0.6633266397411539,1,1,1,1,1,restaurant,0
30.438636251118993,6,12.911932950775753,5.77582943398558,0.4504134109421245,1,1,1,0,2,travel,0
227.05017169863993,11,14.62208045419662,2.286438045116195,1.4495409534634296,0,1,1,1,2,grocery,0
88.19034973077513,14,25.923335441437494,3.744296835002121,1.3350068924131375,1,0,1,0,2,restaurant,0
61.12341915465318,22,22.318099583625806,2.0361502667725624,1.5882432076095578,0,1,0,0,3,grocery,0
94.08411300028862,8,10.437837451542432,5.706755784641636,0.6973113761187439,0,1,0,1,2,grocery,0
203.9548303415524,19,0.6710896452741717,0.8121869555224276,1.2170506507131302,1,1,1,0,2,entertainment,0
25.093968950283507,16,21.34091660322404,1.2003432174911557,0.8833215604181492,1,1,1,0,4,grocery,0
62.23283541557937,10,35.88689736097143,2.710031847237613,0.5895680596210346,0,0,0,0,1,grocery,0
342.5125393969619,15,6.925332062227159,4.38703224151077,1.4117592554581497,1,0,0,0,3,restaurant,0
22.170502622777455,13,15.985688085003297,2.706867500332904,1.148281868192185,1,1,1,1,2,grocery,0
51.5622573965977,22,36.88498137572212,2.0429596678516746,0.6739779785111868,1,0,0,0,2,retail,0
114.36141975230922,21,13.994879231767715,7.274008973819964,0.9522912326073025,0,1,1,0,3,grocery,0
142.47426695696242,19,12.319499594541572,1.4567892489988268,0.9603780683371888,0,1,1,0,2,retail,0
71.54870108591953,18,23.530200226637767,1.5536603184510338,0.7994534560346777,0,0,1,1,2,retail,0
19.641337853916653,11,9.334568161427159,1.915263822296738,0.5123905497936065,0,1,1,0,5,entertainment,0
309.18001760564186,6,0.2699273493173051,12.484084232061113,0.9211880854765254,0,1,1,0,2,restaurant,0
50.0,4,170.16901707169512,80.48980520943736,4.170665064909648,1,0,0,1,13,online,1
116.29875662934131,14,15.695052544810304,1.3018913181442826,0.9251345162811352,0,0,1,1,3,retail,0
136.92999027294175,21,9.03537034344639,6.063628490134083,1.2383638858641892,0,1,0,0,5,restaurant,0
58.74585440373042,10,0.47945176368138503,1.4417872043874023,0.6934166292515167,1,1,0,1,5,grocery,0
12.307511598888041,10,13.823344290045599,0.7750354722129777,1.4214370881003358,1,0,1,0,1,retail,0
147.67305659469076,8,1.8220106415477153,2.4337697047245945,1.197562319862237,1,1,0,1,4,retail,0
108.1695881858673,13,8.158689577446047,17.2018852162298,0.9756316500542027,1,1,1,0,4,entertainment,0
61.534469746213034,21,14.0216582617647,4.3233193818008475,1.5816289000968649,1,1,1,0,5,travel,0
23.356754009791466,10,18.74915364249373,6.130764959089332,1.559681434028536,0,0,0,0,1,restaurant,0
45.15241800781468,20,16.010389514784418,1.8896989502350838,0.7759173730599109,1,1,1,0,3,restaurant,0
380.1792554197652,4,5.0,279.95168921775655,4.8216914456287965,0,0,0,0,7,grocery,1
4.534224149879988,18,5.128763600566687,3.6638413353723083,1.345705827421535,0,1,1,0,3,travel,0
305.94872275430396,22,88.10460337983714,35.70774520804553,3.2856719335534343,0,0,0,1,6,online,1
88.53519016079909,7,2.491899241719861,2.096706374042225,0.8228467667279569,1,1,1,0,4,retail,0
36.604229106464885,7,0.664620027936081,0.2399713727089352,1.3735579865592678,0,0,1,1,4,travel,0
48.3254159773261,6,4.268976144271831,1.3452366086203575,0.7888637997201071,1,0,1,1,5,travel,0
181.66011594847322,7,0.6584425503846851,1.2502871643740754,1.1728432832383038,1,1,1,0,3,restaurant,0
94.58267900351859,21,0.5817051034518699,1.3311395504702435,1.1062273390561985,1,1,0,0,1,restaurant,0
22.584547951611277,13,23.147460975870633,4.111026828008784,0.6334435514185066,1,1,0,0,5,grocery,0
51.43512116540194,14,4.728360210099102,2.2286119492620977,0.6204014391334585,1,0,1,0,2,restaurant,0
22.661093388629354,13,13.542938242700004,4.541607066003984,0.811989076285745,1,1,1,0,2,grocery,0
46.901382569734665,16,2.094566474930231,2.47759142461871,1.0886970830421248,1,0,1,0,2,restaurant,0
50.0,23,11.476774558619045,31.198203162864992,4.436558423437567,0,0,0,1,7,online,1
29.882825218914853,14,8.266114063629002,2.206511255024313,1.5626878672540405,1,1,1,0,5,grocery,0
35.21288480610184,7,5.392705450077071,1.6234113412176177,1.2525245371696798,0,1,1,1,5,travel,0
43.43113379786797,22,5.637636590945492,2.1796993854970466,0.8348773587680843,1,0,1,0,4,retail,0
161.2851870283495,10,6.031837611895434,0.1,1.4644093343706908,0,1,1,0,3,grocery,0
31.95720485371701,22,1.9339144904058312,34.38973107804714,0.7636807796281961,1,0,1,0,3,restaurant,0
17.898402637512635,11,5.5367005205399975,3.387518464210393,1.5169435942284741,0,1,1,0,4,online,0
13.159305610107271,18,15.28944777962388,1.5532684750738595,1.2276997401731156,0,1,0,0,1,grocery,0
40.91004445083225,12,4.738367429263703,2.7702993441257746,1.3762899557633959,1,1,1,1,5,grocery,0
253.74693756478285,20,9.049934934288153,7.663153771777772,1.1966089363824572,1,1,1,1,5,retail,0
137.49387890052935,17,13.89452047183132,4.2518640863134305,0.9210181164173555,1,1,1,1,5,grocery,0
81.3384952355589,17,11.864027897934989,4.384850148523643,1.5258305385218707,1,0,1,1,4,grocery,0
6.724060114205603,8,4.513042687978554,1.1135308068286567,1.2614843228622261,1,1,0,0,4,grocery,0
293.3359743608644,8,0.623137888314972,0.5369206839196614,1.385533308615545,1,0,1,0,3,retail,0
81.95598107166546,18,3.0039538383011113,6.809072480774629,0.7611607730010281,1,1,1,0,2,grocery,0
74.74319620313318,17,2.3999970560596475,0.16110831338909515,1.1188139945598239,1,1,1,0,3,travel,0
17.942670021896227,20,1.6848933035035365,13.222501027214538,0.8425969602144665,1,1,1,0,3,entertainment,0
54.271574186811094,11,1.5207823725992458,9.713101052618867,0.8680504917003166,1,1,1,0,5,travel,0
10.090660274956672,22,0.14410828791711858,0.8643271952974263,1.0365739490573398,1,1,1,0,4,restaurant,0
10.741366646254384,7,3.432080492469138,1.2207648139456242,0.6876955855296298,0,1,1,0,2,grocery,0
75.26664061753918,15,3.9302393577554255,18.99997097983129,0.6492032709949651,0,1,1,0,4,restaurant,0
42.034482869846926,22,22.604944818588137,1.3493300974990001,1.1737531747382188,1,1,1,0,3,travel,0
97.1269581504684,19,7.311529140970439,6.868414612626931,1.088049892215072,1,1,1,0,4,grocery,0
13.059036500117687,6,5.789115253854482,0.8415722223591825,0.7245895874260206,1,1,1,0,5,restaurant,0
75.2902845179464,21,1.7345188172993762,0.7233994510821109,0.6793479061477521,0,1,1,0,5,restaurant,0
29.14324401511857,15,7.24215723407303,8.518038171171964,1.081566528113455,1,1,1,0,5,travel,0
59.97003168172219,19,11.013022086195823,14.728048147729956,1.0606203580467246,0,0,1,1,4,retail,0
170.7561721806556,12,17.378630718296595,24.634647232487552,0.7485173942064755,1,1,1,0,4,grocery,0
79.03773643696613,8,4.855975851066763,0.9350921685935276,1.2754095546182684,1,1,1,0,4,retail,0
86.85104285279154,7,12.917131618509732,5.85197712851521,0.812059338384165,1,1,0,0,2,online,0
79.7069328682982,21,2.53184802477581,3.1189445675098275,1.3711847158420802,0,1,1,0,5,retail,0
30.804710248399147,20,9.062680258873076,13.866476497920303,1.0385888288925793,1,0,0,0,3,retail,0
171.83380451300678,10,0.6070197057472029,5.708310699680558,0.7267140186634943,1,1,1,0,5,grocery,0
101.60951517831731,17,6.9327184151021495,7.5759452770726075,0.8433399562181845,1,1,1,0,4,restaurant,0
142.34496726497633,13,29.086476514063143,4.178520466176691,0.7984638033049941,0,1,1,0,3,retail,0
161.4840638487131,18,11.09186070765195,1.995625737427915,0.7547362991853652,1,1,1,0,5,retail,0
76.92960538305601,12,23.229847532722946,1.5017075026849058,0.8407843001182644,1,1,1,0,1,grocery,0
7.972296950026525,19,44.5715475890274,3.6854429833108835,1.3800643936427586,1,1,1,0,5,grocery,0
78.26083685409968,23,73.73992563135351,14.132707996718539,2.4413368930147428,0,0,0,0,12,travel,1
18.442392145511256,22,5.146852645629741,0.15432631468814362,0.9939875474339501,1,1,0,1,5,entertainment,0
25.045199770186215,8,11.642784374737476,0.1641193721678437,1.255007709445834,1,0,1,0,2,retail,0
9.55589575564829,7,5.352848690343403,3.9014884288711955,0.611762853423327,0,1,1,0,2,retail,0
87.97787817484192,8,23.193591407734452,9.82224788644744,0.4516893740028546,1,0,1,1,4,retail,0
9.982333133920642,21,9.774269654393958,0.3085642640493543,1.186200524617398,1,1,1,0,2,retail,0
134.96589722317077,21,6.045318100955947,7.153824435494974,1.4840546198397795,1,1,0,0,5,online,0
66.60843101669263,18,5.788230646004095,5.631523833969875,1.2755631421969902,1,1,1,0,5,grocery,0
202.75269736887734,13,30.8432009214685,21.232611803078395,1.2030621948158828,0,1,1,0,2,travel,0
54.62818070312799,13,15.305928019816069,6.027026473556672,1.2263273344708756,1,0,1,0,2,retail,0
199.73950141653296,11,8.852432100703657,5.480069486698208,1.0347587563869909,0,1,1,0,1,entertainment,0
19.994699018362603,15,13.525497330930138,8.715530945024959,1.2376715524387278,1,1,1,1,3,retail,0
25.173970527613115,16,33.22606197255554,0.9901654692063587,0.3695151043686571,1,1,1,0,3,entertainment,0
340.69098626717664,21,6.371796903646283,5.636730266061525,1.138917019726848,0,0,0,0,2,grocery,0
91.06661189011577,20,5.055917947451888,0.5892267571044991,1.2541940277134822,1,0,1,0,1,retail,0
59.28644726272735,13,59.924664413152364,2.465422145636541,0.8346518771951313,1,1,1,1,2,retail,0
9.379510807902188,20,0.8593540595862066,11.70361332886358,1.4873754938142565,1,0,1,0,4,retail,0
95.05574045307783,11,1.6723931599196573,4.857077268655862,1.1499856178967345,0,1,1,0,2,entertainment,0
153.3909613743535,8,8.390763624241991,1.1248194899456332,1.1307065396588503,0,1,0,0,3,grocery,0
45.53980356591435,22,3.219838914883128,1.0657009573229315,1.8609185876218914,1,1,1,1,4,restaurant,0
1.1588689097631475,20,20.05574432159512,1.6420988982035043,1.068591181004676,1,0,1,1,1,grocery,0
10.540910247508533,20,22.92546212121881,5.908725335875458,0.7609400466991916,1,1,0,1,3,restaurant,0
40.9077722688454,9,7.993596930826516,0.41607641588345645,1.0056258178032011,1,0,1,0,3,entertainment,0
1.996252902597199,17,2.119341502299102,11.06105287369864,0.6777898096983936,0,1,1,0,2,retail,0
51.60329510582837,18,4.781857246742565,2.659036427517033,0.8069014604211994,1,1,1,1,1,online,0
142.04856569134384,17,16.907342804078244,8.884737044382264,0.9532556081155379,1,1,1,1,5,retail,0
410.84202540479555,0,252.94948433228356,3.629527959599522,6.621118004189879,0,0,0,1,3,online,1
62.74002404939071,9,9.761972657614502,0.8650988494873582,1.4578312965188844,1,1,1,0,2,grocery,0
115.9042695350224,21,6.023381163480478,3.262763064614511,1.1959946631186713,1,0,0,0,4,grocery,0
60.996386768821154,14,25.072768148178728,1.2957197071538515,0.985599277542926,1,1,1,0,5,retail,0
3.8563674736198017,17,9.796499553555476,7.490423199234369,1.0922856518942479,1,1,0,0,3,restaurant,0
31.673785774103887,19,9.825429032769918,14.100199252820428,0.72961842470102,1,1,1,0,3,restaurant,0
157.08662497233763,10,1.4826775228035411,5.585944253304419,0.8837518021217581,1,1,0,0,3,retail,0
372.17975430686965,23,109.8991161608269,50.80746166686302,4.337251701143547,0,0,0,1,9,online,1
233.17126675085757,22,11.386739088536261,2.304889601329222,1.0553734306151796,1,1,0,1,3,grocery,0
65.65854334029319,7,15.591941040650894,1.0693527549804127,0.9248827347764225,0,0,0,0,5,grocery,0
40.05212519166871,11,1.621395962424956,4.765537721221561,0.1,1,1,1,0,3,entertainment,0
138.3737768146002,17,12.990738620661592,8.633726024393988,1.168394090249051,1,1,1,0,4,entertainment,0
24.273018508510656,9,12.47944860518406,1.8014221982162457,1.606782466331811,1,1,1,0,3,grocery,0
27.19128513970695,13,9.228934830254378,1.2149282346785064,1.3404144335080166,1,1,1,0,4,restaurant,0
30.858834093160663,15,12.275723069826503,3.2642130543756886,1.0967235566228568,1,1,1,0,4,retail,0
106.26348630115203,8,9.984147344932152,5.41803016225736,0.9621431632252851,1,1,0,0,3,grocery,0
462.23791432878363,23,45.90041567566709,105.41948432431703,1.5572536331013036,1,0,0,1,3,online,1
50.0,22,75.8537642233078,21.789861471549894,2.5466366941983503,0,0,0,0,4,travel,1
126.95541143330802,10,12.243149225789677,5.011782828724928,1.0369756781661894,0,0,1,0,1,grocery,0
50.0,2,17.696213823937498,105.51143444141158,5.193168332247993,0,0,0,1,11,travel,1
43.21963829276285,21,5.676750606628151,18.68096447219384,0.9061446053659972,1,1,1,0,2,grocery,0
50.991592611344,22,121.53162966726809,59.85193745324927,4.452118384466651,0,0,0,1,14,online,1
17.744533606566325,13,12.512302174591666,1.4128919921172218,0.939603071139971,1,1,0,0,4,retail,0
2.088596138949855,17,7.174416284874152,0.847800770184613,0.5480191244624264,1,1,0,0,1,entertainment,0
252.9082855818979,18,1.9261174472865021,0.5470703148394372,1.0082190805626887,1,0,1,1,2,grocery,0
9.888628589585784,7,7.313932161329168,2.849299061832839,1.6059386115396443,1,1,1,0,5,restaurant,0
3.9316677180577315,6,14.09923853067693,10.310932838131484,1.3293215857349154,0,1,0,0,4,online,0
65.75859903091043,10,61.6479595865583,0.40449120354033263,1.0558713278367615,1,1,1,0,4,online,0
207.48668459802045,7,12.339411124048947,2.3143801176645433,1.1739728183793905,1,1,1,1,3,retail,0
195.1648101678856,19,12.588290734281529,4.33234473758559,0.7043098856640713,1,1,0,0,4,retail,0
7.186133503373525,15,1.0846040263256074,5.1759143706468045,1.2273886907759102,1,1,0,0,5,restaurant,0
72.72865108839292,11,4.659861620913556,3.889594368626218,1.0699913282475555,0,1,1,0,4,restaurant,0
70.87925005270515,19,5.501758156584299,14.078384751548509,0.7514427220121418,0,1,1,0,3,retail,0
234.18088935553203,9,15.45896127658982,0.6661890536885772,0.7908663588910068,1,1,1,1,1,travel,0
98.50000493636722,22,1.7745391310165368,39.100048339546085,0.33510047841659274,1,1,1,1,4,retail,0
210.5801205139365,12,0.17788693735159783,0.38532295592072263,0.9672134846492123,0,0,1,0,2,online,0
137.74143696624546,11,3.265409574207065,2.689588242608709,0.6054492584740171,0,1,1,1,5,grocery,0
65.09895936481823,16,0.8455067915203982,10.896542986777222,0.8919909951139532,1,0,0,0,3,entertainment,0
3.271516964477377,19,2.3978663574710746,6.897630962770231,1.1344596184132096,1,1,0,1,3,restaurant,0
233.08074647395364,10,7.696159670725685,1.3088977364882965,1.47511293147619,0,1,0,1,4,entertainment,0
121.84613136202246,13,2.6394450057072634,0.1,1.20220802658065,1,1,0,0,2,retail,0
6.010337966931573,11,3.6663256229027668,1.7594413199986692,0.5139340623085229,0,1,1,0,1,retail,0
39.66261320521642,19,10.8275658254713,0.9703975736884058,1.031480781815722,1,0,1,0,3,grocery,0
44.300529540688586,18,1.8852014235424277,8.470969488130912,0.9260296132642606,1,0,1,0,5,retail,0
18.77534465992192,12,24.307623469357903,3.8212229657618693,1.215106868523125,0,0,1,0,5,restaurant,0
56.025035377768106,7,2.3038284432102354,2.1437308929297103,1.2644337796823977,1,1,1,1,1,entertainment,0
62.063505451339225,9,2.71923141973043,3.9578908877792744,0.9310615928508503,1,1,1,1,1,grocery,0
26.564191444964194,10,4.135052307757934,6.786393738610592,1.1487639486794006,0,1,0,0,1,entertainment,0
28.909851464576594,6,0.1756832722464763,4.444554780746937,1.3524709377624606,1,1,1,0,1,grocery,0
255.58184352572997,17,1.3426420633502323,2.634414699937346,0.6145168050922416,0,1,0,0,3,travel,0
44.6252524820014,6,8.608020892867378,1.3491877171055262,0.8245643844573107,1,1,0,0,3,grocery,0
214.5378819178991,14,5.3132267169271525,4.134500259920552,1.345153471166712,0,1,0,0,1,grocery,0
7.320685366363604,17,15.761951269266252,0.4866604129471835,0.9605574469136502,1,1,1,0,3,travel,0
52.715311795702505,20,0.9889679375957906,5.49500545070098,0.927448652512836,1,0,0,0,4,travel,0
11.063707545047093,11,9.623929932320982,0.7222519285574752,0.8089952548830014,0,1,1,0,4,grocery,0
54.86557082254293,20,2.61155689626675,0.8702324296919364,1.3290712169270569,0,1,1,0,5,retail,0
121.61234328985279,12,6.806638317193622,3.69453116829754,0.9622321973512223,1,1,0,0,2,online,0
24.201841993529314,12,7.220552499967034,6.916922707286531,0.7636752142634581,0,1,1,0,4,travel,0
98.97067395479866,14,3.5996593061735673,1.2407971380301945,0.9155523121034592,1,1,1,0,3,grocery,0
361.82262186250495,0,57.25855707705429,91.02227507863705,3.0171468743878442,0,0,0,1,4,entertainment,1
238.50392481750671,14,11.8133816219298,2.0938433585539338,0.9190986783787557,1,1,1,1,4,grocery,0
14.013189996343522,22,17.76630823509554,8.137349718094379,0.5983136628537258,1,0,0,0,1,grocery,0
14.771448610382334,16,6.9804272937763265,0.47080007353131953,1.036279408376044,1,1,1,0,3,travel,0
8.04665482867739,21,1.925733240252566,3.203224378985003,0.9808028214812782,0,1,0,0,4,grocery,0
31.78594603267658,16,14.640868737078502,14.376616395940315,1.1315939244256932,1,1,0,0,3,travel,0
103.35372539910963,6,2.5318430519652453,2.009504127216793,1.2613073441609448,1,1,1,0,1,grocery,0
58.23862547256887,8,31.374457445852354,2.0603624416275093,0.9403750020126435,0,0,0,1,4,restaurant,0
254.4818229728221,4,100.98823824007658,11.804336977834465,5.950474096900581,0,0,0,1,3,retail,1
2.9009385235394647,9,15.796397558553931,12.533884351616596,1.00290308868708,1,1,0,0,5,retail,0
1.367433604677376,12,21.40020865160163,4.67049051058733,1.3739393543189704,1,1,1,0,3,restaurant,0
77.50652855482275,6,5.962719300170324,0.7209569992240382,0.7995419968151563,0,0,1,1,2,restaurant,0
94.516747654487,12,18.08020923574073,5.726155446758713,1.2610912158109249,1,1,0,0,5,restaurant,0
41.77854096492011,7,7.927908505048733,0.47467785415537916,0.9393273821894377,1,1,1,1,2,grocery,0
50.0,23,25.670085280028417,33.71134672242388,3.6125686144963045,0,0,0,1,13,retail,1
25.63988342940235,14,5.11887928124899,9.185315541296145,1.0773906845127377,1,0,1,1,3,travel,0
114.45358993012161,18,27.670521784354495,1.2428833174655105,0.6842130532972959,1,0,1,1,1,grocery,0
17.90397399133089,8,32.47388522150108,4.353523760742497,1.4427325196516687,1,0,1,0,2,retail,0
95.63583746709108,10,0.670795795271185,1.2118095191255993,1.0475854014552717,0,1,1,0,3,restaurant,0
47.81876764631634,11,24.82493239198064,1.8086973770048171,0.7072343369636434,1,1,1,0,3,retail,0
433.5286023590145,13,8.511367560667273,8.425168882434052,1.4007909971160513,0,1,1,0,3,grocery,0
172.6640471461832,20,7.216545936095694,1.370526479330366,0.9950053910466227,1,1,1,0,1,retail,0
158.07573913597562,15,4.417134196823773,1.5622518990664025,0.9718139000147036,0,1,1,0,5,travel,0
102.85356040079257,18,1.0272869262043176,4.662290257311887,0.6938365833585982,0,1,0,0,3,grocery,0
297.41797765755575,3,65.71987892365786,17.902600234487572,3.7484003036624607,0,0,0,1,13,online,1
30.472923583656826,15,34.88833557115844,0.47526164362507894,0.5415970205570557,0,1,1,0,2,restaurant,0
32.95268638899459,22,1.4893033501824844,2.4011909219010477,1.1647649291049897,1,1,1,0,1,restaurant,0
10.345211868070823,17,0.19606517601040008,0.2591783544472921,1.021298331391446,0,1,0,0,5,restaurant,0
80.29578655476291,21,6.950077191219178,3.817943823270445,0.41628750570694684,1,1,1,0,1,entertainment,0
40.62224758837425,15,13.239835330708868,1.9629383217194079,1.3136101864929584,0,1,1,0,3,grocery,0
69.55196669051722,15,6.757682111509458,10.498309863765364,1.4988264588297162,1,1,0,0,1,entertainment,0
75.39718087636099,20,2.470117596164309,1.812311591868716,0.9102929503539104,1,1,1,0,3,grocery,0
94.65057904292591,7,24.416794322223843,2.222636477377275,1.4468740254275398,1,1,1,0,3,grocery,0
92.34636669190525,18,5.589234806941562,2.495734068818733,0.6424456689343647,1,1,0,1,1,restaurant,0
64.70628252229592,19,15.204502674494247,8.702801588392147,0.9230147994811566,1,0,1,0,5,grocery,0
30.022895878727137,8,16.43181485512815,8.536416701134154,0.9882513706940218,1,0,1,1,4,grocery,0
50.0,3,94.45125551498514,52.89200236428041,5.004387665750032,0,0,0,1,9,travel,1
7.644902746168385,12,0.23877526573032015,14.401876156500542,1.240393130016132,1,1,1,0,5,entertainment,0
103.41504502603412,14,20.722757813079575,5.041167350988509,0.802994470516095,1,1,1,0,1,grocery,0
427.60146467735274,1,12.934623685366823,34.42022946398696,6.7426710098320415,0,0,0,0,3,travel,1
264.5298788009944,21,10.289941784440336,5.6831716871839095,0.8894258233779616,1,1,1,0,1,restaurant,0
9.204369437754341,14,9.532625428592533,5.6042806990677185,1.0739632311168759,0,0,1,0,2,entertainment,0
39.78155334281253,8,12.607162502415441,0.1514430903212004,1.4908104589318365,1,1,1,0,2,grocery,0
134.4417848807049,13,9.279200212003188,4.285758397473517,1.0210853350801334,1,1,0,1,1,travel,0
86.57102214098857,22,37.40279760958684,10.564225928101827,1.9631858968858216,0,0,1,1,13,online,1
78.8477958623884,15,3.15024730028677,0.35626604651298527,0.7171912626310633,0,1,0,1,1,grocery,0
10.987169606815947,14,2.027077964953971,7.748501413535323,1.2928927980571032,1,1,0,0,2,restaurant,0
1.0,19,14.64711230840379,3.680105855362121,1.3689707905654709,1,1,1,0,1,restaurant,0
16.033690531331185,16,1.3057668400596585,1.432366379748467,0.7946366903653855,1,1,1,1,4,grocery,0
16.962653995468308,9,5.259851525015127,7.787607286684607,1.0039560023580778,1,1,0,0,4,travel,0
86.37603280268102,7,2.870447523649149,1.8578024591007676,1.5059758631095246,1,1,1,0,2,restaurant,0
35.07105313325392,7,5.12265292068561,2.0825925490016792,0.9686586194831612,1,1,1,0,5,retail,0
100.17441052919929,8,7.833211242110211,5.596994865774342,1.3487426703254664,1,0,0,0,3,travel,0
202.82859669626131,9,8.915021396853106,1.6941700302576521,1.3092930993400511,1,1,1,0,1,travel,0
64.26043426919875,4,263.3035096103205,70.0441800875912,1.3941340296688152,0,1,0,1,6,entertainment,1
297.92822475472747,18,0.9883515083256897,0.1995057327585954,0.6751010476584034,1,1,1,0,2,restaurant,0
10.62272497217811,21,2.316368417016136,7.564750581177457,0.9733037201550431,1,1,0,0,1,grocery,0
157.92786964917525,8,8.184408573313394,6.777197085488535,1.2645992756395252,0,1,1,0,2,retail,0
31.20420748090075,10,1.429812822616995,3.247503499957976,0.6989617993108648,0,0,1,0,2,retail,0
85.9019729979324,8,6.559721070437616,6.3858437646670545,1.0619688385801247,0,0,1,0,1,restaurant,0
75.51321748105502,3,173.2779568924154,61.778980474451316,2.5588669225088148,0,0,0,1,5,online,1
83.88435010465128,22,4.5789687528677545,1.656858082890456,0.9203937090985472,1,1,0,0,5,entertainment,0
4.4840962487321425,16,24.57643921252174,0.1,1.1197959430602513,1,1,1,0,5,restaurant,0
98.76727995517484,14,28.498431073809112,2.510659170342065,1.3688887237369165,1,1,1,0,1,grocery,0
226.75131409545435,3,146.9575544790686,9.21863804567212,7.041246026628055,1,0,0,1,3,online,1
144.3779606197605,22,0.8797196992480616,0.7672552188113775,1.2163147391967228,1,1,1,1,4,grocery,0
471.9922839205412,3,12.583753718246065,78.11176918714125,4.12151000273366,0,0,0,1,14,online,1
25.115452618740612,19,15.294785934261226,0.4162052353759021,0.8940555058782256,1,1,1,0,1,retail,0
69.8145383275971,14,13.391205023880541,6.603416811927534,1.1967870177414448,1,1,1,0,1,travel,0
1.7671108014982897,9,0.79360945383009,2.0357437372819738,0.8842969653693504,1,1,1,1,1,entertainment,0
67.01910980545175,16,42.270614396118226,11.968270228477309,1.044363582667056,1,1,1,0,4,restaurant,0
129.82464938918523,19,11.205186881178353,0.7431467176612092,1.4037171257601915,1,1,1,0,1,entertainment,0
117.20026781824131,8,38.21182769851984,6.180840992363912,1.3144205886253124,1,1,1,1,2,travel,0
196.65676486170412,11,1.5621921224340602,5.584209305084259,0.7782181698009779,1,1,0,0,4,entertainment,0
188.80200024856376,11,4.478426224355283,5.671086137247514,0.9542143463515577,1,1,1,0,3,retail,0
20.247256793844294,16,1.2141085222817674,1.3587822570636647,0.4508194232294187,1,1,1,0,3,grocery,0
236.18271455310563,6,0.2904958778888386,0.8277776284925796,1.3997965587168346,1,0,1,0,4,grocery,0
9.37154414299624,14,6.392683673225652,0.1,1.535289299201025,0,1,0,1,2,entertainment,0
146.31108208817292,11,4.903304265489805,9.56165635572366,1.2203800560904026,1,1,1,1,3,retail,0
26.317528734927254,19,34.929948413001625,3.445522698920185,0.7644867797867428,1,1,0,0,4,grocery,0
13.710581383272846,10,9.251058244548872,11.406654550282338,1.0436782650867966,1,1,1,0,2,entertainment,0
271.8364658090007,11,1.8571323193098355,3.0542366940065313,1.049171683107045,0,0,1,1,5,grocery,0
19.3905767047979,18,1.3405506061865504,11.313232564697175,1.069261786018256,1,1,1,0,4,restaurant,0
104.76122136621169,2,82.2752374919626,35.96911855093939,4.009705638706604,0,1,0,1,3,travel,1
14.696001697189425,17,5.3946864006616755,1.2008329518492502,0.8879969035589296,1,1,0,0,5,grocery,0
130.76685217782253,19,0.3725106321337398,0.13803452063470847,0.8637761429920083,0,0,1,0,5,entertainment,0
61.350813058001314,18,2.1817920074976285,2.439374499582188,1.1614653435251956,1,1,0,0,2,retail,0
3.2935854118341834,20,8.04838826179379,12.11736993993729,1.1093741536302093,1,1,1,0,4,travel,0
4.553771664699667,17,8.675596225840703,2.973674941283333,0.9529852473783436,1,1,0,0,5,retail,0
12.249482724866812,15,4.124837280660035,0.16319342336360354,1.0682631462495085,1,1,0,1,2,restaurant,0
116.97576882713801,12,16.628910783764926,1.041380320547895,1.0959591811242693,1,1,0,0,4,retail,0
56.65562442476776,19,1.6248488238738106,3.705794681869068,1.0373990868002376,0,1,0,1,1,retail,0
202.80138237647418,15,2.76241944971505,0.16770150081883034,1.3215354205337388,0,1,0,0,4,entertainment,0
12.762156019854912,11,30.538978638807475,9.61455779422819,1.1346189668519953,1,0,1,1,4,grocery,0
211.10678519131196,21,11.142599933440474,4.460696313828879,1.1946629816382976,0,1,1,0,1,restaurant,0
56.24494210497663,15,13.219457056244314,4.180471872771419,0.7616796374080363,1,1,1,0,1,retail,0
94.9831845691578,16,10.796122856303016,5.706810503956254,1.3974131341181963,1,1,0,0,4,grocery,0
17.004940412764306,21,19.942627491601993,13.494220835493502,0.6424383859033374,0,1,1,0,5,retail,0
302.77423783369875,6,34.54939630961333,0.6951598989900986,0.8998814908311383,1,1,0,0,1,restaurant,0
49.659694549081685,22,9.602997243970725,4.321621955704197,0.6646006338007304,0,1,0,1,2,restaurant,0
84.82781301620584,4,321.6413781983824,17.4334652498814,4.801979678014938,0,0,0,1,13,online,1
78.08546128260487,8,14.46114690869482,6.665429649681097,1.1145295708668874,0,1,1,1,2,grocery,0
317.88008825561917,9,2.669897861803519,0.6383717697104706,0.4619472800932135,1,1,0,0,2,retail,0
268.25411115325534,19,20.55053277905298,2.6094257916048558,1.1221178627147994,1,1,1,0,5,retail,0
68.17686366757302,17,5.656419391829757,5.18257856580755,1.3429396321038356,0,1,1,0,2,restaurant,0
4.914899362299725,18,4.388815617893189,0.15890881441792964,1.2322383254488503,1,1,1,0,4,restaurant,0
349.52035828447123,11,39.09039389462536,3.819314309763624,0.5647453299355734,1,1,1,1,2,grocery,0
19.243648470968637,8,27.294121971299194,1.1842692477732617,1.313151306875112,1,1,1,0,4,retail,0
106.1323814349698,1,101.85171004419146,32.46377367590787,1.9813651646036838,0,0,1,1,3,online,1
213.61103395194613,17,3.835516192574455,25.29411543451009,1.0112710450986726,1,1,0,0,2,travel,0
71.83053439752028,22,18.009222629227498,1.0076264071977832,1.1647791046669105,0,1,1,0,4,entertainment,0
299.74673876337863,23,110.23819826845326,1.1165031643367378,5.535467966922972,0,0,0,1,13,travel,1
67.03366657239548,20,13.280084730058178,10.463752819688388,0.8187027520609649,1,1,1,0,4,entertainment,0
11.285250376212835,12,12.06216468947211,0.1,1.1289334965743274,0,1,1,0,1,retail,0
1064.0350347909823,4,78.1366297966505,34.08422102916842,2.356555579413456,0,0,0,1,3,retail,1
105.41251455162923,9,10.298548385605507,5.214464730605655,1.7405408032230918,0,1,1,0,1,restaurant,0
87.82676042438253,14,9.69928099348657,6.426754789588807,0.9600614728725356,1,0,1,1,5,restaurant,0
251.9756584136415,19,25.245059628366988,9.53408255971517,0.9827354214644802,1,1,1,0,3,retail,0
20.31848243553688,14,12.015583725315786,3.802979951915883,1.2014912338993016,1,0,1,0,3,grocery,0
72.57587488792403,10,7.1799074365089695,11.990816680021615,1.6351971100631548,0,1,1,0,3,restaurant,0
72.52346248804128,10,8.822524729373175,1.8482480898162708,0.9812148815144545,1,1,1,0,5,restaurant,0
33.47251230162104,9,58.34418718207174,1.5539950795104283,0.9120029333780852,1,1,0,0,1,grocery,0
233.16864027551378,11,2.6535952960203564,1.8693261878828336,0.9389514131574607,1,0,1,1,2,travel,0
107.60440996577545,20,7.87139794398109,23.873961795832965,1.3563601082224985,1,1,0,1,5,restaurant,0
30.19105204891172,11,9.428285436417362,9.734235200448584,0.9200609319231453,1,0,0,0,1,restaurant,0
30.329208778843352,7,15.22477381143938,2.6287812875962127,1.6297853241320874,1,1,1,0,2,grocery,0
7.141742469221497,19,2.5953145697436906,5.797808011483976,1.050533765791627,1,1,0,0,3,retail,0
14.715193193852635,15,4.431168605972615,1.2041060933313639,0.5628228663076241,1,0,1,0,2,restaurant,0
20.522835527925377,14,0.9140061943416776,9.490239730918383,0.5802899429531201,1,1,1,0,5,retail,0
158.51414275799698,22,23.27426493509378,15.392930335206588,0.8337691198870572,1,1,0,0,3,restaurant,0
258.77394838870305,15,0.4128640246906078,0.7798964234087451,0.6580205125158483,1,0,1,0,2,retail,0
66.05620637473048,16,1.1829828480736246,11.456948016405006,0.3734337242009329,1,1,0,1,4,retail,0
17.898949736356013,10,12.260848650098929,8.950738540708269,1.133489896590273,1,0,1,0,3,grocery,0
87.71648905020754,18,3.069127641832667,3.027689307394981,0.9621270188138744,1,1,1,1,1,grocery,0
66.69533123542195,19,0.7150119957078296,3.5090668389279704,1.6052513741656897,1,1,1,1,4,grocery,0
99.3400153515638,7,39.025764593420824,0.25869896164030437,1.599475531966048,1,1,1,0,1,grocery,0
18.014381845361836,15,5.655166547415755,4.359914275237074,1.2474093362784155,0,1,1,0,2,entertainment,0
104.9481076049791,10,7.697394266115644,2.0359561661276695,0.8799583177930876,1,0,0,1,3,online,0
362.38040803128365,13,0.38949576702837907,1.5049448360496698,0.7240439028632164,0,1,1,0,5,travel,0
240.63596320831917,17,1.313484665460067,0.13503355748024248,0.706079821742745,0,0,1,1,5,restaurant,0
94.15470445215894,13,37.14528203643305,1.2231159815958035,1.089013990626308,0,1,1,0,4,retail,0
163.81533938404533,18,2.1465953350372575,3.46101598019718,0.7932765600170677,1,0,1,1,4,retail,0
201.91403809224335,18,15.356113189620071,8.142337982437862,1.4517246647340076,0,1,1,0,2,travel,0
65.80186567461223,8,0.8089771341642714,7.566765304350932,0.7906865440341976,1,1,0,1,4,grocery,0
25.34053403429614,6,13.673553485591096,7.791285821550675,1.0322694503109386,0,1,1,0,2,restaurant,0
3.308201896521881,16,5.92598757939686,10.28072136746189,1.4041220925820264,0,1,1,0,3,restaurant,0
15.742418688802575,22,4.088501461726896,0.8607869957246248,1.4325352175788206,0,1,1,0,5,retail,0
31.87890676403118,19,17.00163396640341,1.6453322338992318,0.9606264278967599,0,1,1,0,1,restaurant,0
395.0517579431639,12,2.78213244342411,0.7459963443685038,0.8354292544769306,0,0,1,0,1,grocery,0
106.62935687471335,6,0.8273860299187058,5.251940651009254,1.4480715075397164,0,1,1,1,2,restaurant,0
49.879447821685034,7,3.2790841853158694,2.6354278134952813,1.1183457575669369,1,0,0,0,5,restaurant,0
159.57028005071993,21,26.75649458370105,0.1,0.98559772133963,1,1,1,1,3,retail,0
86.76940067293458,12,4.562556626411,2.008270547538048,0.9003778242859589,0,0,0,0,2,retail,0
17.570277115114283,12,22.488363437794323,0.9548006602410258,0.993057234811125,1,1,0,0,1,restaurant,0
4.138567976278382,6,0.6124047117167026,1.6137844927876013,0.3265041754705563,0,1,1,1,5,grocery,0
5.123958839092564,11,29.071350262750336,0.21065154350775817,0.9424943066552924,1,1,1,0,4,restaurant,0
110.34194274750071,14,25.36556620596523,18.437398218947735,1.170237053185697,1,1,1,0,2,restaurant,0
21.826329604767544,7,2.7798840615887537,2.2797118661953726,0.896920784521488,0,1,0,0,3,grocery,0
306.63767681228194,19,2.641464897628572,1.4852394001624187,1.1971398359732424,1,1,1,0,1,retail,0
12.580551656787833,16,5.2426592718251115,6.811598789475067,0.8890565570818538,1,1,1,1,4,retail,0
8.052324113258889,22,4.450367840450837,2.5579088248009176,0.8898401201988837,1,1,1,0,5,entertainment,0
272.8235255925462,6,15.330893672077242,6.330466415488284,1.4289407373776128,1,0,0,0,2,grocery,0
85.32741856673424,18,7.973405546713959,0.4860604814858531,1.5828970541706053,1,1,1,0,2,restaurant,0
263.247686382632,22,1.9097407952617917,5.400956935942168,1.1335802345363089,0,1,0,0,1,entertainment,0
16.441675126977795,10,8.891022968353333,11.279389613401476,0.7633083134185183,1,1,1,0,3,restaurant,0
67.88979626145507,22,7.5216673456299326,0.5513695819629738,0.6425286802772476,0,1,1,0,2,online,0
249.73780385127796,21,17.52368469253276,7.269611476311572,0.9920848085863403,1,1,1,1,1,retail,0
200.59331766819835,15,14.449558516226741,2.146158499174659,0.9220883481264855,1,1,1,0,4,entertainment,0
53.408011243859946,13,0.3741965249933094,0.34897289496515127,1.0244464595858067,0,0,1,0,2,retail,0
110.89090041727992,13,17.781728323940666,0.8722203044523524,1.299102580588574,0,0,0,0,4,entertainment,0
120.37359221133018,20,1.5722866232552009,15.080952039426908,1.2109336964159934,1,1,1,0,3,retail,0
341.42754565995085,23,56.51146756772603,36.39669954877299,2.352216907445608,0,0,0,1,7,retail,1
47.54896903718503,21,4.038213526849227,2.0134578426437097,0.6094793746176137,0,1,1,0,2,retail,0
121.62491531825904,19,2.4972077168337634,6.515475977793099,0.9398486850069951,1,1,0,0,2,retail,0
37.18206594443912,19,27.76395477072265,6.813730663063088,0.7891507663941688,0,1,0,1,2,grocery,0
5.157221833326931,21,4.691686151743809,2.0251600664864426,1.3104616797958188,1,1,1,1,2,online,0
50.0,22,316.3164912724215,16.930092189786862,1.960834222001343,0,1,0,0,14,online,1
50.0,1,80.22494077646704,41.35791056614023,6.780193811246911,0,0,0,1,12,online,1
37.64252970242914,6,11.719359533490532,5.112131979369966,1.5830219719723537,1,1,1,0,2,retail,0
4.301365262137455,14,13.736802788250076,9.109439405177444,1.484191868834965,0,1,1,0,1,grocery,0
83.95467239395374,13,6.355192601378739,3.6917835998762794,1.1766409821691952,1,1,1,0,4,restaurant,0
35.52547295013228,14,17.38120537639042,0.17750293716188328,1.4692844108292606,0,1,1,0,4,travel,0
113.10614529186023,8,28.602447316986016,1.6534678796185664,1.1158679134836185,1,1,1,0,3,restaurant,0
78.85182858937856,16,23.191761999485454,0.1,0.8595837543975662,1,1,0,0,4,retail,0
142.99515631221146,22,22.64158547344776,3.1798557844076463,0.8540046216144389,0,1,0,0,3,grocery,0
93.7140871263662,14,10.811887919881162,0.578633736598953,0.9644137859524364,1,1,1,1,4,restaurant,0
17.337189934410397,21,1.3356752540144357,0.6355719565280409,0.7722994961662517,1,1,0,0,1,retail,0
126.4721813739335,8,13.124930220907478,10.462065368979319,1.368894575009453,1,0,1,0,4,restaurant,0
37.124386503309175,9,4.7479790434926,9.975821225043434,0.879234277172132,1,1,1,0,4,retail,0
62.26046674392804,10,67.47389252428741,0.32760875284132485,0.8954904007670517,1,1,1,0,3,restaurant,0
222.68378473695032,7,55.40877147951895,6.950528391916305,1.2746730219544258,0,1,1,1,2,online,0
244.19074579971922,1,82.15473946722159,59.22130332571969,3.7362972915229435,0,1,0,0,13,online,1
77.91647779135849,12,2.594512035711559,13.081050104573562,1.6158396049978543,1,0,1,0,5,retail,0
187.43346421736544,9,46.226017790887894,1.8463954218064798,1.1534547026061557,1,1,1,0,3,grocery,0
290.09526893765417,10,1.1890759119397718,1.2984775771228803,0.7382639184483952,1,0,0,0,4,retail,0
94.98265207819792,14,2.4260916250598084,1.67278607085338,1.2266078124870587,1,1,1,0,2,retail,0
278.73626998145573,14,10.410795891179061,2.535345582229848,1.7075617840397155,1,1,1,0,4,online,0
87.84012941968521,22,8.241454942067877,1.2782061808629261,1.2182460616725619,1,1,1,0,4,entertainment,0
120.54036380827854,16,1.0722547186474254,3.265936335469213,1.6698743492162431,0,0,0,0,3,restaurant,0
34.54177290577022,18,37.41017873566329,17.79631256884362,1.342266550283656,1,1,1,0,4,retail,0
49.1669573896558,17,2.0673935916022583,5.266339700480818,0.8533226770061167,0,1,1,0,1,restaurant,0
31.363965302738745,20,33.4854609281765,0.7083192593222618,0.9751257536554325,1,1,0,0,2,entertainment,0
13.61342186804343,22,3.7362355166203463,2.4623623660585157,1.1634146501828553,1,1,0,0,4,grocery,0
36.15567785893532,6,2.999167508600951,2.7533674753661086,1.4330581065330268,1,0,1,1,2,retail,0
103.16195776880684,8,0.1972249640960237,1.940169100018084,0.7377990203382828,1,1,1,0,5,entertainment,0
77.47191736485436,6,5.688221001852308,0.7019566486546663,0.39265915114991123,1,1,1,1,3,travel,0
86.62132281614421,10,6.067611556957275,11.371340918611455,1.2760314037033327,0,0,1,1,1,retail,0
9.052712978787593,15,11.235289645125308,1.60077095079729,1.0998550533348725,1,1,1,0,1,online,0
215.92146892376945,6,2.3692903503023475,7.6992813660925785,1.1415674496010404,1,0,0,0,4,grocery,0
7.493091091280556,22,7.707749148586609,7.885326218247655,1.2137761025151765,0,1,1,1,4,grocery,0
387.8610612288188,14,2.0916649418362994,3.680232969458226,0.5133667583476309,1,1,1,0,4,restaurant,0
560.1703960927999,23,6.111266879878246,42.50853653073,5.002916336935763,1,1,0,0,6,travel,1
65.94882564823044,22,11.65884782233462,0.6797800426700841,1.0511230871015467,1,1,1,1,3,retail,0
211.78092211008354,3,66.93357894956682,125.16481091285566,5.28085279359512,1,0,0,0,9,entertainment,1
98.57962567274487,18,6.737423857329784,0.1,0.9610468221131464,0,0,1,0,2,retail,0
114.50599042404596,7,15.743844621104204,0.8128285605537146,0.7138475766480332,1,1,0,0,1,grocery,0
139.63889277390737,16,5.771457279131042,6.955039134457238,0.8437758844902052,1,1,1,0,5,retail,0
43.36459692553937,14,0.9577872180102396,6.7596926907279755,0.7751267155732409,1,0,1,0,1,retail,0
15.034135166976936,17,16.961359145366337,5.152223223254616,1.625986588661247,1,0,1,0,4,entertainment,0
95.41689490031112,0,22.17447944473607,22.70916742340422,1.5126837741563488,0,0,0,0,14,entertainment,1
7.255844509676263,21,8.964954138187695,6.411987593856189,0.6661981359807145,0,1,1,0,5,retail,0
20.35059789621803,9,3.843978624469027,0.7192992585948826,1.136071734200372,1,1,1,0,4,restaurant,0
25.250823188834755,15,4.671672447447444,0.1,1.1899067189485923,1,0,1,0,2,grocery,0
90.05897484680804,19,4.978380868619045,0.1,0.7538757766300288,1,1,1,0,5,travel,0
146.73583249526882,23,86.70991712513312,78.97937562196948,3.2225322190493944,0,0,0,1,3,restaurant,1
47.45145968668407,11,13.356997527599324,1.785302490217269,0.6368324061083466,1,1,0,1,4,grocery,0
40.3346144819829,7,6.357678209387043,2.098334412011819,0.9946588897774742,0,1,1,0,5,grocery,0
59.861873924667464,10,39.98064468659877,3.887868224397497,1.1470421591167275,0,0,1,0,5,grocery,0
48.30281211864498,8,2.1760518013941628,5.830568636899728,0.7025678511174837,1,1,0,0,4,online,0
107.24314514966586,22,2.97018962826487,0.1,1.0085542600600135,0,0,1,0,2,retail,0
147.89407373209912,9,8.669412215501191,0.6799673314950361,0.8503426903356957,1,1,0,0,1,restaurant,0
7.934275144712053,22,18.736717786600643,2.375838435545895,1.2828943721449269,1,0,1,0,1,travel,0
332.43963775190645,11,9.547544828690375,0.8393602992085069,0.8631499967187496,1,1,0,0,3,grocery,0
66.20277779319478,1,103.58455451402773,97.92048750872125,3.031691880589303,0,1,0,1,12,travel,1
100.69466078824364,7,12.710991801447008,0.41995679684847975,1.369412657418815,1,1,1,1,5,online,0
134.7259862445203,6,9.552761823340788,3.711953761015472,0.7389936047509862,0,1,1,0,5,grocery,0
48.23889959965979,16,0.9969788448044634,0.49114591986842715,0.8474092691817332,1,1,0,0,3,entertainment,0
14.715755171559213,17,7.024202631983796,2.3420278758736988,1.2434947469283992,1,0,1,0,3,grocery,0
13.569989636987703,20,6.7273697740650364,6.411850131174387,1.0525302265095369,1,1,1,0,1,restaurant,0
52.78313534947041,7,9.80890585376496,5.671205047249158,0.6813523635937071,1,1,1,0,5,grocery,0
13.640333786319577,14,2.540073629414057,5.0654151986114595,0.7750479600837639,1,1,1,1,1,grocery,0
105.56071173594164,17,42.34454601981136,4.043471618271696,0.6837468281418395,1,0,1,0,1,entertainment,0
18.17444423267091,13,1.2265774273982106,5.67571528000744,0.9466875522604405,1,1,1,0,1,grocery,0
86.7241602706421,8,3.2049126243420685,2.9058088006167826,1.0747680155181927,1,1,1,0,4,restaurant,0
29.432641089275396,11,26.699197688405594,1.1236805846058038,1.4997023256544657,1,1,1,0,2,retail,0
213.25513913986805,19,1.3609831033269688,0.20232663939486056,1.4990211967153084,1,1,1,0,1,grocery,0
41.63162462231645,16,0.17011052738261787,10.648809766225105,0.8368799644529346,1,1,1,0,2,restaurant,0
30.82016394990454,19,15.001992730737728,0.34696178877643835,1.2472993868040525,1,1,0,0,5,restaurant,0
152.08045748332853,9,19.11014993807093,1.3407746979354522,0.9348869721148174,1,1,1,0,5,restaurant,0
158.65125149474454,15,2.021133892693676,16.73438694023943,0.9562412337803917,1,0,1,1,4,travel,0
9.916641645512183,11,1.3228420565356087,3.4238361858378097,0.7247502272761693,1,1,1,0,1,travel,0
8.734679770113928,15,11.244300034239457,14.313774826964952,0.9788105813463456,1,1,1,0,1,restaurant,0
182.66518854493043,12,1.5634150015026815,0.9950403278758101,0.8567272952188898,0,1,1,1,1,grocery,0
70.51412770542908,17,1.571406537890832,9.617024644998732,1.1390715101395803,1,0,1,0,5,restaurant,0
50.0,5,77.56225130010803,162.94045568860648,3.0991753579672223,0,0,0,1,11,online,1
8.59321134256774,9,14.796236572589196,1.5009200478470321,0.9062459803190204,1,0,0,1,2,restaurant,0
164.70498416335283,18,2.6238336391766213,20.644070246062867,1.1103510061625306,1,1,0,0,4,retail,0
208.0417295636015,1,180.2363909025819,74.66941620777747,7.405646393198705,0,0,0,1,8,online,1
75.35082410585589,20,1.0732443906172418,0.6640716419375066,1.2401485919521087,1,0,1,1,3,retail,0
28.35712388420895,20,3.0795856751044317,4.456929646565164,0.9148543498567078,0,1,0,0,3,grocery,0
43.29845782182517,20,11.811934314447413,1.8118097380503646,1.2216085837533939,1,1,1,1,1,travel,0
33.626081295284635,18,26.164827865332324,0.5194460853048625,1.525809839917085,1,1,1,0,4,retail,0
5.649817611701026,7,13.538638682325455,2.5420377432070413,1.2257714486159585,1,1,1,0,2,travel,0
25.617719257229187,11,4.7981132721314665,6.386582609375504,1.2955968738051684,1,0,1,0,2,grocery,0
140.59157441024655,17,9.20825520646349,4.868321754806045,1.275437451091991,0,1,1,0,1,grocery,0
148.49298183370425,21,0.1,9.202967865057772,0.3481122556508799,1,1,1,0,3,grocery,0
73.64129344161542,8,26.547907884067435,1.4933441431916061,1.0075864484274073,1,1,1,1,1,retail,0
59.62802871135489,21,3.381685933339684,0.2623527128760583,0.9623333993348582,1,1,0,1,3,restaurant,0
45.261538137498476,19,52.31448367729952,24.922673165529527,0.6802774429966101,1,1,1,0,2,grocery,0
66.93525284164879,11,2.720896719824806,0.3359044053767007,0.36085547694925213,1,1,0,0,4,restaurant,0
22.732195566491722,10,10.340345313101537,0.9126376398725558,1.5431427597310399,1,1,1,0,3,retail,0
113.27769789793388,15,2.133700290320361,0.3076911244398002,1.0007002742476434,1,1,0,0,1,grocery,0
8.44261999530098,7,12.952347282834705,1.2514630459662812,1.1063832795215742,0,1,0,0,3,grocery,0
35.11562634147844,22,2.7770485271341254,1.4088595265340322,1.528718670817057,1,1,0,0,5,retail,0
23.310136197421826,19,30.035052888979187,3.2662479108060163,0.7014890441231949,0,1,0,0,3,retail,0
53.76139904617622,14,0.4169783936663759,6.62944413411608,0.6343949713529544,1,1,1,1,5,grocery,0
106.39938508172024,15,21.6964950962536,4.886274107371932,1.015500474730183,1,1,1,1,5,retail,0
6.93520587975724,10,11.079836006782589,0.6216796021554761,1.035192800476306,1,1,1,1,4,grocery,0
16.032101961322546,11,14.089806131557426,12.327095689641812,0.6699812235276401,1,0,1,0,1,restaurant,0
162.1608501223202,19,2.906721637584991,9.911478664725998,0.6164837086399115,1,0,1,0,5,grocery,0
339.5229586092208,7,1.671898141792312,6.626431584112565,0.750623673320473,1,1,1,0,5,grocery,0
101.6831077158788,6,10.17088296292096,0.136701198609462,0.8525756333627841,1,0,0,0,4,retail,0
4.258206723697819,6,9.36043979350077,0.3706030182919313,1.0562286266051273,1,1,1,1,1,grocery,0
204.86411588929062,7,13.898116455769742,5.678570801520506,0.7847510366983674,1,1,1,0,4,grocery,0
82.0671295230421,18,58.40295775123069,8.159477322251632,0.9192257999372365,1,1,0,1,3,retail,0
545.3381411460454,6,6.681704539506345,1.9113383276411695,0.7366950921064259,1,1,1,0,5,restaurant,0
23.585813677618347,13,0.9195851784324344,1.3306209212511662,0.8770069286108191,0,1,1,0,5,entertainment,0
253.20747235174053,17,2.9002989147483786,8.74964482130498,1.2180975769412932,1,1,1,0,3,grocery,0
105.66189460545084,10,3.993971492976371,0.7833402050974249,1.2864092485115866,1,0,0,0,1,retail,0
11.489137569550621,9,3.003967620496739,0.6322649263868709,0.9922340987039341,0,0,1,0,4,grocery,0
34.24820915400894,16,0.6660746050691042,4.477110798371341,1.0333515432112994,0,0,1,0,4,online,0
186.869530751336,19,6.248270707892219,3.004730891727054,1.2446968477425466,1,1,1,0,3,grocery,0
41.7743532618454,20,0.22501393697557537,0.7592718141358876,0.7297861761945397,1,0,0,0,2,entertainment,0
28.01508522429003,7,1.7289764521244253,2.809342370546805,1.1975759033969908,1,1,1,0,2,grocery,0
54.65302243286619,7,2.36534742365907,4.878207000508511,0.6701410308208386,1,0,0,1,3,entertainment,0
184.97924110489436,9,4.585094169760154,1.2055693286127727,1.0304201286933592,0,1,1,0,4,grocery,0
58.38623202807022,16,30.172713866101873,25.947932688667677,0.6084267367344094,0,1,0,0,4,grocery,0
502.6541840270706,22,10.89022167859265,145.50892283755024,4.202578204576011,0,0,0,0,7,retail,1
30.761908905901173,7,2.293599106920701,1.86493836131565,0.2663494543667777,1,1,1,0,1,retail,0
2.041296076351286,9,3.6868309582720453,0.6976205448604077,0.44189806234356643,1,1,1,0,4,retail,0
32.54655023504803,12,7.643519869852289,1.3517765461397442,1.3308113969394917,0,1,1,0,2,restaurant,0
7.818091237995258,22,1.7297064759609473,6.525397445613166,0.8752947009138665,1,1,1,0,4,entertainment,0
320.0632981282516,23,9.082703980048878,15.086893758517443,1.9409579169524032,1,0,0,1,11,online,1
68.79432898513068,7,3.4270671962944848,4.889277131092911,0.7707304848687682,1,1,1,0,3,retail,0
52.4897102422822,18,1.4825122334583039,1.297877660186251,1.203738200101067,1,1,1,1,1,restaurant,0
1278.0028636364896,3,6.692973590020852,86.80379146430164,1.4179912675717183,1,0,0,1,10,travel,1
18.487376507607728,8,1.9718566285842154,5.747881625043032,1.3803351783754265,1,1,0,1,1,grocery,0
60.63271525004168,19,5.401539816690639,0.1,1.5363612145010972,1,1,1,1,5,entertainment,0
115.63375970679282,11,7.161267781021072,1.3861561042287591,1.2060312753671762,1,1,0,1,2,entertainment,0
312.2628816613847,2,11.819325453700934,27.188962298299284,2.2332740052546844,0,0,0,1,3,travel,1
165.5131251225912,7,1.454675381803923,6.282536910037935,0.8043143633438246,1,1,1,0,2,grocery,0
317.56330498594497,21,2.492479912835373,0.29510510099930326,1.2696457065510338,1,1,1,1,3,travel,0
27.08872851342608,9,5.73174782958731,1.1511254783900613,0.8841806633098168,0,1,1,0,5,retail,0
200.15760249311023,20,11.692870651484256,4.265044886315833,0.8138832614853659,1,0,1,1,4,restaurant,0
113.76085997765936,22,103.25581235540906,77.57774565586736,0.8567607916068267,0,1,0,0,3,online,1
61.01983573805935,10,1.3725053509189022,0.8981615493781181,0.7765334791539672,0,0,1,0,2,retail,0
29.155085792755546,13,3.713911668020353,1.8554187713743393,1.4042581573628952,1,1,1,1,5,retail,0
4.39321732590943,17,12.282864891473697,4.184586781609642,1.2152845857018413,1,1,0,0,3,restaurant,0
156.44009425156656,17,1.551826775100704,6.941286301153019,0.7506797810133686,1,1,1,0,2,grocery,0
52.687850797614,7,19.645402005765938,7.076800510415825,1.0206315240969075,1,1,0,1,1,retail,0
355.7076069028623,3,5.633207321053096,47.261903872624195,2.74755113086653,0,0,0,0,13,online,1
18.809115344741215,19,22.48748260660205,1.903811463050927,0.6332545857824761,1,1,1,1,3,restaurant,0
24.973636242817634,6,7.256813065686547,8.030242016811709,0.6892255364617581,1,1,1,0,5,retail,0
205.11386624335074,3,51.98833434626045,31.08174294083435,4.465439551576116,0,0,0,1,4,online,1
256.69849174348855,19,2.7981974234849827,13.675230646240419,1.3153343048467292,0,1,1,1,2,retail,0
22.039604651116246,17,13.901949973882616,0.39669886715906905,1.332657069461385,0,1,1,0,3,travel,0
22.3760162929937,19,10.053625691023818,0.12844465169927796,1.1282727840760902,1,0,1,0,2,travel,0
16.65255123554068,20,24.235617619547448,1.2909492266382867,0.9507991246136055,1,0,1,1,2,retail,0
22.56978713184698,11,2.9198907764813824,0.987334084283531,0.9396598147849927,1,1,1,0,2,retail,0
253.29376051116748,11,0.6296931185197095,3.6415333717700493,0.8346134148348912,1,1,1,0,2,restaurant,0
20.792431296333955,11,8.777022552537234,7.285363139440669,1.3705112578751115,1,1,0,1,4,grocery,0
12.660968883620882,21,10.827828567515208,1.602248506473001,0.7676880781339152,1,1,0,0,1,restaurant,0
38.70450196889118,14,8.011519882587303,1.142380749505638,0.9686702522515965,1,1,1,1,1,grocery,0
76.5405207257669,14,2.1348039600766517,0.1,0.7310108317682802,1,1,1,0,2,restaurant,0
130.54043229652612,21,2.5399281788394767,1.5260081233570142,1.2506868533656454,1,1,1,0,5,grocery,0
10.894162911585868,17,8.10137480571428,0.6108354956334701,0.954162100171384,0,1,1,0,4,retail,0
276.21321543012635,23,66.59043199072406,26.295229839167718,1.0389877104851073,0,0,0,0,14,restaurant,1
50.0,23,113.69128634537525,149.15463170172342,1.5451456115383726,0,0,0,1,10,travel,1
10.14858711114632,18,10.227799868732706,3.9423787132109585,1.6415245753014611,1,1,1,1,3,grocery,0
53.582218900813,11,0.9141357755969869,9.57907425958318,1.3832877262508478,1,1,0,0,1,restaurant,0
85.02360755385143,13,9.782417692311542,5.219470750833026,0.7224333080215515,1,1,1,1,5,grocery,0
112.02354613520127,17,6.731219119516907,3.81076531590475,1.176805672006964,1,0,1,0,1,online,0
681.1682052597796,23,25.441067267549343,15.499458772762544,2.054514400591268,0,0,0,0,5,online,1
47.83548988625783,11,13.606212308241389,5.503327660220993,0.7590795571271052,1,1,1,1,4,restaurant,0
64.59369639088982,16,42.06093664162438,14.519633817802564,1.6956174482437318,1,1,1,0,4,retail,0
1106.4675140764832,2,59.03078831457415,20.13858033330295,4.955839991408812,0,0,0,1,13,restaurant,1
127.26641301774367,11,0.7546952039870447,7.827353422166844,1.5303163172328367,0,1,0,1,1,restaurant,0
66.83639882218226,18,1.9760040387464126,5.74108951613516,1.25000680752136,1,1,1,0,1,entertainment,0
27.65303047510222,10,13.938822429880858,3.728686551270269,0.6636568801607701,1,0,1,0,1,restaurant,0
153.08102835070275,18,0.6164306416349219,5.352704064280155,0.8254538787334842,1,1,1,0,5,restaurant,0
58.53735460981448,10,1.3705589236593327,5.195817109285725,1.3313849696320645,1,1,1,0,3,restaurant,0
34.838949801810124,7,9.001128027642944,0.1,1.1493000779822815,0,1,0,1,4,retail,0
204.5303799286022,11,11.812693543272342,8.316502129315172,0.8772160474779015,1,1,1,0,2,restaurant,0
98.28280328746405,22,0.633690924343196,10.801131305317174,1.4917632797835194,1,1,1,0,1,retail,0
33.89137953328116,19,1.4378664778788208,0.5822476007255651,1.104794139236107,0,0,1,0,2,retail,0
301.0893728281871,7,12.049919645415756,2.11582635170855,1.1275472802716213,1,1,0,0,1,grocery,0
2.0598219192090985,7,3.2023927856293977,6.5215849693209895,1.0468683699427073,1,1,1,0,2,travel,0
85.46737616699855,23,66.27188136374282,69.79903153543103,3.4505703282800195,0,1,0,1,9,online,1
28.484374102288164,12,7.383198948387779,6.372697315013257,1.4458152417488017,1,1,1,0,3,retail,0
93.46505381269651,21,35.87720171670166,1.469866318470303,0.9083242378837589,0,1,0,0,4,retail,0
76.79975562994494,7,13.004192790838173,7.814400260487469,0.44974424776867516,1,1,1,0,5,restaurant,0
136.94191813189408,5,20.70321301008557,31.186432208719616,4.005508595121073,0,0,0,1,6,grocery,1
50.3778918644468,8,3.5884090972072413,1.6398972012207913,0.6113146116158806,1,1,1,0,3,grocery,0
121.87112536149321,11,0.1,3.2192868013142966,1.2472068538110526,1,1,1,0,1,retail,0
147.71097144418022,18,7.788166717297388,8.480567476179196,0.7265537724415421,1,1,0,0,2,travel,0
170.4592461250348,12,22.23177612183244,2.2447728603814623,1.328239264708833,0,1,1,1,3,restaurant,0
43.45405973027052,19,19.675827733625784,4.38869162289018,0.7781708965759556,1,1,1,1,3,restaurant,0
77.11491352177505,10,8.921232220739475,3.7445479229824934,0.789987707367195,1,1,1,0,1,entertainment,0
67.84802696519361,16,20.36068713119078,0.6509971922854779,0.953682167793455,1,1,0,1,1,restaurant,0
85.17716072960985,20,9.068267735445243,4.861417740315144,1.80619372439812,0,1,1,0,2,restaurant,0
5.428118844549729,11,48.010113339168896,4.795382212102228,0.8940809353937366,1,1,0,0,3,grocery,0
30.20085270948469,8,20.69521246872046,10.961627780097455,1.3645485881597876,1,1,1,0,5,grocery,0
71.22138178315824,12,10.706465984504705,0.1,0.5733137296091197,1,1,1,0,4,retail,0
88.42111641240177,21,19.432608742611347,2.510833323871784,0.6222781487068405,1,1,0,0,2,restaurant,0
42.361733794995125,15,9.701304967334924,7.644208736648604,0.612002066037507,1,1,1,0,4,retail,0
6.820699637573462,10,5.798776987983042,4.415535757182558,1.2345589907522925,1,1,1,1,5,retail,0
101.68690109979332,3,38.07108190140498,32.48467292311512,2.872649233092451,0,0,0,1,10,online,1
98.8410117085574,16,6.906290154254663,7.341791822279584,0.5512062128576302,1,1,1,0,5,restaurant,0
545.8048724594937,2,102.85880709877307,12.478209640044417,5.429890328000667,1,0,0,1,4,online,1
12.073646931381132,8,1.3595637836379684,3.2221442259972406,0.5896176660384733,1,1,1,1,4,travel,0
18.89005205178328,21,3.021751049407153,6.522810723075285,1.8177270206107234,1,1,0,0,2,retail,0
14.26838196638079,19,15.967631777076122,9.858136763919642,1.0510937649113714,1,1,0,1,1,restaurant,0
17.81846472438596,16,2.1317374980981443,2.919839535501354,1.0127388661592593,1,0,0,0,1,grocery,0
27.397804181215193,18,5.05604720049581,2.690441979103902,1.0097700552255366,1,0,1,0,5,travel,0
15.99814433254056,7,13.436354737621937,6.897245552173067,1.1683192588695457,1,1,1,0,5,online,0
34.863810858695935,11,14.363285450506808,8.479202574927477,1.3691101511080679,0,0,0,1,1,grocery,0
57.45961262402276,12,25.181926266626714,5.711855147056592,0.912772097887539,1,1,1,0,2,travel,0
69.81995438800666,18,22.3813675846246,4.5067863284381975,0.4762418984336543,1,1,1,0,1,retail,0
66.0204388987047,15,26.36267038196341,4.0196135099078125,1.1201357891844086,0,1,1,1,3,grocery,0
29.728107708262975,19,16.129012206399384,2.6927760282500497,1.380804390418582,1,1,1,0,2,entertainment,0
123.21221077944742,21,13.109505319801034,15.431071861275875,1.4150188667840446,1,1,0,0,1,grocery,0
146.10674528885133,11,17.24126602589482,9.856004725888383,0.8525433767998186,1,1,0,1,2,grocery,0
1.0,8,22.258398687659056,7.41734771635869,0.5675368528561167,1,1,0,0,5,retail,0
75.93395844417854,19,19.49194182875139,1.0523951713075461,0.9557114745854911,0,1,1,0,3,grocery,0
11.20631406882761,20,0.5231704858076585,1.3478207097184316,1.1159050940282194,0,1,1,0,2,entertainment,0
1.0,6,4.451579212758358,5.13890145912769,0.7343824642711003,1,1,1,0,3,retail,0
49.683875590088334,21,22.775148011966554,12.833787506461556,1.421280066487632,1,1,1,1,3,grocery,0
104.13840811611513,12,5.968134798374444,1.2910057713635135,1.0305718453268395,1,1,1,0,5,entertainment,0
98.10879552784874,0,112.0459119925795,2.0558211736434644,3.6577897877079955,0,0,0,1,5,online,1
65.52162641267368,12,23.80615277526628,0.21142187463861933,1.065975581538271,1,1,0,0,2,retail,0
21.601323159594227,10,22.321854763246947,5.125315076581285,0.323496865574289,1,0,0,0,2,grocery,0
81.86892419690822,9,17.906319283158453,2.696384627646325,0.9405611739138281,1,1,0,0,4,grocery,0
67.66253769611356,7,20.339548392166954,2.3043776704352985,1.2433058397476047,1,1,1,0,2,restaurant,0
171.96492704562584,20,0.8954227947627613,2.4227411102527032,0.7923062149084751,1,1,1,1,5,retail,0
18.739487912028927,11,4.187222148445169,18.26141020165299,0.8764443327222882,0,1,1,1,3,grocery,0
160.96090879992892,22,87.81900652774125,1.1068285744741044,3.6095438115997984,0,0,0,0,4,retail,1
115.38357695714075,12,5.928326493062838,4.430923627086156,1.0589523640389007,0,1,0,1,4,grocery,0
45.26708187679898,7,4.651027868686458,2.739715631481758,0.627841280233143,0,0,1,0,5,travel,0
69.39695736705154,10,23.238747757361075,1.0326996478904946,0.8329212158810262,1,1,1,1,2,restaurant,0
52.621618035541864,9,1.592304931129893,1.9314527782615785,0.7207247405661321,1,1,1,0,3,entertainment,0
181.9277879285802,18,3.963924499698069,13.82181045663665,1.3404471717981248,0,1,1,1,3,entertainment,0
130.08790440743937,10,18.55490563396232,0.2786348245773026,1.2791854434890697,1,1,1,1,2,restaurant,0
86.54377763303394,20,16.16196419587087,6.114712896959267,1.0398060564713498,1,1,0,1,1,entertainment,0
67.2338679290065,8,24.66026822458614,7.3791047514233545,0.715361642775965,1,0,0,0,1,travel,0
1.0,20,6.902037649537287,7.571587522193912,0.8905950649077765,1,1,1,0,5,grocery,0
3.6053008928004044,12,3.0883122282701443,3.485965501816673,1.4067278482148815,0,1,1,0,1,grocery,0
75.16380529064884,15,6.997892521219777,12.779688245303475,0.8236047600509098,1,1,0,0,5,retail,0
93.51687799207937,15,2.156737876135426,0.8203445435113701,1.206446018074185,1,0,0,0,1,travel,0
14.103537174672919,14,4.969258101888188,0.5539700762488726,0.7770908121964715,1,1,1,0,4,online,0
32.671036045682726,11,0.16852299409295451,4.337404708952244,1.107850002139797,1,1,0,0,3,travel,0
33.50015103132645,18,39.151436389080004,7.729094156927426,0.745005525474215,0,1,1,0,1,travel,0
8.813148393554023,20,1.268658777200129,4.831941340506077,1.0469032918660357,1,1,0,0,4,entertainment,0
86.98050997821258,22,5.092455704931317,2.6170498108494384,1.0154913166980577,0,1,1,0,2,restaurant,0
19.471596959866453,11,6.945593582013555,9.40916035961901,0.7865065430542793,1,1,1,0,2,retail,0
1.6986391922637822,17,3.8830849104031055,2.9078378684738055,0.7906547970412563,0,1,1,1,4,entertainment,0
51.5650757671869,21,7.272431669233075,3.692414401637128,1.455051428742942,1,0,0,1,2,retail,0
36.37665202029009,16,3.457276079433138,2.8987775768584783,0.8064086795301494,1,1,1,0,5,retail,0
802.2607732862523,4,70.18733647862592,72.23528435455532,2.838515820862983,0,0,0,1,10,online,1
114.96027702743918,14,1.4595927765325118,2.1356909790338867,1.6089909672279634,1,1,0,0,2,online,0
37.768379373307255,20,5.876771690545436,5.687110599623992,0.9849076229710637,1,1,1,0,4,travel,0
18.367106252866666,8,3.659430913376041,0.20637139807014301,0.5603136088405685,1,1,0,0,4,retail,0
34.31899707475213,15,7.110090486579338,0.49804251421627166,1.3013038481715546,1,1,0,0,1,retail,0
13.413180221654384,11,8.679647307640568,1.6076807726174862,0.8838157033425309,1,1,1,1,3,restaurant,0
260.5518156677545,7,10.157598389919247,5.361487017094429,1.1850469253717668,1,1,1,1,1,entertainment,0
40.774890633162784,11,0.257701165500699,14.446727219052493,1.116405766964007,0,0,1,0,4,restaurant,0
67.57576775212443,16,3.011366786137878,7.394616843611049,1.6045250098717974,1,1,1,0,1,restaurant,0
79.66756914023075,15,36.81219556185022,2.489672740864555,0.9489135835560636,1,1,0,1,5,grocery,0
145.72658468878922,21,24.422276701121138,0.839673133527463,0.8315385450843261,1,1,1,0,3,grocery,0
11.39108047397291,18,6.242460773562936,1.8587850658204164,0.8004346361529532,1,1,1,0,2,retail,0
42.251812597085305,18,4.2246106885228585,1.0010418827092988,0.796320836599735,1,1,1,0,5,retail,0
149.93185023848605,7,19.49238179187227,3.576118040758962,1.25876631715818,0,1,0,0,2,grocery,0
96.61105104075449,13,5.096186591335634,23.077513976129318,1.42008859994695,1,1,1,0,3,restaurant,0
27.168048368960605,8,6.112353706742219,9.84924698174414,1.3065973849879646,0,1,1,0,2,retail,0
19.8883276002936,9,5.951419215975806,5.399468738573672,0.5927514521934749,1,1,1,0,1,retail,0
88.26091800568551,21,1.2076942741325434,5.0324344564182795,0.8142121236917893,0,0,1,0,5,grocery,0
9.936660354960482,15,5.433483159708993,8.446722371158163,1.0686278522183024,0,1,0,0,2,retail,0
4.699762145986997,10,6.931142443120198,4.142901946348685,1.4276721724498698,1,1,1,0,3,restaurant,0
21.663562300543994,20,2.264890240569662,4.756986068028771,1.4117821910214636,1,0,1,0,3,grocery,0
41.18752954241196,10,26.376194973239016,1.4962461911341098,1.1937681893214087,0,1,1,0,2,retail,0
82.1374621284864,19,1.020723481772765,6.376037479180816,1.156183039240452,1,1,1,1,3,grocery,0
63.0719082033324,16,27.980163553490858,2.9641505864684463,1.4314358639524296,1,1,1,0,4,grocery,0
10.98937820813311,15,12.364243521732714,4.607766343228087,0.9042905103880842,1,1,1,0,4,travel,0
194.96635517435604,6,1.2942953087969877,1.167328300247556,0.7751255824609227,1,1,1,0,1,retail,0
70.4305441128192,12,2.745630329768391,2.9765855630935976,0.9136264833801562,1,1,0,0,5,restaurant,0
483.78539282299346,22,86.29107949133207,41.41351011177643,3.095912880998413,1,1,0,0,5,online,1
101.28719549166009,8,2.1866107221262423,4.735549435135715,1.2086004725805664,1,1,1,0,5,restaurant,0
106.78563553154645,20,7.315402021088262,0.11654512626418925,0.6126675887456139,1,1,0,0,4,restaurant,0
100.1653978297621,16,6.17819466452339,0.154223619095645,1.0921892653815883,1,1,1,0,2,grocery,0
132.96767860258535,21,5.382305326028353,6.521018452194163,1.1091795198524448,0,1,1,0,3,grocery,0
5.467044687225528,21,0.873048175202703,4.083319580028566,0.4567710036576197,1,1,0,1,4,retail,0
568.8741090441482,0,229.78859038536922,10.012737585944027,1.9995101743257502,0,0,0,1,13,online,1
54.967401033663165,8,0.6889139160310378,0.5193242639906979,0.9270868850651038,0,1,0,1,1,travel,0
27.36858086588832,18,9.378185468877577,6.909479375446834,0.816616570472259,1,1,1,1,1,travel,0
157.45830660150028,23,17.171215665944683,16.81673758715752,5.538360103255476,0,0,0,1,10,entertainment,1
163.63044266309777,16,3.696542586017971,4.993475368626478,1.5480310000306572,1,1,0,0,2,restaurant,0
49.903893597329514,22,5.4742349019361445,14.904299058150132,1.6899333602891984,1,1,1,0,1,grocery,0
193.83968821938097,4,82.37161338816648,24.13653613076984,1.7303641602335222,0,1,0,1,10,online,1
7.037718904315284,15,8.107905930103346,3.4204381393751833,1.3195583544731262,1,1,1,0,3,restaurant,0
5.291726647383927,10,1.5048595888490004,5.67374509151729,0.9333665162951651,1,1,1,0,5,restaurant,0
13.18810189914444,6,0.9312726886440005,0.9467251790233155,0.49038363867201906,1,1,1,0,2,grocery,0
79.00263261024924,16,9.598619345694782,1.8029056298044805,0.7222168398244821,1,1,0,0,2,restaurant,0
31.8977457620764,15,8.797715613753283,5.020676853494276,0.9859868917724488,0,1,1,0,4,grocery,0
62.27985016158531,12,18.190212628215537,1.8783303756805048,0.9341152665553054,1,1,0,0,4,travel,0
15.246801869332604,14,14.54166533261194,5.051639378629678,0.6647880019086998,1,0,1,0,1,restaurant,0
212.7469492376613,21,13.00243852748196,3.1084117784973433,0.7177031290240965,1,1,1,0,2,grocery,0
18.7918290067563,6,4.268496817921281,4.02691696981625,0.7882861068937213,1,1,1,0,4,retail,0
1.0,11,8.278329855036286,1.1984126500503458,1.1373753667109026,0,1,0,1,5,restaurant,0
53.53164992889344,14,10.281358157244894,3.460015146731667,0.7292855539904891,1,1,0,1,4,entertainment,0
7.4985488877016415,6,5.495724681241115,2.1472555009068546,0.7313808577209662,1,1,0,0,1,grocery,0
48.65296231618405,20,14.79823127579597,4.336321917605078,0.597190080945162,1,0,1,0,4,retail,0
154.2709460243002,20,59.5328550824523,3.5829774013784004,0.8060541470408698,1,1,1,0,3,restaurant,0
15.45913866634878,9,8.952141273983136,6.539236165184637,1.2257555814148051,1,1,0,0,5,retail,0
99.50662253477455,21,10.944099040358388,8.083078210198668,0.9685408473096109,1,1,1,0,2,grocery,0
46.494517743006426,9,10.739892165989296,4.500263171068096,0.9372439966799087,1,1,1,1,1,grocery,0
11.728969772649238,22,3.4672023814680624,0.1,1.4298825631416794,1,1,1,0,3,grocery,0
31.394335275455028,16,13.25423808544004,1.683436148176716,1.2653665015191138,1,0,0,0,3,grocery,0
144.68899026873453,6,0.48042174883387606,5.705011454771594,1.2579821338400625,1,0,0,0,4,retail,0
213.69835560016995,21,7.390472823906346,4.788421647095405,0.8195659745139835,1,1,0,0,4,grocery,0
12.992973944847572,18,18.877387215315096,6.014128261115373,1.4004115396723278,0,1,0,0,4,restaurant,0
265.2423676624636,12,12.055604016303558,7.786808391476473,0.7115234057873173,1,0,0,1,2,travel,0
8.559752114875947,18,5.8767971856958265,4.885054841966679,0.9342111020438667,1,1,0,1,1,restaurant,0
121.20758274611634,12,0.6096030341776666,7.18037252152424,1.0736880367666657,1,1,0,0,2,grocery,0
55.12422074550801,18,3.384196850318552,4.321656017348929,0.962587044769503,1,0,1,0,2,retail,0
142.88952439429616,4,25.081839051562124,5.026543025213577,5.514258007004872,0,0,0,0,13,restaurant,1
43.0380251560085,6,3.4285183969376214,5.402382996180876,0.8743375961117079,1,1,1,0,3,restaurant,0
29.6303441243488,22,26.75942578659832,4.402111462314347,1.0471698297066974,1,1,1,0,4,retail,0
31.492996421833006,10,4.5790694481199505,8.636320836351246,0.9732382816530886,1,1,1,0,1,entertainment,0
30.747241721562748,12,13.88273857010162,5.250690868300496,0.8479108138912842,1,0,0,0,2,grocery,0
60.669855762665065,14,4.343993117263215,16.054195290495198,0.508340583447449,0,1,1,1,5,entertainment,0
55.39074365025535,14,12.10324077257171,2.443429049123628,0.7512401205270018,1,0,1,0,1,retail,0
46.05997486107255,18,35.225736827815396,2.5241378403195904,0.8612538906924065,1,1,0,0,2,online,0
50.0,22,5.0,3.2573555097687223,3.168329842719271,0,0,0,1,14,online,1
126.80807048096943,17,3.915132882043644,2.311367364575743,0.5647417727193762,1,1,1,1,3,retail,0
51.36740708925239,8,0.6518430279225602,9.382924980498345,1.0023707032061155,0,1,1,1,1,grocery,0
14.461382074425995,13,7.828421143930097,12.42053939139475,1.1227344559766586,1,1,1,1,3,entertainment,0
69.48916188980581,13,18.485015896749417,2.906040628017612,0.6692703727577252,1,1,1,0,2,travel,0
75.66903191947962,15,4.122526701275558,3.609140040488237,0.9486553334443012,1,0,1,1,1,grocery,0
23.94924659962554,20,2.0483188562380503,9.441485072533247,0.5146420066034785,1,1,1,0,2,entertainment,0
255.99536702292735,7,4.266198383481131,0.1,1.054580748772213,1,1,0,0,5,retail,0
148.4682783225029,15,50.0672210678035,8.768448231500177,0.7266310543739428,1,1,1,0,2,grocery,0
45.47394854600551,9,0.6668761357053931,3.2791957022019353,1.0767944730495997,1,1,1,0,2,grocery,0
1.7781611884801323,6,26.712229627781436,13.601077350402026,0.33757885931938825,1,1,1,0,1,grocery,0
138.24925289155854,16,26.092988387417172,4.962885543065703,0.8808871175259178,1,1,0,0,4,grocery,0
54.239730349813165,12,6.651884288844236,3.777861281147969,0.5538514848430383,1,1,1,0,2,retail,0
42.5663483322084,16,24.036636436178785,0.7964704504240204,1.490534736303783,1,1,1,0,3,online,0
230.2702508793049,9,9.55321121931368,7.418709969243274,0.1787873519955584,1,1,0,1,4,restaurant,0
63.982126213282854,14,1.3361281245396308,1.7962000326132759,0.48445241946589723,0,1,0,0,4,entertainment,0
43.18799315673946,6,7.2280833798939215,2.7763464774689868,1.296433357841725,1,0,1,0,2,travel,0
53.029137166220316,4,121.55604814807604,58.70663213102446,4.128661569390202,0,0,0,0,5,online,1
58.55640972678604,15,29.421512554220715,1.028408475040506,1.1266099641220593,1,1,1,0,5,restaurant,0
318.3260943073346,21,27.859540995282096,0.899671565746498,1.2104285090488918,1,1,1,0,5,travel,0
30.489605962554307,21,14.42435741825405,3.3042973293627136,1.4355875735485266,1,1,0,0,1,grocery,0
130.1604024925373,14,16.88181367225316,7.219648217925295,1.2196900188318118,1,1,0,1,1,retail,0
113.023744223529,19,10.604674563797701,0.8583362747005013,1.2300113838210527,1,1,1,0,1,grocery,0
26.384227210739937,21,0.193116254935009,35.27592093275638,0.7370705545658778,1,1,0,0,2,entertainment,0
131.35838306945058,12,3.313798989716177,1.2282148842820761,1.4183959560984367,0,1,1,0,1,travel,0
14.539497864286817,19,15.075214887455704,5.698892667189076,1.0167519334024713,0,1,1,0,5,entertainment,0
38.652228183583055,15,3.249783381205079,2.949288731366271,0.7091404727365,1,1,0,1,4,grocery,0
32.869001405343205,19,16.338605500003403,1.0710665820150398,0.8396705922276141,0,1,1,0,4,grocery,0
39.25103891951587,11,9.051515285012403,5.39136037443712,0.7010253543184513,1,1,1,0,1,online,0
101.03597940874634,18,14.227784911749445,6.747070491576391,1.1296549218508314,1,1,1,1,2,retail,0
174.762080675685,16,1.75826863171215,5.897815829669144,0.694980672559354,0,0,1,1,5,restaurant,0
92.12817221664733,9,1.2178714833636592,3.9102317465046,1.305914444490425,1,0,0,1,4,restaurant,0
279.2446029736886,2,145.59873201430602,47.775233953522694,2.6785121666786504,0,0,1,1,3,travel,1
2.1975886307552077,14,3.066751581587371,2.5170525528380105,1.0989333574865918,1,1,0,0,1,grocery,0
80.66304995188007,9,1.4184024362007785,2.4949747732607785,1.211628790782965,1,1,1,0,1,online,0
91.3006488577837,18,7.2030066536341995,3.129374618675695,1.0257882499387874,1,1,1,0,4,restaurant,0
6.471855473720945,18,44.00561778572219,3.038968871037255,1.598002751414243,1,1,1,0,3,entertainment,0
129.41478189314077,9,2.9765429030934305,10.453399793675143,0.7496547583693237,1,1,0,0,3,restaurant,0
60.322461426220826,16,18.332889902389688,6.448076519799364,0.7694303865094339,1,0,1,0,1,restaurant,0
1.0,19,4.462852423797949,21.4020855449277,1.3376415885712771,0,1,1,0,2,retail,0
15.932226031028002,20,32.910839175383295,16.81704852583148,1.3656571498037136,1,1,1,0,4,entertainment,0
481.3824828792901,2,45.35949466750008,41.25568003827969,6.402003510684398,0,0,0,1,12,grocery,1
111.11792042305848,12,9.959761609772332,1.6644514876913497,1.034739779956197,1,1,1,1,5,restaurant,0
7.6840587685322586,17,17.543300357333646,1.9978383497907939,1.2225908934350131,1,1,0,0,5,grocery,0
13.137679297997343,19,0.5539310654091932,9.462942401065675,1.3433933552070219,1,0,1,0,5,restaurant,0
80.04029981854171,6,13.074973265604724,3.0449299510731356,1.362554658174201,0,1,1,0,3,grocery,0
2.7195925462789394,15,14.3009841368238,0.37302436118508164,1.12358780383127,1,0,0,0,1,online,0
33.268269714673224,22,6.1399027107399675,12.405652563442242,0.7367304753333138,1,1,1,1,2,restaurant,0
242.61238050107735,1,134.4323651742833,20.20395621594331,2.7465139974542767,1,0,0,0,4,retail,1
145.92036614906056,20,5.741481495401549,0.5538702364002591,0.6618039828952519,1,0,1,0,5,restaurant,0
41.90585890325358,15,28.307994243284405,11.261547423278394,1.3452460142257427,1,1,0,0,3,retail,0
28.231597179617026,17,2.4887301929119268,4.017885425872376,0.8683605308772537,1,1,0,0,1,grocery,0
25.297087282605276,9,8.81814860343113,9.118066576200532,0.27909654364673786,1,1,1,0,4,online,0
47.76864037869498,17,9.324874199433873,6.4883496934350156,0.8537213862673457,1,1,1,0,4,restaurant,0
39.95181477733339,20,17.689767954200047,2.1959568969263903,1.1157067523984747,1,0,1,0,5,travel,0
11.735329009226184,12,5.620132180998462,3.0534816894352335,0.6627428452837316,1,1,0,0,4,entertainment,0
97.78746244831873,22,14.819527941554202,8.63467390404289,1.0870342728390885,1,1,1,0,4,restaurant,0
35.64588164809199,21,12.176763907043657,1.0323892858737942,1.3976405709751871,1,1,0,0,1,retail,0
12.993743193633293,21,10.793627481134376,0.42321316463943237,1.2712503743843875,1,1,1,1,5,restaurant,0
647.9934217724365,4,162.4157659415671,51.96174602312894,1.3531034771231951,0,0,1,0,8,retail,1
176.39964851028563,10,11.020619503748213,6.014844270715566,0.9840060847722448,0,0,1,0,3,restaurant,0
20.40800355187804,9,12.329265084742925,3.2780994621002195,1.176339849217639,1,0,1,1,4,restaurant,0
148.19460854287888,16,2.776911395226342,5.246569296548356,0.9868606780755608,1,1,1,0,3,retail,0
541.1125248069926,1,5.0,9.644572370069636,3.4478122992882247,0,0,0,1,8,online,1
40.17666647820118,14,2.0196227689420847,4.154874147346138,0.7966656112832688,1,0,1,0,2,retail,0
22.67649384731964,15,22.98445836170726,1.057274839774481,0.755133972282185,0,1,1,0,3,entertainment,0
9.580030593313179,12,9.61631295693243,10.325896257860878,1.2079382592735843,1,0,1,0,5,retail,0
158.69219384529248,8,14.210959624294093,2.9522395800767636,0.7290554579457234,1,1,0,0,5,entertainment,0
12.126630018700155,11,19.27801688500994,0.8588611206482543,1.2430142222875247,1,1,1,0,5,retail,0
69.99381631432344,17,6.012655873761583,10.314397824135495,0.8666565370315638,0,1,1,0,2,retail,0
202.25552053974218,20,9.417837822211258,0.9714381627686662,1.1181513778471874,0,1,0,1,2,grocery,0
111.67457482525235,9,2.1021366757445143,12.405321421388392,1.3357041967092114,1,1,0,1,4,restaurant,0
25.576807565699553,7,4.061275158560908,4.958593706871135,1.3253103062503466,0,1,1,0,1,retail,0
129.97464159723387,9,25.489270327613085,1.0365591820480742,1.6234741981843324,1,1,1,0,1,online,0
52.30470790240101,14,4.283060784535245,5.740521483983563,1.2483371332586972,1,1,1,0,2,retail,0
7.331912778063934,7,30.213536965215837,1.2205317302941663,0.7061032545245904,1,1,0,1,1,online,0
122.521069991519,10,58.60239727938311,2.0216958897276642,0.8954018484172064,1,1,1,0,3,entertainment,0
16.778293997066843,17,4.755197560152578,16.295789455982273,0.9843901355818554,1,1,0,0,4,retail,0
143.0997019354334,12,12.254661737918116,1.602604882792193,1.4587112950726626,1,1,0,1,3,retail,0
228.7903329881635,20,1.9603428462695518,1.1681312941889523,0.5499142605928085,1,1,1,0,5,grocery,0
22.15016363503225,16,2.604806749365273,6.676143683464164,0.7413690448448617,1,1,1,0,2,travel,0
718.6292427370813,0,23.320053515790647,7.253601764615629,7.135489776361084,0,0,1,0,4,retail,1
12.716161253426012,8,0.8109484036582649,10.513305482095278,1.023892092992905,1,1,1,0,3,retail,0
98.43495204819634,11,4.845327146540422,2.3662031668430448,0.7852191301651595,1,1,1,0,2,retail,0
1.0986978526926592,9,3.909898338615629,1.437806727698242,1.3161660589379125,1,1,0,1,1,entertainment,0
6.398129979165766,13,2.15788837759012,6.086444807319808,1.0981856038491338,1,1,1,1,1,restaurant,0
451.0992704161718,0,68.90804048444399,73.99935941938234,3.442653453632377,0,1,0,1,6,entertainment,1
98.21512444523215,18,21.821102765183067,2.5961500076525716,0.5330057754784938,1,1,0,0,2,retail,0
55.162585631577784,6,9.81876200105665,0.8773788188407636,0.903280951441179,1,1,0,0,5,grocery,0
169.08009791494317,6,2.4689935199898976,6.552752185668286,0.9129772997635555,0,1,1,0,4,travel,0
66.51749043917336,21,12.014393310663964,5.59564514735081,1.1958387350693416,1,0,0,0,5,grocery,0
8.65223981322197,19,11.041672332473112,6.752985031573661,0.5865610210133887,1,1,0,0,2,travel,0
356.33728343381733,15,14.558745416402799,1.1648887716526992,0.752967406777919,1,1,0,0,3,retail,0
130.85203728173676,13,14.756537093348182,1.7502873405134969,1.0242107084248158,0,1,1,0,3,retail,0
76.37545122946025,15,0.563204118537649,1.4580032255681032,1.352901901854007,0,1,1,0,3,entertainment,0
27.219757191888934,19,7.1515970465864696,1.7238863663952393,0.6054675328526324,1,1,1,0,2,grocery,0
1.6261536803395642,19,16.05168982155129,5.603947895698598,1.3714525478250517,1,1,1,0,2,grocery,0
137.74463708328025,13,1.9689133749274736,1.137346033237916,0.7225230938864051,1,1,1,1,5,travel,0
158.44852346691607,11,15.725647958559172,9.176102606897723,1.0398744747674444,1,1,1,0,4,entertainment,0
18.461179511018866,15,1.4961230230704226,5.865782834337287,1.2064055823970183,0,1,1,0,1,grocery,0
194.26871017054677,17,17.155991260754064,2.3764201497105404,0.7662805957187637,0,1,1,1,1,entertainment,0
21.6318110275721,7,2.822343284763664,4.119149885857613,0.7908146707656137,1,1,1,0,4,entertainment,0
26.917532593644697,21,5.213386938691644,8.60242480887112,0.9901503378258079,0,1,1,0,1,grocery,0
55.59215448108742,14,0.14547406509806232,1.2343479487325524,1.3277115586614316,1,1,1,0,4,entertainment,0
90.43901971569655,12,18.372558384277582,0.13695063050587358,0.8364184214602968,1,1,1,0,5,grocery,0
96.53369346481335,8,7.08164166669055,9.963921926452246,0.6502404984745316,1,1,0,0,1,travel,0
12.014706699824591,12,3.927381942397054,0.9758820501486287,0.9496452474183867,1,1,1,0,1,travel,0
119.52020748786978,13,28.040153731542226,4.600912093912915,1.1315446824956654,1,1,1,0,4,retail,0
30.93682648502761,7,9.34027701681426,0.5274389779879683,1.2740409292649577,1,1,1,1,4,retail,0
